[
    {
        "user": "U23DZ7FHV",
        "text": "<@U23DZ7FHV|diegoalejogm> has joined the channel",
        "type": "message",
        "subtype": "channel_join",
        "ts": "1486572999.000002"
    },
    {
        "user": "U273A3E21",
        "inviter": "U23DZ7FHV",
        "text": "<@U273A3E21|estebanvargas> has joined the channel",
        "type": "message",
        "subtype": "channel_join",
        "ts": "1486573022.000003"
    },
    {
        "user": "U23D3AF8E",
        "inviter": "U23DZ7FHV",
        "text": "<@U23D3AF8E|cgarciah> has joined the channel",
        "type": "message",
        "subtype": "channel_join",
        "ts": "1486573022.000004"
    },
    {
        "user": "U23DAGRHT",
        "inviter": "U23DZ7FHV",
        "text": "<@U23DAGRHT|scvalencia> has joined the channel",
        "type": "message",
        "subtype": "channel_join",
        "ts": "1486573022.000005"
    },
    {
        "user": "U248PK4UB",
        "inviter": "U23DZ7FHV",
        "text": "<@U248PK4UB|diegomontoyas> has joined the channel",
        "type": "message",
        "subtype": "channel_join",
        "ts": "1486573022.000006"
    },
    {
        "user": "U3HHPGYFP",
        "inviter": "U23DZ7FHV",
        "text": "<@U3HHPGYFP|meili> has joined the channel",
        "type": "message",
        "subtype": "channel_join",
        "ts": "1486573022.000007"
    },
    {
        "user": "U3X9A71NX",
        "inviter": "U23DZ7FHV",
        "text": "<@U3X9A71NX|claudiabm777> has joined the channel",
        "type": "message",
        "subtype": "channel_join",
        "ts": "1486573022.000008"
    },
    {
        "user": "U23E6TXLN",
        "inviter": "U23DZ7FHV",
        "text": "<@U23E6TXLN|jcbages> has joined the channel",
        "type": "message",
        "subtype": "channel_join",
        "ts": "1486573022.000009"
    },
    {
        "user": "U3XSJ0AAJ",
        "inviter": "U23DZ7FHV",
        "text": "<@U3XSJ0AAJ|romsearcher_ai> has joined the channel",
        "type": "message",
        "subtype": "channel_join",
        "ts": "1486573022.000010"
    },
    {
        "user": "U3Y1DECNN",
        "inviter": "U23DZ7FHV",
        "text": "<@U3Y1DECNN|andfoy2> has joined the channel",
        "type": "message",
        "subtype": "channel_join",
        "ts": "1486573022.000011"
    },
    {
        "type": "message",
        "user": "U23DZ7FHV",
        "text": "<https:\/\/www.kaggle.com\/hugodarwood\/celebrity-deaths>",
        "attachments": [
            {
                "title": "Celebrity Deaths",
                "title_link": "https:\/\/www.kaggle.com\/hugodarwood\/celebrity-deaths",
                "text": "All wikipedia-listed celebrity deaths from 2006",
                "fallback": "Celebrity Deaths",
                "thumb_url": "https:\/\/kaggle2.blob.core.windows.net\/datasets-images\/597\/1133\/52c0cd3db2b9415a210eba728fda2e98\/dataset-card.jpg",
                "from_url": "https:\/\/www.kaggle.com\/hugodarwood\/celebrity-deaths",
                "thumb_width": 600,
                "thumb_height": 600,
                "service_icon": "https:\/\/www.kaggle.com\/favicon.ico",
                "service_name": "kaggle.com",
                "id": 1
            }
        ],
        "ts": "1486573024.000012"
    },
    {
        "type": "message",
        "user": "U23DZ7FHV",
        "text": "<https:\/\/www.kaggle.com\/datasets>",
        "ts": "1486575909.000014"
    }
]