[
    {
        "type": "message",
        "user": "U23DAGRHT",
        "text": "No lo he le\u00eddo, pero tiene buenos reviews: <https:\/\/arxiv.org\/pdf\/1606.02396.pdf>",
        "thread_ts": "1486477314.000002",
        "reply_count": 2,
        "replies": [
            {
                "user": "U23DZ7FHV",
                "ts": "1486481204.000003"
            },
            {
                "user": "U23DAGRHT",
                "ts": "1486486390.000002"
            }
        ],
        "ts": "1486477314.000002",
        "reactions": [
            {
                "name": "+1",
                "users": [
                    "U23DZ7FHV"
                ],
                "count": 1
            }
        ]
    },
    {
        "type": "message",
        "user": "U23DZ7FHV",
        "text": "<@U23DAGRHT> d\u00f3nde lo encontraste?",
        "thread_ts": "1486477314.000002",
        "parent_user_id": "U23DAGRHT",
        "ts": "1486481204.000003"
    },
    {
        "type": "message",
        "user": "U23DAGRHT",
        "text": "Hacker News",
        "thread_ts": "1486477314.000002",
        "parent_user_id": "U23DAGRHT",
        "ts": "1486486390.000002"
    }
]