[
    {
        "user": "U23DZ7FHV",
        "text": "<@U23DZ7FHV|diegoalejogm> has joined the channel",
        "type": "message",
        "subtype": "channel_join",
        "ts": "1483383235.000002"
    },
    {
        "user": "U23D2HSJ2",
        "inviter": "U23DZ7FHV",
        "text": "<@U23D2HSJ2|andfoy> has joined the channel",
        "type": "message",
        "subtype": "channel_join",
        "ts": "1483383235.000003"
    },
    {
        "user": "U23D3AF8E",
        "inviter": "U23DZ7FHV",
        "text": "<@U23D3AF8E|cgarciah> has joined the channel",
        "type": "message",
        "subtype": "channel_join",
        "ts": "1483383235.000004"
    },
    {
        "user": "U248PK4UB",
        "inviter": "U23DZ7FHV",
        "text": "<@U248PK4UB|diegomontoyas> has joined the channel",
        "type": "message",
        "subtype": "channel_join",
        "ts": "1483383235.000005"
    },
    {
        "user": "U273A3E21",
        "inviter": "U23DZ7FHV",
        "text": "<@U273A3E21|estebanvargas> has joined the channel",
        "type": "message",
        "subtype": "channel_join",
        "ts": "1483383235.000006"
    },
    {
        "user": "U23E6TXLN",
        "inviter": "U23DZ7FHV",
        "text": "<@U23E6TXLN|jcbages> has joined the channel",
        "type": "message",
        "subtype": "channel_join",
        "ts": "1483383235.000007"
    },
    {
        "user": "U3HHPGYFP",
        "inviter": "U23DZ7FHV",
        "text": "<@U3HHPGYFP|meili> has joined the channel",
        "type": "message",
        "subtype": "channel_join",
        "ts": "1483383236.000008"
    },
    {
        "user": "U23DAGRHT",
        "inviter": "U23DZ7FHV",
        "text": "<@U23DAGRHT|scvalencia> has joined the channel",
        "type": "message",
        "subtype": "channel_join",
        "ts": "1483383236.000009"
    },
    {
        "type": "message",
        "subtype": "file_share",
        "text": "<@U23DZ7FHV|diegoalejogm> uploaded a file: <https:\/\/ai-society.slack.com\/files\/diegoalejogm\/F3M6P1KDM\/1502.03044v2.pdf|CaptionGeneration.pdf> and commented: Neural Image Caption Generation with Visual Attention",
        "file": {
            "id": "F3M6P1KDM",
            "created": 1483383278,
            "timestamp": 1483383278,
            "name": "1502.03044v2.pdf",
            "title": "CaptionGeneration.pdf",
            "mimetype": "application\/pdf",
            "filetype": "pdf",
            "pretty_type": "PDF",
            "user": "U23DZ7FHV",
            "editable": false,
            "size": 9582524,
            "mode": "hosted",
            "is_external": false,
            "external_type": "",
            "is_public": true,
            "public_url_shared": false,
            "display_as_bot": false,
            "username": "",
            "url_private": "https:\/\/files.slack.com\/files-pri\/T23D2HSEA-F3M6P1KDM\/1502.03044v2.pdf?t=xoxe-71444604486-139137108116-139058809970-55720f8321",
            "url_private_download": "https:\/\/files.slack.com\/files-pri\/T23D2HSEA-F3M6P1KDM\/download\/1502.03044v2.pdf?t=xoxe-71444604486-139137108116-139058809970-55720f8321",
            "permalink": "https:\/\/ai-society.slack.com\/files\/diegoalejogm\/F3M6P1KDM\/1502.03044v2.pdf",
            "permalink_public": "https:\/\/slack-files.com\/T23D2HSEA-F3M6P1KDM-693812457c",
            "channels": [
                "C3LFS9WGJ"
            ],
            "groups": [],
            "ims": [],
            "comments_count": 2,
            "initial_comment": {
                "id": "Fc3KR7G85P",
                "created": 1483383278,
                "timestamp": 1483383278,
                "user": "U23DZ7FHV",
                "is_intro": true,
                "comment": "Neural Image Caption Generation with Visual Attention",
                "channel": ""
            }
        },
        "user": "U23DZ7FHV",
        "upload": true,
        "display_as_bot": false,
        "username": "<@U23DZ7FHV|diegoalejogm>",
        "bot_id": null,
        "ts": "1483383280.000010"
    },
    {
        "type": "message",
        "subtype": "file_comment",
        "text": "<@U23DZ7FHV|diegoalejogm> commented on <@U23DZ7FHV|diegoalejogm>\u2019s file <https:\/\/ai-society.slack.com\/files\/diegoalejogm\/F3M6P1KDM\/1502.03044v2.pdf|CaptionGeneration.pdf>: <https:\/\/arxiv.org\/pdf\/1502.03044v2.pdf>",
        "file": {
            "id": "F3M6P1KDM",
            "created": 1483383278,
            "timestamp": 1483383278,
            "name": "1502.03044v2.pdf",
            "title": "CaptionGeneration.pdf",
            "mimetype": "application\/pdf",
            "filetype": "pdf",
            "pretty_type": "PDF",
            "user": "U23DZ7FHV",
            "editable": false,
            "size": 9582524,
            "mode": "hosted",
            "is_external": false,
            "external_type": "",
            "is_public": true,
            "public_url_shared": false,
            "display_as_bot": false,
            "username": "",
            "url_private": "https:\/\/files.slack.com\/files-pri\/T23D2HSEA-F3M6P1KDM\/1502.03044v2.pdf?t=xoxe-71444604486-139137108116-139058809970-55720f8321",
            "url_private_download": "https:\/\/files.slack.com\/files-pri\/T23D2HSEA-F3M6P1KDM\/download\/1502.03044v2.pdf?t=xoxe-71444604486-139137108116-139058809970-55720f8321",
            "permalink": "https:\/\/ai-society.slack.com\/files\/diegoalejogm\/F3M6P1KDM\/1502.03044v2.pdf",
            "permalink_public": "https:\/\/slack-files.com\/T23D2HSEA-F3M6P1KDM-693812457c",
            "channels": [
                "C3LFS9WGJ"
            ],
            "groups": [],
            "ims": [],
            "comments_count": 2,
            "initial_comment": {
                "id": "Fc3KR7G85P",
                "created": 1483383278,
                "timestamp": 1483383278,
                "user": "U23DZ7FHV",
                "is_intro": true,
                "comment": "Neural Image Caption Generation with Visual Attention",
                "channel": ""
            }
        },
        "comment": {
            "id": "Fc3LJBNRBP",
            "created": 1483383294,
            "timestamp": 1483383294,
            "user": "U23DZ7FHV",
            "is_intro": false,
            "comment": "<https:\/\/arxiv.org\/pdf\/1502.03044v2.pdf>",
            "channel": ""
        },
        "is_intro": false,
        "ts": "1483383294.000011"
    },
    {
        "type": "message",
        "subtype": "file_share",
        "text": "<@U23DZ7FHV|diegoalejogm> uploaded a file: <https:\/\/ai-society.slack.com\/files\/diegoalejogm\/F3LJBSCER\/1611.05763v2.pdf|ReinforcementLearn.pdf> and commented: Learning to Reinforcement Learn (DeepMind)\n<https:\/\/arxiv.org\/pdf\/1611.05763v2.pdf>",
        "file": {
            "id": "F3LJBSCER",
            "created": 1483383325,
            "timestamp": 1483383325,
            "name": "1611.05763v2.pdf",
            "title": "ReinforcementLearn.pdf",
            "mimetype": "application\/pdf",
            "filetype": "pdf",
            "pretty_type": "PDF",
            "user": "U23DZ7FHV",
            "editable": false,
            "size": 3333861,
            "mode": "hosted",
            "is_external": false,
            "external_type": "",
            "is_public": true,
            "public_url_shared": false,
            "display_as_bot": false,
            "username": "",
            "url_private": "https:\/\/files.slack.com\/files-pri\/T23D2HSEA-F3LJBSCER\/1611.05763v2.pdf?t=xoxe-71444604486-139137108116-139058809970-55720f8321",
            "url_private_download": "https:\/\/files.slack.com\/files-pri\/T23D2HSEA-F3LJBSCER\/download\/1611.05763v2.pdf?t=xoxe-71444604486-139137108116-139058809970-55720f8321",
            "permalink": "https:\/\/ai-society.slack.com\/files\/diegoalejogm\/F3LJBSCER\/1611.05763v2.pdf",
            "permalink_public": "https:\/\/slack-files.com\/T23D2HSEA-F3LJBSCER-912b6a0f76",
            "channels": [
                "C3LFS9WGJ"
            ],
            "groups": [],
            "ims": [],
            "comments_count": 1,
            "initial_comment": {
                "id": "Fc3KQDT5PA",
                "created": 1483383325,
                "timestamp": 1483383325,
                "user": "U23DZ7FHV",
                "is_intro": true,
                "comment": "Learning to Reinforcement Learn (DeepMind)\n<https:\/\/arxiv.org\/pdf\/1611.05763v2.pdf>",
                "channel": ""
            }
        },
        "user": "U23DZ7FHV",
        "upload": true,
        "display_as_bot": false,
        "username": "<@U23DZ7FHV|diegoalejogm>",
        "bot_id": null,
        "ts": "1483383326.000012"
    }
]