[
    {
        "type": "message",
        "user": "U23DAGRHT",
        "text": "<http:\/\/www.nature.com\/polopoly_fs\/1.21398!\/menu\/main\/topColumns\/topLeftColumn\/pdf\/542016a.pdf>",
        "ts": "1486560110.000002"
    },
    {
        "type": "message",
        "user": "U23DAGRHT",
        "text": "Astronomers explore uses for AI-generated images",
        "ts": "1486560120.000003"
    },
    {
        "type": "message",
        "user": "U23DZ7FHV",
        "text": "Multi-player alpha-beta prunning <http:\/\/www.cc.gatech.edu\/~thad\/6601-gradAI-fall2015\/Korf_Multi-player-Alpha-beta-Pruning.pdf>",
        "ts": "1486587844.000012"
    },
    {
        "type": "message",
        "user": "U23DZ7FHV",
        "text": "TensorFlow: Large-Scale Machine Learning on Heterogeneous Distributed Systems\n<http:\/\/download.tensorflow.org\/paper\/whitepaper2015.pdf>",
        "ts": "1486587870.000013"
    },
    {
        "type": "message",
        "user": "U23DZ7FHV",
        "text": "XGBoost: A Scalable Tree Boosting System\n<https:\/\/arxiv.org\/pdf\/1603.02754v1.pdf>",
        "ts": "1486587909.000014"
    },
    {
        "type": "message",
        "user": "U23DZ7FHV",
        "text": "Deep Probabilistic Programming\n<https:\/\/arxiv.org\/abs\/1701.03757>",
        "edited": {
            "user": "U23DZ7FHV",
            "ts": "1486587998.000000"
        },
        "ts": "1486587979.000015"
    },
    {
        "type": "message",
        "user": "U23DZ7FHV",
        "text": "The `Star Wars' botnet with &gt;350k Twitter bots\n<https:\/\/arxiv.org\/abs\/1701.02405>",
        "ts": "1486588026.000017"
    },
    {
        "type": "message",
        "user": "U23DZ7FHV",
        "text": "SqueezeNet: AlexNet-level accuracy with 50x fewer parameters and &lt;0.5MB model size\n<https:\/\/arxiv.org\/abs\/1602.07360>",
        "ts": "1486588103.000018"
    },
    {
        "type": "message",
        "user": "U23DZ7FHV",
        "text": "The More You Know: Using Knowledge Graphs for Image Classification\n<https:\/\/arxiv.org\/abs\/1612.04844>",
        "ts": "1486588127.000019"
    },
    {
        "type": "message",
        "user": "U23DZ7FHV",
        "text": "Clustering Algorithms: A Comparative Approach\n<https:\/\/arxiv.org\/abs\/1612.08388>",
        "ts": "1486588153.000020"
    },
    {
        "type": "message",
        "user": "U23DZ7FHV",
        "text": "Clipper: A Low-Latency Online Prediction Serving System\n<https:\/\/arxiv.org\/abs\/1612.03079>",
        "ts": "1486588181.000021"
    },
    {
        "type": "message",
        "user": "U23DZ7FHV",
        "text": "Universal Intelligence: A Definition of Machine Intelligence\n<https:\/\/arxiv.org\/abs\/0712.3329>",
        "ts": "1486588201.000022"
    },
    {
        "type": "message",
        "user": "U23DZ7FHV",
        "text": "DeepStack: Expert-Level Artificial Intelligence in No-Limit Poker\n<https:\/\/arxiv.org\/abs\/1701.01724>",
        "ts": "1486588227.000023"
    },
    {
        "type": "message",
        "user": "U23DZ7FHV",
        "text": "The Predictron: End-To-End Learning and Planning\n<https:\/\/arxiv.org\/abs\/1612.08810>",
        "thread_ts": "1486588254.000024",
        "reply_count": 1,
        "replies": [
            {
                "user": "U23DZ7FHV",
                "ts": "1486588461.000029"
            }
        ],
        "ts": "1486588254.000024"
    },
    {
        "type": "message",
        "user": "U23DZ7FHV",
        "text": "NIPS 2016 Tutorial: Generative Adversarial Networks :slightly_smiling_face:\n<https:\/\/arxiv.org\/abs\/1701.00160>",
        "edited": {
            "user": "U23DZ7FHV",
            "ts": "1486588410.000000"
        },
        "ts": "1486588293.000025"
    },
    {
        "type": "message",
        "user": "U23DZ7FHV",
        "text": "Learning from Simulated and Unsupervised Images through Adversarial Training (SimGans) \u2014&gt; @Apple :apple:\n<https:\/\/arxiv.org\/pdf\/1612.07828v1.pdf>",
        "ts": "1486588352.000026"
    },
    {
        "type": "message",
        "user": "U23DZ7FHV",
        "text": "End to End Learning for Self-Driving Cars (NVIDIA) :video_game:\n<https:\/\/arxiv.org\/pdf\/1604.07316.pdf>",
        "ts": "1486588391.000027"
    },
    {
        "type": "message",
        "user": "U23DZ7FHV",
        "text": "<https:\/\/github.com\/zhongwen\/predictron>",
        "attachments": [
            {
                "service_name": "GitHub",
                "title": "zhongwen\/predictron",
                "title_link": "https:\/\/github.com\/zhongwen\/predictron",
                "text": "predictron - Tensorflow implementation of \"The Predictron: End-To-End Learning and Planning\"",
                "fallback": "GitHub: zhongwen\/predictron",
                "thumb_url": "https:\/\/avatars0.githubusercontent.com\/u\/409579?v=3&s=400",
                "from_url": "https:\/\/github.com\/zhongwen\/predictron",
                "thumb_width": 420,
                "thumb_height": 420,
                "service_icon": "https:\/\/github.com\/apple-touch-icon.png",
                "id": 1
            }
        ],
        "thread_ts": "1486588254.000024",
        "parent_user_id": "U23DZ7FHV",
        "ts": "1486588461.000029"
    },
    {
        "type": "message",
        "user": "U23DZ7FHV",
        "text": "Domain-Adversarial Training of Neural Networks\n<http:\/\/www.jmlr.org\/papers\/volume17\/15-239\/source\/15-239.pdf>",
        "ts": "1486588486.000032"
    },
    {
        "type": "message",
        "user": "U23DZ7FHV",
        "text": "Generating Videos with Scene Dynamics (MIT)\n<http:\/\/web.mit.edu\/vondrick\/tinyvideo\/>",
        "ts": "1486588506.000033",
        "reactions": [
            {
                "name": "exclamation",
                "users": [
                    "U23DZ7FHV"
                ],
                "count": 1
            }
        ]
    },
    {
        "type": "message",
        "user": "U23DZ7FHV",
        "text": "Deep learning\n<http:\/\/www.nature.com\/nature\/journal\/v521\/n7553\/full\/nature14539.html>",
        "ts": "1486588554.000037"
    },
    {
        "type": "message",
        "user": "U23DZ7FHV",
        "text": "GENERAL PURPOSE INTELLIGENCE: ARGUING THE ORTHOGONALITY THESIS\n<https:\/\/www.fhi.ox.ac.uk\/wp-content\/uploads\/Orthogonality_Analysis_and_Metaethics-1.pdf>",
        "edited": {
            "user": "U23DZ7FHV",
            "ts": "1486591762.000000"
        },
        "ts": "1486591737.000038"
    }
]