[
    {
        "user": "U23DZ7FHV",
        "text": "<@U23DZ7FHV|diegoalejogm> has joined the channel",
        "type": "message",
        "subtype": "channel_join",
        "ts": "1483201849.000002"
    },
    {
        "user": "U23D2HSJ2",
        "inviter": "U23DZ7FHV",
        "text": "<@U23D2HSJ2|andfoy> has joined the channel",
        "type": "message",
        "subtype": "channel_join",
        "ts": "1483201850.000003"
    },
    {
        "user": "U23D3AF8E",
        "inviter": "U23DZ7FHV",
        "text": "<@U23D3AF8E|cgarciah> has joined the channel",
        "type": "message",
        "subtype": "channel_join",
        "ts": "1483201850.000004"
    },
    {
        "user": "U273A3E21",
        "inviter": "U23DZ7FHV",
        "text": "<@U273A3E21|estebanvargas> has joined the channel",
        "type": "message",
        "subtype": "channel_join",
        "ts": "1483201850.000005"
    },
    {
        "user": "U248PK4UB",
        "inviter": "U23DZ7FHV",
        "text": "<@U248PK4UB|diegomontoyas> has joined the channel",
        "type": "message",
        "subtype": "channel_join",
        "ts": "1483201850.000006"
    },
    {
        "user": "U23E6TXLN",
        "inviter": "U23DZ7FHV",
        "text": "<@U23E6TXLN|jcbages> has joined the channel",
        "type": "message",
        "subtype": "channel_join",
        "ts": "1483201850.000007"
    },
    {
        "user": "U3HHPGYFP",
        "inviter": "U23DZ7FHV",
        "text": "<@U3HHPGYFP|meili> has joined the channel",
        "type": "message",
        "subtype": "channel_join",
        "ts": "1483201850.000008"
    },
    {
        "user": "U23DAGRHT",
        "inviter": "U23DZ7FHV",
        "text": "<@U23DAGRHT|scvalencia> has joined the channel",
        "type": "message",
        "subtype": "channel_join",
        "ts": "1483201850.000009"
    },
    {
        "type": "message",
        "user": "U23DZ7FHV",
        "text": "Berkeley\u2019s: Deep reinforcement learning (with policy optimization) SLIDES:\n<http:\/\/people.eecs.berkeley.edu\/~pabbeel\/nips-tutorial-policy-optimization-Schulman-Abbeel.pdf>",
        "ts": "1483201936.000010"
    },
    {
        "type": "message",
        "user": "U23DZ7FHV",
        "text": "OPEN AI: Generative adversarial networks SLIDES.\n<http:\/\/www.iangoodfellow.com\/slides\/2016-12-04-NIPS.pdf>",
        "ts": "1483202054.000011"
    },
    {
        "type": "message",
        "user": "U23DZ7FHV",
        "text": "Facebook (LeCun) Predicive Learning SLIDES:\n<https:\/\/drive.google.com\/file\/d\/0BxKBnD5y2M8NREZod0tVdW5FLTQ\/view>",
        "ts": "1483210330.000012"
    },
    {
        "type": "message",
        "subtype": "file_share",
        "text": "<@U23DZ7FHV|diegoalejogm> shared a file: <https:\/\/ai-society.slack.com\/files\/diegoalejogm\/F3LT6G90F\/lecun-20161205-nips-keynote.pdf|lecun-20161205-nips-keynote.pdf>",
        "file": {
            "id": "F3LT6G90F",
            "created": 1483210347,
            "timestamp": 1483210347,
            "name": "lecun-20161205-nips-keynote.pdf",
            "title": "lecun-20161205-nips-keynote.pdf",
            "mimetype": "application\/pdf",
            "filetype": "pdf",
            "pretty_type": "PDF",
            "user": "U23DZ7FHV",
            "editable": false,
            "size": 39458077,
            "mode": "external",
            "is_external": true,
            "external_type": "gdrive",
            "is_public": true,
            "public_url_shared": false,
            "display_as_bot": false,
            "username": "",
            "url_private": "https:\/\/drive.google.com\/file\/d\/0BxKBnD5y2M8NREZod0tVdW5FLTQ\/view",
            "permalink": "https:\/\/ai-society.slack.com\/files\/diegoalejogm\/F3LT6G90F\/lecun-20161205-nips-keynote.pdf",
            "channels": [
                "C3L90JWAH"
            ],
            "groups": [],
            "ims": [],
            "comments_count": 0
        },
        "user": "U23DZ7FHV",
        "upload": false,
        "display_as_bot": false,
        "username": "<@U23DZ7FHV|diegoalejogm>",
        "bot_id": null,
        "ts": "1483210347.000014"
    },
    {
        "type": "message",
        "user": "U23DZ7FHV",
        "text": "Bot Theory: <https:\/\/baqqer-prod.s3.amazonaws.com\/attachments\/media\/000\/000\/694\/original\/BotTheory.pdf?1481934093>",
        "ts": "1483217555.000015"
    },
    {
        "type": "message",
        "user": "U23DZ7FHV",
        "text": "(Andrew NG - BAIDU) Nuts &amp; Bolts of building ML apps w. Deep Learning:\n<https:\/\/www.dropbox.com\/s\/dyjdq1prjbs8pmc\/NIPS2016%20-%20Pages%202-6%20%281%29.pdf?dl=0>",
        "ts": "1483224409.000016"
    },
    {
        "type": "message",
        "subtype": "file_share",
        "text": "<@U23DZ7FHV|diegoalejogm> shared a file: <https:\/\/ai-society.slack.com\/files\/diegoalejogm\/F3L7GNNLS\/nips2016_-_pages_2-6__1_.pdf|NIPS2016 - Pages 2-6 (1).pdf>",
        "file": {
            "id": "F3L7GNNLS",
            "created": 1483224422,
            "timestamp": 1483224422,
            "name": "NIPS2016 - Pages 2-6 (1).pdf",
            "title": "NIPS2016 - Pages 2-6 (1).pdf",
            "mimetype": "application\/pdf",
            "filetype": "pdf",
            "pretty_type": "PDF",
            "user": "U23DZ7FHV",
            "editable": false,
            "size": 16199557,
            "mode": "external",
            "is_external": true,
            "external_type": "dropbox",
            "is_public": true,
            "public_url_shared": false,
            "display_as_bot": false,
            "username": "",
            "url_private": "https:\/\/www.dropbox.com\/s\/dyjdq1prjbs8pmc\/NIPS2016%20-%20Pages%202-6%20%281%29.pdf?dl=0",
            "permalink": "https:\/\/ai-society.slack.com\/files\/diegoalejogm\/F3L7GNNLS\/nips2016_-_pages_2-6__1_.pdf",
            "channels": [
                "C3L90JWAH"
            ],
            "groups": [],
            "ims": [],
            "comments_count": 0
        },
        "user": "U23DZ7FHV",
        "upload": false,
        "display_as_bot": false,
        "username": "<@U23DZ7FHV|diegoalejogm>",
        "bot_id": null,
        "ts": "1483224422.000018"
    }
]