[
    {
        "type": "message",
        "user": "U273A3E21",
        "text": "Ummm, escribi\u00f3 un tutorial de recommender systems",
        "thread_ts": "1486062829.000013",
        "parent_user_id": "U23DAGRHT",
        "ts": "1486139561.000022"
    },
    {
        "type": "message",
        "user": "U23DAGRHT",
        "text": "es Data Mining un subconjunto de AI?",
        "thread_ts": "1486062829.000013",
        "parent_user_id": "U23DAGRHT",
        "ts": "1486150807.000002"
    },
    {
        "type": "message",
        "user": "U23DZ7FHV",
        "text": "<@U23DAGRHT> intersecci\u00f3n. Data Mining obtener informaci\u00f3n de los datos, que es precisamente lo que se puede hacer con unsupervised learning y supervised learning.",
        "thread_ts": "1486062829.000013",
        "parent_user_id": "U23DAGRHT",
        "ts": "1486167131.000002"
    },
    {
        "type": "message",
        "user": "U23DZ7FHV",
        "text": "Lo que cambia es el fin. Data mining busca obtener informaci\u00f3n. Machine  Learning busca ensenarle a las m\u00e1quinas algo.",
        "thread_ts": "1486062829.000013",
        "parent_user_id": "U23DAGRHT",
        "ts": "1486167156.000004"
    },
    {
        "type": "message",
        "user": "U23DAGRHT",
        "text": "Un buen post podr\u00eda ser haciendo tu un revie del ML nanodegree, te suena?",
        "thread_ts": "1486062829.000013",
        "parent_user_id": "U23DAGRHT",
        "ts": "1486182512.000006"
    },
    {
        "type": "message",
        "user": "U23DAGRHT",
        "text": "*review",
        "thread_ts": "1486062829.000013",
        "parent_user_id": "U23DAGRHT",
        "ts": "1486182518.000008"
    }
]