[
    {
        "type": "message",
        "user": "U23DZ7FHV",
        "text": "YouTube 8M - DATASET: <https:\/\/research.googleblog.com\/2016\/09\/announcing-youtube-8m-large-and-diverse.html>",
        "attachments": [
            {
                "service_name": "Research Blog",
                "title": "Announcing YouTube-8M: A Large and Diverse Labeled Video Dataset for Video Understanding Research",
                "title_link": "https:\/\/research.googleblog.com\/2016\/09\/announcing-youtube-8m-large-and-diverse.html",
                "text": "Posted by Sudheendra Vijayanarasimhan and Paul Natsev, Software Engineers Many recent breakthroughs in machine learning and machine percep...",
                "fallback": "Research Blog: Announcing YouTube-8M: A Large and Diverse Labeled Video Dataset for Video Understanding Research",
                "thumb_url": "http:\/\/1.bp.blogspot.com\/-5bPNsF5plzw\/VnJWs-7RbrI\/AAAAAAAARmA\/DaZmn8YUjAk\/s1600-r\/logo_research_at_google_color_1x_web_512dp.png",
                "from_url": "https:\/\/research.googleblog.com\/2016\/09\/announcing-youtube-8m-large-and-diverse.html",
                "thumb_width": 483,
                "thumb_height": 480,
                "service_icon": "https:\/\/research.googleblog.com\/favicon.ico",
                "id": 1
            }
        ],
        "ts": "1483371707.000019"
    },
    {
        "type": "message",
        "user": "U23DZ7FHV",
        "text": "<https:\/\/www.interviewcake.com\/upgrade>",
        "attachments": [
            {
                "service_name": "Interview Cake: Programming Interview Questions and Tips",
                "title": "Pricing | Interview Cake",
                "title_link": "https:\/\/www.interviewcake.com\/upgrade",
                "text": "Purchase full access to get our full suite of prep resources",
                "fallback": "Interview Cake: Programming Interview Questions and Tips: Pricing | Interview Cake",
                "thumb_url": "https:\/\/www.interviewcake.com\/static\/images\/cake_white_on_blue_600_600_unrounded.png",
                "from_url": "https:\/\/www.interviewcake.com\/upgrade",
                "thumb_width": 600,
                "thumb_height": 600,
                "service_icon": "https:\/\/www.interviewcake.com\/images\/cake_white_on_blue_128_128_unrounded.png",
                "id": 1
            }
        ],
        "ts": "1483372229.000021"
    },
    {
        "type": "message",
        "user": "U23DAGRHT",
        "text": "<https:\/\/www.youtube.com\/watch?v=9SUAuy9OJg4>",
        "attachments": [
            {
                "service_name": "YouTube",
                "service_url": "https:\/\/www.youtube.com\/",
                "title": "Actions on Google: Building Assistant Actions using API.AI",
                "title_link": "https:\/\/www.youtube.com\/watch?v=9SUAuy9OJg4",
                "author_name": "Google Developers",
                "author_link": "https:\/\/www.youtube.com\/user\/GoogleDevelopers",
                "thumb_url": "https:\/\/i.ytimg.com\/vi\/9SUAuy9OJg4\/hqdefault.jpg",
                "thumb_width": 480,
                "thumb_height": 360,
                "fallback": "YouTube Video: Actions on Google: Building Assistant Actions using API.AI",
                "video_html": "<iframe width=\"400\" height=\"225\" src=\"https:\/\/www.youtube.com\/embed\/9SUAuy9OJg4?feature=oembed&autoplay=1&iv_load_policy=3\" frameborder=\"0\" allowfullscreen><\/iframe>",
                "video_html_width": 400,
                "video_html_height": 225,
                "from_url": "https:\/\/www.youtube.com\/watch?v=9SUAuy9OJg4",
                "service_icon": "https:\/\/a.slack-edge.com\/2089\/img\/unfurl_icons\/youtube.png",
                "id": 1
            }
        ],
        "ts": "1483386550.000023"
    },
    {
        "type": "message",
        "user": "U23DAGRHT",
        "text": "<http:\/\/rll.berkeley.edu\/deeprlcourse\/>",
        "ts": "1483415024.000025"
    }
]