[
    {
        "type": "message",
        "user": "U23DAGRHT",
        "text": "<https:\/\/halite.io\/index.php>",
        "ts": "1485969164.000002",
        "reactions": [
            {
                "name": "exclamation",
                "users": [
                    "U23DZ7FHV"
                ],
                "count": 1
            }
        ]
    },
    {
        "type": "message",
        "user": "U23DAGRHT",
        "text": "Un juego de AI",
        "ts": "1485969265.000003"
    },
    {
        "type": "message",
        "user": "U273A3E21",
        "text": "<https:\/\/explosion.ai\/blog\/sense2vec-with-spacy>",
        "attachments": [
            {
                "service_name": "Explosion AI",
                "title": "Sense2vec with spaCy and Gensim",
                "title_link": "https:\/\/explosion.ai\/blog\/sense2vec-with-spacy",
                "text": "If you were doing text analytics in 2015, you were probably using word2vec. Sense2vec (Trask et. al, 2015) is a new twist on word2vec that lets you learn more interesting, detailed and context-sensitive word vectors. This post motivates the idea, explains our implementation, and comes with an interactive demo that we've found surprisingly addictive.",
                "fallback": "Explosion AI: Sense2vec with spaCy and Gensim",
                "image_url": "https:\/\/explosion.ai\/blog\/img\/sense2vec.jpg",
                "from_url": "https:\/\/explosion.ai\/blog\/sense2vec-with-spacy",
                "image_width": 746,
                "image_height": 250,
                "image_bytes": 536346,
                "service_icon": "https:\/\/explosion.ai\/assets\/img\/favicon.ico",
                "id": 1
            }
        ],
        "ts": "1486001256.000002"
    }
]