[
    {
        "type": "message",
        "user": "U23E6TXLN",
        "text": "<https:\/\/www.tensorflow.org\/tutorials\/mnist\/beginners\/?utm_campaign=chrome_series_machinelearning_063016&amp;utm_source=gdev&amp;utm_medium=yt-desc>",
        "ts": "1483569938.000002"
    },
    {
        "type": "message",
        "user": "U23E6TXLN",
        "text": "<https:\/\/research.googleblog.com\/2016\/03\/train-your-own-image-classifier-with.html?utm_campaign=chrome_series_machinelearning_063016&amp;utm_source=gdev&amp;utm_medium=yt-desc>",
        "attachments": [
            {
                "service_name": "Research Blog",
                "title": "Train your own image classifier with Inception in TensorFlow",
                "title_link": "https:\/\/research.googleblog.com\/2016\/03\/train-your-own-image-classifier-with.html?utm_campaign=chrome_series_machinelearning_063016&utm_source=gdev&utm_medium=yt-desc",
                "text": "Posted by Jon Shlens, Senior Research Scientist At the end of last year we released code that allows a user to classify images with Tensor...",
                "fallback": "Research Blog: Train your own image classifier with Inception in TensorFlow",
                "thumb_url": "http:\/\/1.bp.blogspot.com\/-5bPNsF5plzw\/VnJWs-7RbrI\/AAAAAAAARmA\/DaZmn8YUjAk\/s1600-r\/logo_research_at_google_color_1x_web_512dp.png",
                "from_url": "https:\/\/research.googleblog.com\/2016\/03\/train-your-own-image-classifier-with.html?utm_campaign=chrome_series_machinelearning_063016&utm_source=gdev&utm_medium=yt-desc",
                "thumb_width": 483,
                "thumb_height": 480,
                "service_icon": "https:\/\/research.googleblog.com\/favicon.ico",
                "id": 1
            }
        ],
        "ts": "1483569965.000003"
    }
]