[
    {
        "type": "message",
        "user": "U23DAGRHT",
        "text": "<http:\/\/fsecurify.com\/machine-learning-and-cyber-security\/>",
        "attachments": [
            {
                "service_name": "Fsecurify",
                "title": "Machine Learning and Cyber Security Resources | Fsecurify",
                "title_link": "http:\/\/fsecurify.com\/machine-learning-and-cyber-security\/",
                "text": "In the recent years, Machine Learning and Artificial Intelligence have gained a lot of attention by everyone. Machine Learning is being used in a lot of fields and with every passing day, there is a new application of machine learning in some field. But there is one field where machine learning is not being used as widely as it is being used in other fields and that field is security. Perhaps I am wrong but I have not seen a comprehensive collection of tutorials or resources related to Machine Learning and Computer Security. In this post, I plan on providing stuff about the usage of machine learning in cyber security. I hope this post will be of help to many that are finding stuff related to both machine learning and cyber security. Lets begin. Machine Learning and Cyber Security Resources..",
                "fallback": "Fsecurify: Machine Learning and Cyber Security Resources | Fsecurify",
                "thumb_url": "http:\/\/fsecurify.com\/wp-content\/uploads\/2016\/12\/machine-learning-and-cyber-security_fsecurify.jpg",
                "ts": 1482010380,
                "from_url": "http:\/\/fsecurify.com\/machine-learning-and-cyber-security\/",
                "thumb_width": 1440,
                "thumb_height": 720,
                "service_icon": "http:\/\/fsecurify.com\/wp-content\/uploads\/2016\/10\/icon.png",
                "id": 1
            }
        ],
        "ts": "1483463015.000002"
    }
]