[
    {
        "type": "message",
        "user": "U23DAGRHT",
        "text": "<https:\/\/blog.datazar.com\/plotting-multiple-columns-in-d3-3a1f3c497436#.4mwv4spmt>",
        "attachments": [
            {
                "service_name": "Datazar",
                "title": "Plotting Multiple Columns in D3",
                "title_link": "https:\/\/blog.datazar.com\/plotting-multiple-columns-in-d3-3a1f3c497436#.4mwv4spmt",
                "text": "From the wide range of things you can do with D3, still one of the best things to make is the timeseries plot. In this post, I\u2019ll walk\u2026",
                "fallback": "Datazar: Plotting Multiple Columns in D3",
                "image_url": "https:\/\/cdn-images-1.medium.com\/max\/1200\/1*L-8pwwfRU5Huc9K-sqe6bA.png",
                "fields": [
                    {
                        "title": "Reading time",
                        "value": "4 min read",
                        "short": true
                    }
                ],
                "ts": 1486013273,
                "from_url": "https:\/\/blog.datazar.com\/plotting-multiple-columns-in-d3-3a1f3c497436#.4mwv4spmt",
                "image_width": 446,
                "image_height": 250,
                "image_bytes": 142852,
                "service_icon": "https:\/\/cdn-images-1.medium.com\/fit\/c\/152\/152\/1*MbOLiwAoIRz_odiQkTFh5Q.png",
                "id": 1
            }
        ],
        "ts": "1486059712.000002"
    },
    {
        "type": "message",
        "user": "U23DAGRHT",
        "text": "<http:\/\/www.datapure.co\/open-data-sets>",
        "ts": "1486059731.000004"
    },
    {
        "type": "message",
        "user": "U23DAGRHT",
        "text": "<https:\/\/research.googleblog.com\/2017\/01\/facilitating-discovery-of-public.html>",
        "attachments": [
            {
                "service_name": "Research Blog",
                "title": "Facilitating the discovery of public datasets",
                "title_link": "https:\/\/research.googleblog.com\/2017\/01\/facilitating-discovery-of-public.html",
                "text": "Posted by Natasha Noy, Google Research and Dan Brickley, Open Source Programs Office There are many hundreds of data repositories on the ...",
                "fallback": "Research Blog: Facilitating the discovery of public datasets",
                "thumb_url": "http:\/\/1.bp.blogspot.com\/-5bPNsF5plzw\/VnJWs-7RbrI\/AAAAAAAARmA\/DaZmn8YUjAk\/s1600-r\/logo_research_at_google_color_1x_web_512dp.png",
                "from_url": "https:\/\/research.googleblog.com\/2017\/01\/facilitating-discovery-of-public.html",
                "thumb_width": 483,
                "thumb_height": 480,
                "service_icon": "https:\/\/research.googleblog.com\/favicon.ico",
                "id": 1
            }
        ],
        "ts": "1486059740.000005"
    },
    {
        "type": "message",
        "user": "U23DAGRHT",
        "text": "<https:\/\/www.google.com\/edu\/cs\/index.html>",
        "attachments": [
            {
                "title": "Google Computer Science Education",
                "title_link": "https:\/\/www.google.com\/edu\/cs\/index.html",
                "text": "Google Computer Science Education Programs, Resources and Tools",
                "fallback": "Google Computer Science Education",
                "from_url": "https:\/\/www.google.com\/edu\/cs\/index.html",
                "service_icon": "https:\/\/www.google.com\/favicon.ico",
                "service_name": "google.com",
                "id": 1
            }
        ],
        "ts": "1486061286.000007"
    },
    {
        "type": "message",
        "user": "U23DAGRHT",
        "text": "<https:\/\/indico.io\/blog\/python-deep-learning-frameworks-reviewed\/>",
        "attachments": [
            {
                "title": "         Python Deep Learning Frameworks Reviewed        ",
                "title_link": "https:\/\/indico.io\/blog\/python-deep-learning-frameworks-reviewed\/",
                "text": "An examination of seven major deep learning frameworks, most of which we've used in production or development at indico.",
                "fallback": "         Python Deep Learning Frameworks Reviewed        ",
                "from_url": "https:\/\/indico.io\/blog\/python-deep-learning-frameworks-reviewed\/",
                "service_icon": "https:\/\/indico.io\/static\/img\/favicon.ico",
                "service_name": "indico.io",
                "id": 1
            }
        ],
        "ts": "1486062796.000009"
    },
    {
        "type": "message",
        "user": "U23DAGRHT",
        "text": "<https:\/\/www.kaggle.com\/c\/march-machine-learning-mania-2017>",
        "ts": "1486062806.000011"
    },
    {
        "type": "message",
        "user": "U23DAGRHT",
        "text": "La competencia anual de Kaggle!",
        "ts": "1486062818.000012"
    },
    {
        "type": "message",
        "user": "U23DAGRHT",
        "text": "Ser\u00eda interesante participar como equipo",
        "thread_ts": "1486062829.000013",
        "reply_count": 11,
        "replies": [
            {
                "user": "U23DZ7FHV",
                "ts": "1486063633.000014"
            },
            {
                "user": "U23DAGRHT",
                "ts": "1486067243.000016"
            },
            {
                "user": "U23DAGRHT",
                "ts": "1486069115.000018"
            },
            {
                "user": "U23DZ7FHV",
                "ts": "1486072450.000020"
            },
            {
                "user": "U273A3E21",
                "ts": "1486139561.000022"
            },
            {
                "user": "U23DAGRHT",
                "ts": "1486150807.000002"
            },
            {
                "user": "U23DZ7FHV",
                "ts": "1486167131.000002"
            },
            {
                "user": "U23DZ7FHV",
                "ts": "1486167156.000004"
            },
            {
                "user": "U23DAGRHT",
                "ts": "1486182512.000006"
            },
            {
                "user": "U23DAGRHT",
                "ts": "1486182518.000008"
            },
            {
                "user": "U23DZ7FHV",
                "ts": "1486228657.000002"
            }
        ],
        "ts": "1486062829.000013"
    },
    {
        "type": "message",
        "user": "U23DZ7FHV",
        "text": "scvalencia: Qu\u00e9 pas\u00f3 con \u201cOdio Machine Learning\u201d?",
        "thread_ts": "1486062829.000013",
        "parent_user_id": "U23DAGRHT",
        "ts": "1486063633.000014"
    },
    {
        "type": "message",
        "user": "U23DAGRHT",
        "text": "jajajaja",
        "thread_ts": "1486062829.000013",
        "parent_user_id": "U23DAGRHT",
        "ts": "1486067243.000016"
    },
    {
        "type": "message",
        "user": "U23DAGRHT",
        "text": "Me entusiasma mucho trabajar en equipo con gente pila y entusiasta :slightly_smiling_face:",
        "thread_ts": "1486062829.000013",
        "parent_user_id": "U23DAGRHT",
        "ts": "1486069115.000018"
    },
    {
        "type": "message",
        "user": "U23DZ7FHV",
        "text": ":relaxed:",
        "thread_ts": "1486062829.000013",
        "parent_user_id": "U23DAGRHT",
        "ts": "1486072450.000020"
    }
]