[
    {
        "type": "message",
        "user": "U23E6TXLN",
        "text": "<https:\/\/medium.mybridge.co\/machine-learning-top-10-of-the-year-v-2017-7552599935c0#.uzb81l11x>",
        "attachments": [
            {
                "service_name": "Mybridge for Professionals",
                "title": "Machine Learning Top 10 Articles for the Past Year (v.2017)",
                "title_link": "https:\/\/medium.mybridge.co\/machine-learning-top-10-of-the-year-v-2017-7552599935c0#.uzb81l11x",
                "text": "For the past year, we\u2019ve ranked nearly 14,500 Machine Learning articles to pick the Top 10 stories (0.069% chance).",
                "fallback": "Mybridge for Professionals: Machine Learning Top 10 Articles for the Past Year (v.2017)",
                "image_url": "https:\/\/cdn-images-1.medium.com\/max\/1200\/1*OYvp6KdiZJy3vh9xi-bl7A.png",
                "fields": [
                    {
                        "title": "Reading time",
                        "value": "5 min read",
                        "short": true
                    }
                ],
                "ts": 1485785533,
                "from_url": "https:\/\/medium.mybridge.co\/machine-learning-top-10-of-the-year-v-2017-7552599935c0#.uzb81l11x",
                "image_width": 645,
                "image_height": 250,
                "image_bytes": 235212,
                "service_icon": "https:\/\/cdn-images-1.medium.com\/fit\/c\/152\/152\/1*X-1mZwmUKx8e0lgHu5w7pQ.png",
                "id": 1
            }
        ],
        "ts": "1486499168.000002"
    }
]