[
    {
        "type": "message",
        "user": "U23DAGRHT",
        "text": "<https:\/\/hackernoon.com\/numpy-cheat-sheet-data-analysis-in-python-ed50e0b77d1f#.y145j0qvu>",
        "attachments": [
            {
                "service_name": "Hacker Noon",
                "title": "NumPy Cheat Sheet: Data Analysis in Python",
                "title_link": "https:\/\/hackernoon.com\/numpy-cheat-sheet-data-analysis-in-python-ed50e0b77d1f#.y145j0qvu",
                "text": "Given the fact that it\u2019s one of the fundamental packages for scientific computing, NumPy is one of the packages that you must be able to\u2026",
                "fallback": "Hacker Noon: NumPy Cheat Sheet: Data Analysis in Python",
                "image_url": "https:\/\/cdn-images-1.medium.com\/max\/1200\/0*Z5WMzEc8mqxCDckw.png",
                "fields": [
                    {
                        "title": "Reading time",
                        "value": "2 min read",
                        "short": true
                    }
                ],
                "ts": 1484745420,
                "from_url": "https:\/\/hackernoon.com\/numpy-cheat-sheet-data-analysis-in-python-ed50e0b77d1f#.y145j0qvu",
                "image_width": 363,
                "image_height": 250,
                "image_bytes": 258303,
                "service_icon": "https:\/\/cdn-images-1.medium.com\/fit\/c\/152\/152\/1*76XiKOa05Yya6_CdYX8pVg.jpeg",
                "id": 1
            }
        ],
        "ts": "1485087559.000002"
    },
    {
        "type": "message",
        "user": "U23DAGRHT",
        "text": "<https:\/\/www.youtube.com\/watch?v=p69khggr1Jo>",
        "attachments": [
            {
                "service_name": "YouTube",
                "service_url": "https:\/\/www.youtube.com\/",
                "title": "How to Make a Neural Network - Intro to Deep Learning #2",
                "title_link": "https:\/\/www.youtube.com\/watch?v=p69khggr1Jo",
                "author_name": "Siraj Raval",
                "author_link": "https:\/\/www.youtube.com\/channel\/UCWN3xxRkmTPmbKwht9FuE5A",
                "thumb_url": "https:\/\/i.ytimg.com\/vi\/p69khggr1Jo\/hqdefault.jpg",
                "thumb_width": 480,
                "thumb_height": 360,
                "fallback": "YouTube Video: How to Make a Neural Network - Intro to Deep Learning #2",
                "video_html": "<iframe width=\"400\" height=\"225\" src=\"https:\/\/www.youtube.com\/embed\/p69khggr1Jo?feature=oembed&autoplay=1&iv_load_policy=3\" frameborder=\"0\" allowfullscreen><\/iframe>",
                "video_html_width": 400,
                "video_html_height": 225,
                "from_url": "https:\/\/www.youtube.com\/watch?v=p69khggr1Jo",
                "service_icon": "https:\/\/a.slack-edge.com\/2089\/img\/unfurl_icons\/youtube.png",
                "id": 1
            }
        ],
        "ts": "1485103676.000004"
    }
]