[
    {
        "type": "message",
        "user": "U23DZ7FHV",
        "text": "SOLID:  <http:\/\/martin.zinkevich.org\/rules_of_ml\/rules_of_ml.pdf>",
        "ts": "1486562856.000002"
    },
    {
        "type": "message",
        "user": "U23DZ7FHV",
        "text": "<https:\/\/www.nervanasys.com\/openai\/>",
        "attachments": [
            {
                "service_name": "Nervana",
                "title": "Blog Post (Part III): Deep Reinforcement Learning with OpenAI Gym - Nervana",
                "title_link": "https:\/\/www.nervanasys.com\/openai\/",
                "text": "This is part 3 of a blog series on deep reinforcement learning. See \u201cPart 1: Demystifying Deep Reinforcement Learning\u201d for an introduction to the topic and \u201cPart 2: Deep Reinforcement Learning with Neon\u201d for the original implementation in Simple-DQN. In this blog post we will extend a Simple-DQN to work \u2026",
                "fallback": "Nervana: Blog Post (Part III): Deep Reinforcement Learning with OpenAI Gym - Nervana",
                "thumb_url": "https:\/\/www.nervanasys.com\/wp-content\/uploads\/2016\/04\/Screen-Shot-2016-04-26-at-11.40.46-PM.png",
                "ts": 1461751233,
                "from_url": "https:\/\/www.nervanasys.com\/openai\/",
                "thumb_width": 2356,
                "thumb_height": 1252,
                "service_icon": "https:\/\/www.nervanasys.com\/wp-content\/uploads\/2016\/05\/APPLE-IPHONE-ICON.png",
                "id": 1
            }
        ],
        "ts": "1486570504.000003"
    },
    {
        "type": "message",
        "user": "U23DZ7FHV",
        "text": "<http:\/\/cs231n.github.io>",
        "attachments": [
            {
                "title": "CS231n Convolutional Neural Networks for Visual Recognition",
                "title_link": "http:\/\/cs231n.github.io",
                "text": "Course materials and notes for Stanford class CS231n: Convolutional Neural Networks for Visual Recognition.",
                "fallback": "CS231n Convolutional Neural Networks for Visual Recognition",
                "from_url": "http:\/\/cs231n.github.io",
                "service_name": "cs231n.github.io",
                "id": 1
            }
        ],
        "ts": "1486570544.000005"
    },
    {
        "type": "message",
        "user": "U23DZ7FHV",
        "text": "<http:\/\/www.statsblogs.com\/2014\/12\/30\/machine-learning-books-suggested-by-michael-i-jordan-from-berkeley\/>",
        "ts": "1486570670.000009"
    },
    {
        "type": "message",
        "user": "U23DZ7FHV",
        "text": "<http:\/\/seaborn.pydata.org\/index.html> <@U3HHPGYFP>",
        "ts": "1486572501.000010"
    },
    {
        "type": "message",
        "subtype": "pinned_item",
        "user": "U23DZ7FHV",
        "item_type": "C",
        "attachments": [
            {
                "fallback": "[February 8th, 2017 6:07 AM] diegoalejogm: SOLID:  <http:\/\/martin.zinkevich.org\/rules_of_ml\/rules_of_ml.pdf>",
                "ts": "1486562856.000002",
                "author_subname": "diegoalejogm",
                "channel_id": "C3L90JWAH",
                "channel_name": "resources",
                "is_msg_unfurl": true,
                "text": "SOLID:  <http:\/\/martin.zinkevich.org\/rules_of_ml\/rules_of_ml.pdf>",
                "author_name": "Diego Gomez",
                "author_link": "https:\/\/ai-society.slack.com\/team\/diegoalejogm",
                "author_icon": "https:\/\/avatars.slack-edge.com\/2016-09-08\/77851158225_5a98780c875d19180e64_48.jpg",
                "mrkdwn_in": [
                    "text"
                ]
            }
        ],
        "text": "<@U23DZ7FHV|diegoalejogm> pinned a message to this channel.",
        "ts": "1486573911.000011"
    },
    {
        "type": "message",
        "user": "U23DZ7FHV",
        "text": "De los mejores! <https:\/\/www.springboard.com\/blog\/machine-learning-interview-questions\/>",
        "attachments": [
            {
                "service_name": "Springboard Blog",
                "title": "41 Key Machine Learning Interview Questions with Answers",
                "title_link": "https:\/\/www.springboard.com\/blog\/machine-learning-interview-questions\/",
                "text": "Essential knowledge you'll need to know to ace machine learning interview questions with full answers, examples and resources.\u00a0",
                "fallback": "Springboard Blog: 41 Key Machine Learning Interview Questions with Answers",
                "thumb_url": "https:\/\/www.springboard.com\/blog\/wp-content\/uploads\/2017\/01\/mathematica.jpg",
                "ts": 1483974476,
                "from_url": "https:\/\/www.springboard.com\/blog\/machine-learning-interview-questions\/",
                "thumb_width": 900,
                "thumb_height": 689,
                "service_icon": "https:\/\/www.springboard.com\/favicon.ico",
                "id": 1
            }
        ],
        "ts": "1486575387.000012"
    },
    {
        "type": "message",
        "subtype": "pinned_item",
        "user": "U23DZ7FHV",
        "item_type": "C",
        "attachments": [
            {
                "fallback": "[February 8th, 2017 9:36 AM] diegoalejogm: De los mejores! <https:\/\/www.springboard.com\/blog\/machine-learning-interview-questions\/>",
                "ts": "1486575387.000012",
                "author_subname": "diegoalejogm",
                "channel_id": "C3L90JWAH",
                "channel_name": "resources",
                "is_msg_unfurl": true,
                "text": "De los mejores! <https:\/\/www.springboard.com\/blog\/machine-learning-interview-questions\/>",
                "author_name": "Diego Gomez",
                "author_link": "https:\/\/ai-society.slack.com\/team\/diegoalejogm",
                "author_icon": "https:\/\/avatars.slack-edge.com\/2016-09-08\/77851158225_5a98780c875d19180e64_48.jpg",
                "mrkdwn_in": [
                    "text"
                ]
            }
        ],
        "text": "<@U23DZ7FHV|diegoalejogm> pinned a message to this channel.",
        "ts": "1486575396.000014"
    },
    {
        "type": "message",
        "user": "U23DZ7FHV",
        "text": "Yet Another Robot Platform:\n<http:\/\/www.yarp.it>",
        "edited": {
            "user": "U23DZ7FHV",
            "ts": "1486579628.000000"
        },
        "ts": "1486579613.000021"
    },
    {
        "type": "message",
        "user": "U23DZ7FHV",
        "text": "<http:\/\/web.mit.edu\/vondrick\/tinyvideo\/> #GANS",
        "ts": "1486579840.000023"
    },
    {
        "type": "message",
        "user": "U23DZ7FHV",
        "text": "<http:\/\/www.win-vector.com\/blog\/2017\/01\/why-do-decision-trees-work\/?utm_campaign=Data%2BElixir&amp;utm_medium=email&amp;utm_source=Data_Elixir_115>",
        "attachments": [
            {
                "service_name": "Win-Vector Blog",
                "title": "Why do Decision Trees Work?",
                "title_link": "http:\/\/www.win-vector.com\/blog\/2017\/01\/why-do-decision-trees-work\/?utm_campaign=Data%2BElixir&utm_medium=email&utm_source=Data_Elixir_115",
                "text": "In this article we will discuss the machine learning method called \u201cdecision trees\u201d, moving quickly over the usual \u201chow decision trees work\u201d and spending time on \u201cwhy \u2026",
                "fallback": "Win-Vector Blog: Why do Decision Trees Work?",
                "thumb_url": "http:\/\/www.win-vector.com\/blog\/wp-content\/uploads\/2017\/01\/rpart.png",
                "ts": 1483663098,
                "from_url": "http:\/\/www.win-vector.com\/blog\/2017\/01\/why-do-decision-trees-work\/?utm_campaign=Data%2BElixir&utm_medium=email&utm_source=Data_Elixir_115",
                "thumb_width": 1200,
                "thumb_height": 1200,
                "service_icon": "https:\/\/i0.wp.com\/www.win-vector.com\/blog\/wp-content\/uploads\/2015\/09\/cropped-WVLogo.png?fit=180%2C180",
                "id": 1
            }
        ],
        "ts": "1486582632.000024"
    },
    {
        "type": "message",
        "user": "U23DZ7FHV",
        "text": "<http:\/\/www.kdnuggets.com\/2015\/07\/deep-learning-adversarial-examples-misconceptions.html>",
        "ts": "1486585911.000026"
    },
    {
        "type": "message",
        "user": "U23DZ7FHV",
        "text": "<https:\/\/cloud.google.com\/blog\/big-data\/2017\/01\/learn-tensorflow-and-deep-learning-without-a-phd?utm_campaign=Data%2BElixir&amp;utm_medium=email&amp;utm_source=Data_Elixir_117>",
        "attachments": [
            {
                "service_name": "Google Cloud Platform",
                "title": "Learn TensorFlow and deep learning, without a Ph.D. | Google Cloud Big Data and Machine Learning Blog \u00a0|\u00a0 Google Cloud Platform",
                "title_link": "https:\/\/cloud.google.com\/blog\/big-data\/2017\/01\/learn-tensorflow-and-deep-learning-without-a-phd?utm_campaign=Data%2BElixir&utm_medium=email&utm_source=Data_Elixir_117",
                "text": "This 3-hour course offers developers a quick introduction to deep-learning fundamentals",
                "fallback": "Google Cloud Platform: Learn TensorFlow and deep learning, without a Ph.D. | Google Cloud Big Data and Machine Learning Blog \u00a0|\u00a0 Google Cloud Platform",
                "from_url": "https:\/\/cloud.google.com\/blog\/big-data\/2017\/01\/learn-tensorflow-and-deep-learning-without-a-phd?utm_campaign=Data%2BElixir&utm_medium=email&utm_source=Data_Elixir_117",
                "service_icon": "https:\/\/cloud.google.com\/_static\/e4a90c3e0f\/images\/cloud\/icons\/favicons\/apple-icon.png",
                "id": 1
            }
        ],
        "ts": "1486589372.000027"
    },
    {
        "type": "message",
        "user": "U3Y1DECNN",
        "text": "\/link <http:\/\/torch.ch\/>",
        "ts": "1486605564.000029"
    },
    {
        "text": "Thanks andfoy2!, Happy Hacking\n<http:\/\/torch.ch\/>",
        "bot_id": "B42RKF0NP",
        "type": "message",
        "subtype": "bot_message",
        "ts": "1486605564.000030"
    }
]