[
    {
        "type": "message",
        "user": "U23DZ7FHV",
        "text": "<https:\/\/www.youtube.com\/channel\/UC9OeZkIwhzfv-_Cb7fCikLQ\/videos>",
        "attachments": [
            {
                "service_name": "YouTube",
                "title": "DeepLearning.TV",
                "title_link": "https:\/\/www.youtube.com\/channel\/UC9OeZkIwhzfv-_Cb7fCikLQ\/videos",
                "text": "<http:\/\/DeepLearning.TV|DeepLearning.TV> is all about Deep Learning, the field of study that teaches machines to perceive the world. Starting with a series that simplifies Deep Learn...",
                "fallback": "YouTube: DeepLearning.TV",
                "thumb_url": "https:\/\/yt3.ggpht.com\/-y86vYh0Dqhg\/AAAAAAAAAAI\/AAAAAAAAAAA\/B3fS1Hxhx6c\/s900-c-k-no-mo-rj-c0xffffff\/photo.jpg",
                "from_url": "https:\/\/www.youtube.com\/channel\/UC9OeZkIwhzfv-_Cb7fCikLQ\/videos",
                "thumb_width": 900,
                "thumb_height": 900,
                "service_icon": "https:\/\/s.ytimg.com\/yts\/img\/favicon-vflz7uhzw.ico",
                "id": 1
            }
        ],
        "ts": "1486351552.000002"
    }
]