[
    {
        "user": "U248PK4UB",
        "inviter": "U23DZ7FHV",
        "text": "<@U248PK4UB|diegomontoyas> has joined the channel",
        "type": "message",
        "subtype": "channel_join",
        "ts": "1486575538.000002"
    },
    {
        "user": "U273A3E21",
        "inviter": "U23DZ7FHV",
        "text": "<@U273A3E21|estebanvargas> has joined the channel",
        "type": "message",
        "subtype": "channel_join",
        "ts": "1486575538.000003"
    },
    {
        "user": "U23D3AF8E",
        "inviter": "U23DZ7FHV",
        "text": "<@U23D3AF8E|cgarciah> has joined the channel",
        "type": "message",
        "subtype": "channel_join",
        "ts": "1486575538.000004"
    },
    {
        "user": "U23DAGRHT",
        "inviter": "U23DZ7FHV",
        "text": "<@U23DAGRHT|scvalencia> has joined the channel",
        "type": "message",
        "subtype": "channel_join",
        "ts": "1486575538.000005"
    },
    {
        "user": "U23E6TXLN",
        "inviter": "U23DZ7FHV",
        "text": "<@U23E6TXLN|jcbages> has joined the channel",
        "type": "message",
        "subtype": "channel_join",
        "ts": "1486575538.000006"
    },
    {
        "user": "U3HHPGYFP",
        "inviter": "U23DZ7FHV",
        "text": "<@U3HHPGYFP|meili> has joined the channel",
        "type": "message",
        "subtype": "channel_join",
        "ts": "1486575538.000007"
    },
    {
        "user": "U3X9A71NX",
        "inviter": "U23DZ7FHV",
        "text": "<@U3X9A71NX|claudiabm777> has joined the channel",
        "type": "message",
        "subtype": "channel_join",
        "ts": "1486575538.000008"
    },
    {
        "user": "U3XSJ0AAJ",
        "inviter": "U23DZ7FHV",
        "text": "<@U3XSJ0AAJ|romsearcher_ai> has joined the channel",
        "type": "message",
        "subtype": "channel_join",
        "ts": "1486575539.000009"
    },
    {
        "user": "U3Y1DECNN",
        "inviter": "U23DZ7FHV",
        "text": "<@U3Y1DECNN|andfoy2> has joined the channel",
        "type": "message",
        "subtype": "channel_join",
        "ts": "1486575539.000010"
    },
    {
        "type": "message",
        "user": "U23DZ7FHV",
        "text": "<https:\/\/www.youtube.com\/watch?v=1L0TKZQcUtA&amp;feature=youtu.be>",
        "attachments": [
            {
                "service_name": "YouTube",
                "service_url": "https:\/\/www.youtube.com\/",
                "title": "MIT 6.S094: Introduction to Deep Learning and Self-Driving Cars",
                "title_link": "https:\/\/www.youtube.com\/watch?v=1L0TKZQcUtA&amp;feature=youtu.be",
                "author_name": "Lex Fridman",
                "author_link": "https:\/\/www.youtube.com\/user\/lexfridman",
                "thumb_url": "https:\/\/i.ytimg.com\/vi\/1L0TKZQcUtA\/hqdefault.jpg",
                "thumb_width": 480,
                "thumb_height": 360,
                "fallback": "YouTube Video: MIT 6.S094: Introduction to Deep Learning and Self-Driving Cars",
                "video_html": "<iframe width=\"400\" height=\"225\" src=\"https:\/\/www.youtube.com\/embed\/1L0TKZQcUtA?feature=oembed&autoplay=1&iv_load_policy=3\" frameborder=\"0\" allowfullscreen><\/iframe>",
                "video_html_width": 400,
                "video_html_height": 225,
                "from_url": "https:\/\/www.youtube.com\/watch?v=1L0TKZQcUtA&amp;feature=youtu.be",
                "service_icon": "https:\/\/a.slack-edge.com\/2089\/img\/unfurl_icons\/youtube.png",
                "id": 1
            }
        ],
        "ts": "1486575693.000011"
    },
    {
        "type": "message",
        "user": "U23DZ7FHV",
        "text": "<https:\/\/www.youtube.com\/watch?v=Xe5RcJ1JY3c>",
        "attachments": [
            {
                "service_name": "YouTube",
                "service_url": "https:\/\/www.youtube.com\/",
                "title": "Dulight--Eyes for visually impaired",
                "title_link": "https:\/\/www.youtube.com\/watch?v=Xe5RcJ1JY3c",
                "author_name": "Baidu Research",
                "author_link": "https:\/\/www.youtube.com\/channel\/UCm08TSsp87RRfn9SB_khuUQ",
                "thumb_url": "https:\/\/i.ytimg.com\/vi\/Xe5RcJ1JY3c\/hqdefault.jpg",
                "thumb_width": 480,
                "thumb_height": 360,
                "fallback": "YouTube Video: Dulight--Eyes for visually impaired",
                "video_html": "<iframe width=\"400\" height=\"225\" src=\"https:\/\/www.youtube.com\/embed\/Xe5RcJ1JY3c?feature=oembed&autoplay=1&iv_load_policy=3\" frameborder=\"0\" allowfullscreen><\/iframe>",
                "video_html_width": 400,
                "video_html_height": 225,
                "from_url": "https:\/\/www.youtube.com\/watch?v=Xe5RcJ1JY3c",
                "service_icon": "https:\/\/a.slack-edge.com\/2089\/img\/unfurl_icons\/youtube.png",
                "id": 1
            }
        ],
        "ts": "1486581092.000013"
    }
]