[
    {
        "user": "U23DZ7FHV",
        "text": "<@U23DZ7FHV|diegoalejogm> has joined the channel",
        "type": "message",
        "subtype": "channel_join",
        "ts": "1485543393.000002"
    },
    {
        "type": "message",
        "user": "U23DZ7FHV",
        "text": "<https:\/\/www.youtube.com\/watch?v=wr4rx0Spihs&amp;feature=youtu.be>",
        "attachments": [
            {
                "service_name": "YouTube",
                "service_url": "https:\/\/www.youtube.com\/",
                "title": "Face Recognition demo - Baidu's face-enabled entrance",
                "title_link": "https:\/\/www.youtube.com\/watch?v=wr4rx0Spihs&amp;feature=youtu.be",
                "author_name": "Andrew Ng",
                "author_link": "https:\/\/www.youtube.com\/user\/andrewyantakng",
                "thumb_url": "https:\/\/i.ytimg.com\/vi\/wr4rx0Spihs\/hqdefault.jpg",
                "thumb_width": 480,
                "thumb_height": 360,
                "fallback": "YouTube Video: Face Recognition demo - Baidu's face-enabled entrance",
                "video_html": "<iframe width=\"400\" height=\"225\" src=\"https:\/\/www.youtube.com\/embed\/wr4rx0Spihs?feature=oembed&autoplay=1&iv_load_policy=3\" frameborder=\"0\" allowfullscreen><\/iframe>",
                "video_html_width": 400,
                "video_html_height": 225,
                "from_url": "https:\/\/www.youtube.com\/watch?v=wr4rx0Spihs&amp;feature=youtu.be",
                "service_icon": "https:\/\/a.slack-edge.com\/2089\/img\/unfurl_icons\/youtube.png",
                "id": 1
            }
        ],
        "ts": "1485543400.000003"
    }
]