[
    {
        "type": "message",
        "user": "U23DZ7FHV",
        "text": "<https:\/\/youtu.be\/vaFhLAbPi8w>",
        "attachments": [
            {
                "service_name": "YouTube",
                "service_url": "https:\/\/www.youtube.com\/",
                "title": "Game AI Development With OpenAI Universe | Two Minute Papers",
                "title_link": "https:\/\/youtu.be\/vaFhLAbPi8w",
                "author_name": "Two Minute Papers",
                "author_link": "https:\/\/www.youtube.com\/user\/keeroyz",
                "thumb_url": "https:\/\/i.ytimg.com\/vi\/vaFhLAbPi8w\/hqdefault.jpg",
                "thumb_width": 480,
                "thumb_height": 360,
                "fallback": "YouTube Video: Game AI Development With OpenAI Universe | Two Minute Papers",
                "video_html": "<iframe width=\"400\" height=\"225\" src=\"https:\/\/www.youtube.com\/embed\/vaFhLAbPi8w?feature=oembed&autoplay=1&iv_load_policy=3\" frameborder=\"0\" allowfullscreen><\/iframe>",
                "video_html_width": 400,
                "video_html_height": 225,
                "from_url": "https:\/\/youtu.be\/vaFhLAbPi8w",
                "service_icon": "https:\/\/a.slack-edge.com\/2089\/img\/unfurl_icons\/youtube.png",
                "id": 1
            }
        ],
        "ts": "1486395931.000002"
    }
]