[
    {
        "type": "message",
        "user": "U23DZ7FHV",
        "text": "Esta p\u00e1gina est\u00e1 genial <https:\/\/www.pramp.com\/>",
        "attachments": [
            {
                "service_name": "Pramp",
                "title": "Practice Live Coding Interviews - For Free",
                "title_link": "https:\/\/www.pramp.com\/",
                "text": "We match you the best practice peers and set your interviews together, including: full problems &amp; solutions, HD video chat, collaborative code editor, and peer feedback. Made by engineers for engineers, for free.",
                "fallback": "Pramp: Practice Live Coding Interviews - For Free",
                "thumb_url": "https:\/\/www.pramp.com\/img\/sessionScreen.jpg",
                "thumb_width": 1280,
                "thumb_height": 728,
                "from_url": "https:\/\/www.pramp.com\/",
                "service_icon": "https:\/\/www.pramp.com\/img\/favicon.ico",
                "id": 1
            }
        ],
        "ts": "1482939240.000002"
    }
]