[
    {
        "type": "message",
        "user": "U23DZ7FHV",
        "text": "<http:\/\/news.stanford.edu\/2016\/12\/15\/no-burning-batteries-stanford-scientists-turn-ai-create-safer-lithium-ion-batteries\/>",
        "attachments": [
            {
                "service_name": "Stanford News",
                "title": "No more burning batteries? Stanford scientists turn to AI to create safer lithium-ion batteries | Stanford News",
                "title_link": "http:\/\/news.stanford.edu\/2016\/12\/15\/no-burning-batteries-stanford-scientists-turn-ai-create-safer-lithium-ion-batteries\/",
                "text": "Researchers have identified 21 solid materials that could replace flammable liquid electrolytes in lithium-ion batteries.",
                "fallback": "Stanford News: No more burning batteries? Stanford scientists turn to AI to create safer lithium-ion batteries | Stanford News",
                "image_url": "https:\/\/s3-us-west-1.amazonaws.com\/stanford.ucomm.newsms.media\/wp-content\/uploads\/2016\/12\/15115451\/battery.jpg",
                "image_width": 375,
                "image_height": 250,
                "ts": 1481812242,
                "from_url": "http:\/\/news.stanford.edu\/2016\/12\/15\/no-burning-batteries-stanford-scientists-turn-ai-create-safer-lithium-ion-batteries\/",
                "image_bytes": 222848,
                "id": 1
            }
        ],
        "ts": "1483213705.000002"
    },
    {
        "type": "message",
        "user": "U23DZ7FHV",
        "text": "<https:\/\/materialsproject.org>",
        "attachments": [
            {
                "title": " Materials Project ",
                "title_link": "https:\/\/materialsproject.org",
                "text": "The Materials Project's mission is to accelerate the the discovery of new technological materials through advanced scientific computing and innovative design tools.",
                "fallback": " Materials Project ",
                "from_url": "https:\/\/materialsproject.org",
                "service_icon": "https:\/\/materialsproject.org\/static\/images\/favicon.00f51d402f3d.png",
                "service_name": "materialsproject.org",
                "id": 1
            }
        ],
        "ts": "1483213735.000004"
    },
    {
        "type": "message",
        "user": "U23DZ7FHV",
        "text": "Numpy Exercises:\n<https:\/\/github.com\/Kyubyong\/numpy_exercises?utm_campaign=Data%2BElixir&amp;utm_medium=email&amp;utm_source=Data_Elixir_110>",
        "attachments": [
            {
                "service_name": "GitHub",
                "title": "Kyubyong\/numpy_exercises",
                "title_link": "https:\/\/github.com\/Kyubyong\/numpy_exercises?utm_campaign=Data%2BElixir&utm_medium=email&utm_source=Data_Elixir_110",
                "text": "numpy_exercises - Numpy exercises.",
                "fallback": "GitHub: Kyubyong\/numpy_exercises",
                "thumb_url": "https:\/\/avatars0.githubusercontent.com\/u\/13579986?v=3&s=400",
                "from_url": "https:\/\/github.com\/Kyubyong\/numpy_exercises?utm_campaign=Data%2BElixir&utm_medium=email&utm_source=Data_Elixir_110",
                "thumb_width": 400,
                "thumb_height": 400,
                "service_icon": "https:\/\/github.com\/apple-touch-icon.png",
                "id": 1
            }
        ],
        "ts": "1483214510.000006"
    },
    {
        "type": "message",
        "user": "U23DZ7FHV",
        "text": "From python to numpy:\n<http:\/\/www.labri.fr\/perso\/nrougier\/from-python-to-numpy\/>",
        "ts": "1483217210.000008"
    },
    {
        "type": "message",
        "user": "U23DZ7FHV",
        "text": "Google BigQuery: <https:\/\/cloud.google.com\/bigquery\/>",
        "attachments": [
            {
                "service_name": "Google Cloud Platform",
                "title": "BigQuery - Analytics Data Warehouse \u00a0|\u00a0 Google Cloud Platform",
                "title_link": "https:\/\/cloud.google.com\/bigquery\/",
                "text": "A fast, economical and fully managed data warehouse for large-scale data analytics.",
                "fallback": "Google Cloud Platform: BigQuery - Analytics Data Warehouse \u00a0|\u00a0 Google Cloud Platform",
                "from_url": "https:\/\/cloud.google.com\/bigquery\/",
                "service_icon": "https:\/\/cloud.google.com\/_static\/81b4e5d5c8\/images\/cloud\/icons\/favicons\/apple-icon.png",
                "id": 1
            }
        ],
        "ts": "1483224499.000009"
    }
]