[
    {
        "type": "message",
        "user": "U23DZ7FHV",
        "text": "<http:\/\/blog.interviewing.io\/you-cant-fix-diversity-in-tech-without-fixing-the-technical-interview\/>",
        "attachments": [
            {
                "service_name": "interviewing.io blog",
                "title": "You can\u2019t fix diversity in tech without fixing the technical interview.",
                "title_link": "http:\/\/blog.interviewing.io\/you-cant-fix-diversity-in-tech-without-fixing-the-technical-interview\/",
                "text": "In the last few months, several large players, including Google and Facebook, have released their latest and ultimately disappointing diversity numbers. Even with increased effort and resources poured into diversity hiring programs, Facebook's headcount for women and people of color hasn\u2019t really in",
                "fallback": "interviewing.io blog: You can\u2019t fix diversity in tech without fixing the technical interview.",
                "image_url": "http:\/\/blog.interviewing.io\/wp-content\/uploads\/2016\/11\/Screenshot-2016-11-03-13.02.51.png",
                "ts": 1478090604,
                "from_url": "http:\/\/blog.interviewing.io\/you-cant-fix-diversity-in-tech-without-fixing-the-technical-interview\/",
                "image_width": 536,
                "image_height": 250,
                "image_bytes": 92765,
                "service_icon": "http:\/\/blog.interviewing.io\/wp-content\/uploads\/2016\/07\/favicon-32x32.png",
                "id": 1
            }
        ],
        "ts": "1483370701.000011"
    }
]