[
    {
        "type": "message",
        "user": "U273A3E21",
        "text": "<http:\/\/a16z.com\/2016\/12\/16\/the-end-of-cloud-computing\/>",
        "attachments": [
            {
                "service_name": "Andreessen Horowitz",
                "service_url": "http:\/\/a16z.com",
                "title": "The End of Cloud\u00a0Computing",
                "title_link": "http:\/\/a16z.com\/2016\/12\/16\/the-end-of-cloud-computing\/",
                "author_name": "peterlevinea16z",
                "author_link": "https:\/\/a16z.com\/author\/peterlevinea16z\/",
                "thumb_url": "https:\/\/i1.wp.com\/s0.wp.com\/wp-content\/themes\/vip\/a16z-2015\/static\/images\/a16z-logo.png?fit=200%2C150&ssl=1",
                "thumb_width": 194,
                "thumb_height": 15,
                "text": "watch time: 25 minutes\n&ldquo;I&rsquo;m going to take you out to the edge to show you what the future looks like.&rdquo; So begins a16z partner Peter Levine as he takes us on a &ldquo;crazy&rdquo; tour of the history and future of cloud computing &mdash; from the constant turns between centralized to distributed computing, and even to his &ldquo;Forrest Gump rule&rdquo; of investing in these shifts.\nBut&hellip; how can we say cloud computing is coming to an &ldquo;end&rdquo; when it hasn&rsquo;t even really started yet?? Because the edge &mdash; where self-driving cars and drones are really data centers with wheels or wings &mdash; is where it&rsquo;s at. So where does machine learning in the enterprise come in? How does this change IT? As software programs the world, these are some of the shifts to look at&hellip;",
                "fallback": "Andreessen Horowitz Link: The End of Cloud&nbsp;Computing",
                "from_url": "http:\/\/a16z.com\/2016\/12\/16\/the-end-of-cloud-computing\/",
                "service_icon": "http:\/\/0.gravatar.com\/blavatar\/028155d40793d8c2f7fd77a3b55ac924?s=114",
                "id": 1
            }
        ],
        "ts": "1486493161.000002",
        "reactions": [
            {
                "name": "memo",
                "users": [
                    "U23DZ7FHV"
                ],
                "count": 1
            }
        ]
    },
    {
        "type": "message",
        "user": "U273A3E21",
        "text": "Como IoT y ML van a transformar Cloud Computing",
        "ts": "1486493179.000004"
    }
]