[
    {
        "type": "message",
        "user": "U23E6TXLN",
        "text": "<https:\/\/www.cs.toronto.edu\/~hinton\/absps\/NatureDeepReview.pdf>",
        "ts": "1483030117.000002"
    },
    {
        "type": "message",
        "user": "U23E6TXLN",
        "text": "un super review de deep learning",
        "ts": "1483030125.000003"
    },
    {
        "type": "message",
        "user": "U23E6TXLN",
        "text": ":smile:",
        "ts": "1483030126.000004"
    },
    {
        "type": "message",
        "user": "U23DAGRHT",
        "text": "<http:\/\/www.waterstechnology.com\/waters\/feature\/2476518\/the-infancy-of-julia-an-inside-look-at-how-traders-and-economists-are-using-the-julia-programming-language>",
        "attachments": [
            {
                "service_name": "http:\/\/www.waterstechnology.com",
                "title": "The Infancy of Julia: An Inside Look at How Traders and Economists Are Using the Julia Programming Language",
                "title_link": "http:\/\/www.waterstechnology.com\/waters\/feature\/2476518\/the-infancy-of-julia-an-inside-look-at-how-traders-and-economists-are-using-the-julia-programming-language",
                "text": "Seven years ago, four individuals came together to create a fast and expressive programming language to compete with the likes of R, Matlab, Python and about three dozen other dynamic tools. Their work gave birth to the Julia programming language. Anthony Malakian takes an inside look at how some finance firms and economists are using Julia, and examines why 2017 could be a year of significant growth for the upstart.,Industry Issues &amp; Initiatives,High Frequency Trading,Research &amp; Commentary,Market Data &amp; Data Analytics ,Tech,Julia programming language,Big Data,high-frequency trading,Federal Reserve Bank of New York,Berkery Noyes,Julia Computing (company),BestX Ltd.,AOT Trading AG,Conning, Inc.",
                "fallback": "http:\/\/www.waterstechnology.com: The Infancy of Julia: An Inside Look at How Traders and Economists Are Using the Julia Programming Language",
                "image_url": "http:\/\/www.waterstechnology.com\/IMG\/650\/357650\/julia-language-image-2-370x229.jpeg",
                "ts": 1478526420,
                "from_url": "http:\/\/www.waterstechnology.com\/waters\/feature\/2476518\/the-infancy-of-julia-an-inside-look-at-how-traders-and-economists-are-using-the-julia-programming-language",
                "image_width": 370,
                "image_height": 229,
                "image_bytes": 24787,
                "id": 1
            }
        ],
        "ts": "1483057288.000005"
    }
]