[
    {
        "type": "message",
        "user": "U23DZ7FHV",
        "text": "Este blog est\u00e1 genial: TIENEN que leerlo. Hay varios temas, para que miren lo que les guste:\n\n<http:\/\/colah.github.io>",
        "ts": "1483201130.000006"
    },
    {
        "type": "message",
        "user": "U23DZ7FHV",
        "text": "OpenAI: Mini World of Bits\n<http:\/\/alpha.openai.com\/miniwob\/index.html>\n\nMini World of Bits (\"MiniWoB\") is a benchmark for reinforcement learning agents who interact with websites. The agents perceive the raw pixels of a small (210x160 pixel) webpage and produce keyboard and mouse actions. The environments are written in HTML\/Javascript\/CSS and are designed to test the agent's capacity to interact with common web browser elements, such as buttons, text fields, slides, date pickers, etc. The environments of this benchmark are accessible through the OpenAI Universe.",
        "edited": {
            "user": "U23DZ7FHV",
            "ts": "1483213594.000000"
        },
        "ts": "1483213476.000009"
    },
    {
        "type": "message",
        "user": "U23DZ7FHV",
        "text": "Interactive Guide to Basics of Neural Networks:\n<https:\/\/jalammar.github.io\/visual-interactive-guide-basics-neural-networks\/>",
        "attachments": [
            {
                "title": "A Visual and Interactive Guide to the Basics of Neural Networks",
                "title_link": "https:\/\/jalammar.github.io\/visual-interactive-guide-basics-neural-networks\/",
                "text": "MotivationI\u2019m not a machine learning expert. I\u2019m a software engineer by training and I\u2019ve had little interaction with AI. I had always wanted to delve deeper into machine learning, but never really found my \u201cin\u201d. That\u2019s why when Google open sourced TensorFlow in November 2015, I got super excited and knew it was time to jump in and start the learning journey. Not to sound dramatic, but to me, it actually felt kind of like Prometheus handing down fire to mankind from the Mount Olympus of machine learning. In the back of my head was the idea that the entire field of Big Data and technologies like Hadoop were vastly accelerated when Google researchers released their Map Reduce paper. This time it\u2019s not a paper \u2013 it\u2019s the actual software they use internally after years and years of evolution.So I started learning what I can about the basics of the topic, and saw the need for gentler resources for people with no experience in the field. This is my attempt at that.",
                "fallback": "A Visual and Interactive Guide to the Basics of Neural Networks",
                "from_url": "https:\/\/jalammar.github.io\/visual-interactive-guide-basics-neural-networks\/",
                "service_name": "jalammar.github.io",
                "id": 1
            }
        ],
        "edited": {
            "user": "U23DZ7FHV",
            "ts": "1483213607.000000"
        },
        "ts": "1483213576.000011"
    },
    {
        "type": "message",
        "user": "U23DZ7FHV",
        "text": "Machine Learning Berkeley Blog (con tutoriales):\n<https:\/\/ml.berkeley.edu\/blog\/>",
        "ts": "1483217725.000016"
    },
    {
        "type": "message",
        "user": "U23DZ7FHV",
        "text": "Papers con source code en GitHub:\n<http:\/\/www.gitxiv.com>",
        "ts": "1483233080.000017"
    }
]