[
    {
        "type": "message",
        "user": "U23DZ7FHV",
        "text": "Esta p\u00e1g. est\u00e1 buena para aprender de ConvNets:\n<http:\/\/cs231n.github.io\/convolutional-networks\/>",
        "attachments": [
            {
                "title": "CS231n Convolutional Neural Networks for Visual Recognition",
                "title_link": "http:\/\/cs231n.github.io\/convolutional-networks\/",
                "text": "Course materials and notes for Stanford class CS231n: Convolutional Neural Networks for Visual Recognition.",
                "fallback": "CS231n Convolutional Neural Networks for Visual Recognition",
                "from_url": "http:\/\/cs231n.github.io\/convolutional-networks\/",
                "service_name": "cs231n.github.io",
                "id": 1
            }
        ],
        "ts": "1481855580.000002"
    }
]