[
    {
        "type": "message",
        "user": "U23DZ7FHV",
        "text": "<https:\/\/github.com\/udacity\/self-driving-car>",
        "attachments": [
            {
                "service_name": "GitHub",
                "title": "udacity\/self-driving-car",
                "title_link": "https:\/\/github.com\/udacity\/self-driving-car",
                "text": "self-driving-car - The Udacity open source self-driving car project",
                "fallback": "GitHub: udacity\/self-driving-car",
                "thumb_url": "https:\/\/avatars3.githubusercontent.com\/u\/1916665?v=3&s=400",
                "from_url": "https:\/\/github.com\/udacity\/self-driving-car",
                "thumb_width": 304,
                "thumb_height": 304,
                "service_icon": "https:\/\/github.com\/apple-touch-icon.png",
                "id": 1
            }
        ],
        "ts": "1483147818.000002"
    },
    {
        "type": "message",
        "user": "U23DZ7FHV",
        "text": "<https:\/\/github.com\/zxytim\/neural-painter>",
        "attachments": [
            {
                "service_name": "GitHub",
                "title": "zxytim\/neural-painter",
                "title_link": "https:\/\/github.com\/zxytim\/neural-painter",
                "text": "neural-painter - Paint artistic patterns using random neural network",
                "fallback": "GitHub: zxytim\/neural-painter",
                "thumb_url": "https:\/\/avatars3.githubusercontent.com\/u\/888911?v=3&s=400",
                "from_url": "https:\/\/github.com\/zxytim\/neural-painter",
                "thumb_width": 394,
                "thumb_height": 394,
                "service_icon": "https:\/\/github.com\/apple-touch-icon.png",
                "id": 1
            }
        ],
        "ts": "1483147971.000004"
    }
]