[
    {
        "type": "message",
        "user": "U23DAGRHT",
        "text": "\u00c9sta sobre Deep Learning y NLP",
        "ts": "1481903955.000002"
    },
    {
        "type": "message",
        "user": "U23DAGRHT",
        "text": "<http:\/\/cs224d.stanford.edu\/>",
        "ts": "1481903956.000003"
    },
    {
        "type": "message",
        "user": "U23DAGRHT",
        "text": "Las lectures est\u00e1s en YT",
        "ts": "1481903965.000004"
    },
    {
        "type": "message",
        "user": "U23DZ7FHV",
        "text": "<@U23DAGRHT> Qui\u00e9n dir\u00eda que subir\u00edas algo de ML",
        "ts": "1481903981.000005"
    },
    {
        "type": "message",
        "user": "U23DAGRHT",
        "text": "Exacto!",
        "ts": "1481903988.000006"
    },
    {
        "type": "message",
        "user": "U23DAGRHT",
        "text": "jajajaja",
        "ts": "1481903990.000007"
    },
    {
        "type": "message",
        "user": "U23DAGRHT",
        "text": "<http:\/\/alumni.media.mit.edu\/~jorkin\/aibooks.html>",
        "ts": "1481924630.000002"
    },
    {
        "type": "message",
        "user": "U23DZ7FHV",
        "text": "<http:\/\/www.thedatasciencehandbook.com>",
        "attachments": [
            {
                "title": "The Data Science Handbook",
                "title_link": "http:\/\/www.thedatasciencehandbook.com",
                "text": "Check out The Data Science Handbook! A compilation of interviews from leading data scientists at Uber, Palantir, LinkedIn, Facebook and more!",
                "fallback": "The Data Science Handbook",
                "thumb_url": "https:\/\/res.cloudinary.com\/hrscywv4p\/image\/upload\/c_fill,g_faces:center,h_300,q_90,w_300\/v1\/104255\/LDA_iwzn9x.png",
                "from_url": "http:\/\/www.thedatasciencehandbook.com",
                "thumb_width": 300,
                "thumb_height": 300,
                "service_icon": "http:\/\/www.thedatasciencehandbook.com\/favicon.ico",
                "service_name": "thedatasciencehandbook.com",
                "id": 1
            }
        ],
        "ts": "1481952777.000002"
    },
    {
        "type": "message",
        "user": "U23DZ7FHV",
        "text": "<http:\/\/www.datatau.com>",
        "ts": "1481952819.000004"
    }
]