[
    {
        "user": "U23DZ7FHV",
        "text": "<@U23DZ7FHV|diegoalejogm> has joined the channel",
        "type": "message",
        "subtype": "channel_join",
        "ts": "1481140531.000002"
    },
    {
        "type": "message",
        "user": "U23DZ7FHV",
        "text": "<https:\/\/aiexperiments.withgoogle.com>",
        "attachments": [
            {
                "title": "A.I. Experiments",
                "title_link": "https:\/\/aiexperiments.withgoogle.com",
                "text": "AI Experiments is a showcase for simple experiments that let anyone play with artificial intelligence and machine learning in hands-on ways, through pictures, drawings, language, music, and more.",
                "fallback": "A.I. Experiments",
                "image_url": "https:\/\/aiexperiments.withgoogle.com\/assets\/img\/share_700x375-1.jpg",
                "image_width": 467,
                "image_height": 250,
                "from_url": "https:\/\/aiexperiments.withgoogle.com",
                "image_bytes": 48813,
                "service_icon": "https:\/\/aiexperiments.withgoogle.com\/assets\/img\/favicon.png",
                "service_name": "aiexperiments.withgoogle.com",
                "id": 1
            }
        ],
        "ts": "1481140535.000003"
    }
]