[
    {
        "user": "U248PK4UB",
        "inviter": "U23DZ7FHV",
        "text": "<@U248PK4UB|diegomontoyas> has joined the channel",
        "type": "message",
        "subtype": "channel_join",
        "ts": "1481201604.000002"
    },
    {
        "user": "U23E6TXLN",
        "inviter": "U23DZ7FHV",
        "text": "<@U23E6TXLN|jcbages> has joined the channel",
        "type": "message",
        "subtype": "channel_join",
        "ts": "1481201604.000003"
    },
    {
        "user": "U23D3AF8E",
        "inviter": "U23DZ7FHV",
        "text": "<@U23D3AF8E|cgarciah> has joined the channel",
        "type": "message",
        "subtype": "channel_join",
        "ts": "1481201604.000004"
    },
    {
        "user": "U23DAGRHT",
        "inviter": "U23DZ7FHV",
        "text": "<@U23DAGRHT|scvalencia> has joined the channel",
        "type": "message",
        "subtype": "channel_join",
        "ts": "1481201604.000005"
    },
    {
        "user": "U23D2HSJ2",
        "inviter": "U23DZ7FHV",
        "text": "<@U23D2HSJ2|andfoy> has joined the channel",
        "type": "message",
        "subtype": "channel_join",
        "ts": "1481201604.000006"
    },
    {
        "user": "U273A3E21",
        "inviter": "U23DZ7FHV",
        "text": "<@U273A3E21|estebanvargas> has joined the channel",
        "type": "message",
        "subtype": "channel_join",
        "ts": "1481201604.000007"
    },
    {
        "type": "message",
        "user": "U23DZ7FHV",
        "text": "<https:\/\/github.com\/commaai\/openpilot>",
        "attachments": [
            {
                "service_name": "GitHub",
                "title": "commaai\/openpilot",
                "title_link": "https:\/\/github.com\/commaai\/openpilot",
                "text": "openpilot - open source driving agent",
                "fallback": "GitHub: commaai\/openpilot",
                "thumb_url": "https:\/\/avatars2.githubusercontent.com\/u\/16128714?v=3&s=400",
                "from_url": "https:\/\/github.com\/commaai\/openpilot",
                "thumb_width": 300,
                "thumb_height": 300,
                "service_icon": "https:\/\/github.com\/apple-touch-icon.png",
                "id": 1
            }
        ],
        "ts": "1481202689.000008"
    },
    {
        "type": "message",
        "user": "U23DZ7FHV",
        "text": "MusicNet \n<http:\/\/homes.cs.washington.edu\/~thickstn\/musicnet.html>",
        "ts": "1481202758.000012"
    },
    {
        "type": "message",
        "user": "U23DZ7FHV",
        "text": "<http:\/\/www.benfrederickson.com\/numerical-optimization\/?utm_campaign=Data%2BElixir&amp;utm_medium=email&amp;utm_source=Data_Elixir_108>",
        "attachments": [
            {
                "title": "An Interactive Tutorial on Numerical Optimization",
                "title_link": "http:\/\/www.benfrederickson.com\/numerical-optimization\/?utm_campaign=Data%2BElixir&utm_medium=email&utm_source=Data_Elixir_108",
                "fallback": "An Interactive Tutorial on Numerical Optimization",
                "image_url": "http:\/\/www.benfrederickson.com\/images\/fmin\/cities.gif",
                "from_url": "http:\/\/www.benfrederickson.com\/numerical-optimization\/?utm_campaign=Data%2BElixir&utm_medium=email&utm_source=Data_Elixir_108",
                "image_width": 325,
                "image_height": 250,
                "image_bytes": 1129054,
                "service_icon": "http:\/\/www.benfrederickson.com\/favicon.ico",
                "service_name": "benfrederickson.com",
                "id": 1
            }
        ],
        "ts": "1481203063.000013",
        "reactions": [
            {
                "name": "+1",
                "users": [
                    "U248PK4UB"
                ],
                "count": 1
            }
        ]
    },
    {
        "type": "message",
        "user": "U23DZ7FHV",
        "text": "<https:\/\/github.com\/caesar0301\/awesome-public-datasets>",
        "attachments": [
            {
                "service_name": "GitHub",
                "title": "caesar0301\/awesome-public-datasets",
                "title_link": "https:\/\/github.com\/caesar0301\/awesome-public-datasets",
                "text": "awesome-public-datasets - An awesome list of high-quality open datasets in public domains (on-going). By everyone, for everyone.",
                "fallback": "GitHub: caesar0301\/awesome-public-datasets",
                "thumb_url": "https:\/\/avatars3.githubusercontent.com\/u\/499254?v=3&s=400",
                "from_url": "https:\/\/github.com\/caesar0301\/awesome-public-datasets",
                "thumb_width": 290,
                "thumb_height": 290,
                "service_icon": "https:\/\/github.com\/apple-touch-icon.png",
                "id": 1
            }
        ],
        "ts": "1481219307.000002"
    },
    {
        "type": "message",
        "user": "U248PK4UB",
        "text": "<http:\/\/playground.tensorflow.org>",
        "attachments": [
            {
                "title": "Tensorflow \u2014 Neural Network Playground",
                "title_link": "http:\/\/playground.tensorflow.org",
                "text": "Tinker with a real neural network right here in your browser.",
                "fallback": "Tensorflow \u2014 Neural Network Playground",
                "image_url": "http:\/\/playground.tensorflow.org\/preview.png",
                "image_width": 475,
                "image_height": 250,
                "from_url": "http:\/\/playground.tensorflow.org",
                "image_bytes": 164023,
                "service_icon": "http:\/\/playground.tensorflow.org\/favicon.png",
                "service_name": "playground.tensorflow.org",
                "id": 1
            }
        ],
        "ts": "1481225829.000004"
    }
]