[
    {
        "type": "message",
        "user": "U23DZ7FHV",
        "text": "<https:\/\/sites.google.com\/site\/nips2016adversarial\/>",
        "attachments": [
            {
                "title": "NIPS 2016 Workshop on Adversarial Training",
                "title_link": "https:\/\/sites.google.com\/site\/nips2016adversarial\/",
                "text": "Website for the NIPS2016 Workshop on Adversarial Training",
                "fallback": "NIPS 2016 Workshop on Adversarial Training",
                "image_url": "https:\/\/sites.google.com\/site\/nips2016adversarial\/_\/rsrc\/1471422152552\/home\/robotic_arm_wrestling_by_ociacia-d78inix.jpg",
                "from_url": "https:\/\/sites.google.com\/site\/nips2016adversarial\/",
                "image_width": 503,
                "image_height": 250,
                "image_bytes": 163170,
                "service_icon": "https:\/\/ssl.gstatic.com\/sites\/p\/1711bf\/system\/app\/images\/apple-touch-icon.png",
                "service_name": "sites.google.com",
                "id": 1
            }
        ],
        "ts": "1486560384.000002"
    },
    {
        "type": "message",
        "user": "U23DZ7FHV",
        "text": "<https:\/\/jvns.ca\/production-machine-learning.pdf>",
        "ts": "1486562801.000005"
    },
    {
        "type": "message",
        "user": "U23DZ7FHV",
        "text": "<https:\/\/rise.cs.berkeley.edu>",
        "attachments": [
            {
                "service_name": "RISELab",
                "title": "RISELab at UC Berkeley - REAL-TIME INTELLIGENT SECURE EXECUTION",
                "title_link": "https:\/\/rise.cs.berkeley.edu",
                "text": "In the RISELab, we develop technologies that enable applications to make low-latency decisions on live data with strong security.",
                "fallback": "RISELab: RISELab at UC Berkeley - REAL-TIME INTELLIGENT SECURE EXECUTION",
                "thumb_url": "https:\/\/rise.cs.berkeley.edu\/wp-content\/uploads\/2017\/01\/riselab-at-uc-berkeley.jpg",
                "from_url": "https:\/\/rise.cs.berkeley.edu",
                "thumb_width": 1200,
                "thumb_height": 630,
                "id": 1
            }
        ],
        "ts": "1486563449.000006"
    },
    {
        "type": "message",
        "user": "U23DZ7FHV",
        "text": "Visualize GitHub's Newest, Most Popular Repos\n<http:\/\/donnemartin.com\/viz\/>",
        "edited": {
            "user": "U23DZ7FHV",
            "ts": "1486565295.000000"
        },
        "ts": "1486565274.000008"
    },
    {
        "type": "message",
        "user": "U23DZ7FHV",
        "text": "<https:\/\/quickdraw.withgoogle.com\/>",
        "attachments": [
            {
                "title": "Quick, Draw!",
                "title_link": "https:\/\/quickdraw.withgoogle.com\/",
                "text": "Can a neural network learn to recognize doodles? See how well it does with your drawings and help teach it, just by playing.",
                "fallback": "Quick, Draw!",
                "image_url": "https:\/\/quickdraw.withgoogle.com\/static\/shareimg.png",
                "from_url": "https:\/\/quickdraw.withgoogle.com\/",
                "image_width": 476,
                "image_height": 250,
                "image_bytes": 54307,
                "service_icon": "https:\/\/quickdraw.withgoogle.com\/static\/favicon-152.png",
                "service_name": "quickdraw.withgoogle.com",
                "id": 1
            }
        ],
        "ts": "1486572522.000010"
    },
    {
        "type": "message",
        "user": "U23DZ7FHV",
        "text": "Muy bacano el startup: <https:\/\/www.starship.xyz>",
        "ts": "1486572973.000012",
        "reactions": [
            {
                "name": "+1",
                "users": [
                    "U23DAGRHT"
                ],
                "count": 1
            }
        ]
    },
    {
        "type": "message",
        "user": "U23DZ7FHV",
        "text": "<http:\/\/www.neodriven.com> #selfdrivingcars",
        "ts": "1486573439.000013"
    },
    {
        "type": "message",
        "user": "U23DZ7FHV",
        "text": "<http:\/\/aiimpacts.org\/articles\/>",
        "ts": "1486573505.000014"
    },
    {
        "type": "message",
        "user": "U23DZ7FHV",
        "text": "Otro startup muy bacano: <https:\/\/xnor.ai>",
        "attachments": [
            {
                "title": "XNOR.AI \u2014 Fast AI on any device.",
                "title_link": "https:\/\/xnor.ai",
                "text": "<http:\/\/XNOR.ai|XNOR.ai> \u2014 fast AI on any device",
                "fallback": "XNOR.AI \u2014 Fast AI on any device.",
                "from_url": "https:\/\/xnor.ai",
                "service_name": "xnor.ai",
                "id": 1
            }
        ],
        "ts": "1486574445.000016"
    },
    {
        "user": "U3XSJ0AAJ",
        "inviter": "U23DZ7FHV",
        "text": "<@U3XSJ0AAJ|romsearcher_ai> has joined the channel",
        "type": "message",
        "subtype": "channel_join",
        "ts": "1486575557.000018"
    },
    {
        "user": "U3Y1DECNN",
        "inviter": "U23DZ7FHV",
        "text": "<@U3Y1DECNN|andfoy2> has joined the channel",
        "type": "message",
        "subtype": "channel_join",
        "ts": "1486575557.000019"
    },
    {
        "user": "U3X9A71NX",
        "inviter": "U23DZ7FHV",
        "text": "<@U3X9A71NX|claudiabm777> has joined the channel",
        "type": "message",
        "subtype": "channel_join",
        "ts": "1486575557.000020"
    },
    {
        "type": "message",
        "user": "U23DZ7FHV",
        "text": "<http:\/\/www.cs.toronto.edu\/~hinton\/>",
        "attachments": [
            {
                "title": "Home Page of Geoffrey Hinton",
                "title_link": "http:\/\/www.cs.toronto.edu\/~hinton\/",
                "text": "Geoffrey Hinton : index",
                "fallback": "Home Page of Geoffrey Hinton",
                "from_url": "http:\/\/www.cs.toronto.edu\/~hinton\/",
                "service_icon": "http:\/\/www.cs.toronto.edu\/favicon.ico",
                "service_name": "cs.toronto.edu",
                "id": 1
            }
        ],
        "ts": "1486579978.000021"
    },
    {
        "type": "message",
        "user": "U23DZ7FHV",
        "text": "<http:\/\/www.iro.umontreal.ca\/~bengioy\/yoshua_en\/index.html>",
        "ts": "1486580026.000023"
    },
    {
        "type": "message",
        "user": "U23DZ7FHV",
        "text": "<http:\/\/yann.lecun.com>",
        "ts": "1486580097.000024"
    },
    {
        "type": "message",
        "user": "U23DZ7FHV",
        "text": "<http:\/\/www.andrewng.org>",
        "attachments": [
            {
                "service_name": "Andrew Ng",
                "title": "Home - Andrew Ng",
                "title_link": "http:\/\/www.andrewng.org",
                "text": "ABOUT ANDREW NG Andrew Ng is VP &amp; Chief Scientist of Baidu; Co-Chairman and Co-Founder of Coursera; and an Adjunct Professor at Stanford University.\u00a0\u00a0In 2011 he led the development of Stanford University\u2019s main MOOC (Massive Open Online Courses) platform and also taught an online Machine Learning class that was offered to over 100,000 students, leading to the founding of Coursera. more &gt; VIDEO INTRODUCTION TO O2O There is a rise of O2O (online to offline) services, in which users are using their cellphones to get their cars washed, make last-minute restaurant reservations, find discounted deals, order prescription medicine, and more. Cellphones are becoming a \u201cremote control\u201d for the physical environment around us. O2O\u2019s rise has been rapid in China, because of its high population density. On a recent ...",
                "fallback": "Andrew Ng: Home - Andrew Ng",
                "from_url": "http:\/\/www.andrewng.org",
                "id": 1
            }
        ],
        "ts": "1486580135.000025"
    },
    {
        "type": "message",
        "user": "U23DZ7FHV",
        "text": "Startup increible: <@U23DAGRHT> \n<http:\/\/pjreddie.com\/darknet\/yolo\/>",
        "attachments": [
            {
                "title": "YOLO: Real-Time Object Detection",
                "title_link": "http:\/\/pjreddie.com\/darknet\/yolo\/",
                "text": "You only look once (YOLO) is a state-of-the-art, real-time object detection system.",
                "fallback": "YOLO: Real-Time Object Detection",
                "from_url": "http:\/\/pjreddie.com\/darknet\/yolo\/",
                "service_name": "pjreddie.com",
                "id": 1
            }
        ],
        "ts": "1486582866.000027"
    },
    {
        "type": "message",
        "user": "U23DAGRHT",
        "text": "<https:\/\/sebastianraschka.com\/>",
        "attachments": [
            {
                "title": "Sebastian Raschka's Website",
                "title_link": "https:\/\/sebastianraschka.com\/",
                "text": "This is the personal website of a data scientist and machine learning enthusiast with a big passion for Python and open source. Born and raised in Germany, now living in East Lansing, Michigan.",
                "fallback": "Sebastian Raschka's Website",
                "from_url": "https:\/\/sebastianraschka.com\/",
                "service_icon": "https:\/\/sebastianraschka.com\/favicon.ico",
                "service_name": "sebastianraschka.com",
                "id": 1
            }
        ],
        "ts": "1486586650.000029"
    },
    {
        "type": "message",
        "user": "U23DAGRHT",
        "text": "S\u00ed",
        "ts": "1486586665.000032"
    },
    {
        "type": "message",
        "user": "U23DAGRHT",
        "text": "El lbro lo hab\u00eda oido pero no sab\u00eda que tal",
        "ts": "1486586711.000034"
    },
    {
        "type": "message",
        "user": "U23DAGRHT",
        "text": "Yo tengo Learing From Data f\u00edsico",
        "ts": "1486586723.000035"
    },
    {
        "type": "message",
        "user": "U23DZ7FHV",
        "text": "<http:\/\/deeplearning.net>",
        "ts": "1486589219.000037"
    },
    {
        "type": "message",
        "user": "U23DZ7FHV",
        "text": "<https:\/\/www.reddit.com\/r\/MachineLearning\/>",
        "attachments": [
            {
                "service_name": "reddit",
                "title": "Machine Learning \u2022 \/r\/MachineLearning",
                "title_link": "https:\/\/www.reddit.com\/r\/MachineLearning\/",
                "text": "reddit: the front page of the internet",
                "fallback": "reddit: Machine Learning \u2022 \/r\/MachineLearning",
                "thumb_url": "https:\/\/www.redditstatic.com\/icon.png",
                "from_url": "https:\/\/www.reddit.com\/r\/MachineLearning\/",
                "thumb_width": 256,
                "thumb_height": 256,
                "service_icon": "https:\/\/www.reddit.com\/favicon.ico",
                "id": 1
            }
        ],
        "ts": "1486589241.000041"
    },
    {
        "type": "message",
        "user": "U3Y1DECNN",
        "text": "<http:\/\/blog.kubernetes.io\/2017\/02\/run-deep-learning-with-paddlepaddle-on-kubernetes.html>",
        "attachments": [
            {
                "title": "Run Deep Learning with PaddlePaddle on Kubernetes",
                "title_link": "http:\/\/blog.kubernetes.io\/2017\/02\/run-deep-learning-with-paddlepaddle-on-kubernetes.html",
                "text": "The official Kubernetes blog.",
                "fallback": "Run Deep Learning with PaddlePaddle on Kubernetes",
                "image_url": "https:\/\/3.bp.blogspot.com\/-Mwn3FU9hffI\/WJk8QBxA6SI\/AAAAAAAAA8w\/AS5QoMdPTN8bL9jnixlsCXzj1IfYerhRQCLcB\/w1200-h630-p-k-nu\/baidu_research_logo_rgb.png",
                "from_url": "http:\/\/blog.kubernetes.io\/2017\/02\/run-deep-learning-with-paddlepaddle-on-kubernetes.html",
                "image_width": 429,
                "image_height": 225,
                "image_bytes": 14230,
                "service_icon": "http:\/\/blog.kubernetes.io\/favicon.ico",
                "service_name": "blog.kubernetes.io",
                "id": 1
            }
        ],
        "ts": "1486597442.000044"
    }
]