[
    {
        "user": "U3HHPGYFP",
        "inviter": "U23E6TXLN",
        "text": "<@U3HHPGYFP|meili> has joined the channel",
        "type": "message",
        "subtype": "channel_join",
        "ts": "1486513742.000004"
    },
    {
        "type": "message",
        "user": "U23E6TXLN",
        "text": "<http:\/\/yasiv.com> esta pagina esta genial, es un grafo de cosas compradas juntas con amazon. deberias verlo <@U3HHPGYFP>  es super visual y genial :smile:",
        "attachments": [
            {
                "title": "Amazon Products Visualization - YASIV",
                "title_link": "http:\/\/yasiv.com",
                "text": "Amazon visualization shows similar items based on \"Customers who bought this also bought...\" data from Amazon",
                "fallback": "Amazon Products Visualization - YASIV",
                "from_url": "http:\/\/yasiv.com",
                "service_icon": "http:\/\/yasiv.com\/favicon.ico",
                "service_name": "yasiv.com",
                "id": 1
            }
        ],
        "ts": "1486513757.000006",
        "reactions": [
            {
                "name": "heart",
                "users": [
                    "U23DZ7FHV"
                ],
                "count": 1
            }
        ]
    }
]