[
    {
        "type": "message",
        "user": "U23DZ7FHV",
        "text": "<http:\/\/norvig.com>",
        "ts": "1486425506.000002"
    },
    {
        "type": "message",
        "user": "U23DAGRHT",
        "text": "<https:\/\/sebastianraschka.com\/blog\/index.html>",
        "attachments": [
            {
                "service_name": "Sebastian Raschka's Website",
                "title": "Blog",
                "title_link": "https:\/\/sebastianraschka.com\/blog\/index.html",
                "text": "This is the personal website of a data scientist and machine learning enthusiast with a big passion for Python and open source. Born and raised in Germany, now living in East Lansing, Michigan.",
                "fallback": "Sebastian Raschka's Website: Blog",
                "from_url": "https:\/\/sebastianraschka.com\/blog\/index.html",
                "service_icon": "https:\/\/sebastianraschka.com\/favicon.ico",
                "id": 1
            }
        ],
        "ts": "1486428514.000003"
    },
    {
        "type": "message",
        "user": "U23DAGRHT",
        "text": "<http:\/\/bradleymitchell.me\/>",
        "ts": "1486428523.000005"
    },
    {
        "type": "message",
        "user": "U23DZ7FHV",
        "text": "<http:\/\/www.semanticmachines.com\/home>",
        "attachments": [
            {
                "service_name": "Semantic Machines",
                "title": "Home",
                "title_link": "http:\/\/www.semanticmachines.com\/home",
                "text": "Semantic Machines is developing the fundamental AI technology needed to make conversational computing a reality.",
                "fallback": "Semantic Machines: Home",
                "thumb_url": "http:\/\/static1.squarespace.com\/static\/5641086ee4b08c5cf2d0d7ca\/t\/56708773c21b86f5af534dfb\/1484955476962\/?format=1000w",
                "from_url": "http:\/\/www.semanticmachines.com\/home",
                "thumb_width": 400,
                "thumb_height": 400,
                "service_icon": "http:\/\/www.semanticmachines.com\/favicon.ico",
                "id": 1
            }
        ],
        "ts": "1486430119.000006"
    },
    {
        "type": "message",
        "user": "U23DZ7FHV",
        "text": "<http:\/\/niland.io\/lab>",
        "attachments": [
            {
                "service_name": "Niland.io",
                "title": "The hosted search API that understands, sorts and recommends your music.",
                "title_link": "http:\/\/niland.io\/lab",
                "text": "Deep learning and music : discover the latest demos built by our team",
                "fallback": "Niland.io: The hosted search API that understands, sorts and recommends your music.",
                "image_url": "http:\/\/niland.io\/img\/logo-icon-small.png",
                "from_url": "http:\/\/niland.io\/lab",
                "image_width": 251,
                "image_height": 250,
                "image_bytes": 20383,
                "service_icon": "http:\/\/niland.io\/img\/favicon.ico",
                "id": 1
            }
        ],
        "ts": "1486430275.000008"
    },
    {
        "type": "message",
        "user": "U23DZ7FHV",
        "text": "<https:\/\/www.clare.ai>",
        "attachments": [
            {
                "title": "Clare.ai - Chatbot for Banks to engage your customers",
                "title_link": "https:\/\/www.clare.ai",
                "text": "<http:\/\/Clare.ai|Clare.ai> - Chatbot for Banks - White label conversational solution to provide automated customer support and engage your customers.",
                "fallback": "Clare.ai - Chatbot for Banks to engage your customers",
                "from_url": "https:\/\/www.clare.ai",
                "thumb_url": "http:\/\/storage.googleapis.com\/instapage-user-media\/d660ef94\/11914923-0-chat-2.png",
                "thumb_width": 128,
                "thumb_height": 128,
                "service_icon": "http:\/\/storage.googleapis.com\/instapage-user-media\/d660ef94\/11919778-0-fav.png",
                "service_name": "clare.ai",
                "id": 1
            }
        ],
        "ts": "1486430297.000009"
    },
    {
        "type": "message",
        "user": "U23DZ7FHV",
        "text": "<https:\/\/cayley.io\/#>",
        "ts": "1486430350.000010"
    }
]