[
    {
        "type": "message",
        "user": "U23E6TXLN",
        "text": "<https:\/\/medium.com\/@harvitronix\/continuous-online-video-classification-with-tensorflow-inception-and-a-raspberry-pi-785c8b1e13e1#.8bmygtkjq>",
        "attachments": [
            {
                "service_name": "Medium",
                "title": "Continuous online video classification with TensorFlow, Inception and a Raspberry Pi",
                "title_link": "https:\/\/medium.com\/@harvitronix\/continuous-online-video-classification-with-tensorflow-inception-and-a-raspberry-pi-785c8b1e13e1#.8bmygtkjq",
                "text": "Or, using convolutional neural networks to identify what\u2019s on TV",
                "fallback": "Medium: Continuous online video classification with TensorFlow, Inception and a Raspberry Pi",
                "image_url": "https:\/\/cdn-images-1.medium.com\/max\/1200\/1*rO0ktQ1Hv-70UF1rBy1wyA.jpeg",
                "fields": [
                    {
                        "title": "Reading time",
                        "value": "7 min read",
                        "short": true
                    }
                ],
                "ts": 1482772575,
                "from_url": "https:\/\/medium.com\/@harvitronix\/continuous-online-video-classification-with-tensorflow-inception-and-a-raspberry-pi-785c8b1e13e1#.8bmygtkjq",
                "image_width": 375,
                "image_height": 250,
                "image_bytes": 156061,
                "service_icon": "https:\/\/cdn-images-1.medium.com\/fit\/c\/152\/152\/1*W0nmth_X8nFKjn6BZ388UQ.png",
                "id": 1
            }
        ],
        "ts": "1484028335.000002"
    },
    {
        "type": "message",
        "user": "U23E6TXLN",
        "text": "<https:\/\/medium.com\/@harvitronix\/continuous-video-classification-with-tensorflow-inception-and-recurrent-nets-250ba9ff6b85#.250o3r1mz>",
        "attachments": [
            {
                "service_name": "Medium",
                "title": "Continuous video classification with TensorFlow, Inception and Recurrent Nets",
                "title_link": "https:\/\/medium.com\/@harvitronix\/continuous-video-classification-with-tensorflow-inception-and-recurrent-nets-250ba9ff6b85#.250o3r1mz",
                "text": "Part 2 of a series exploring continuous classification methods.",
                "fallback": "Medium: Continuous video classification with TensorFlow, Inception and Recurrent Nets",
                "image_url": "https:\/\/cdn-images-1.medium.com\/max\/1200\/1*afWcqf-UWY7afVErHHwYHg.png",
                "fields": [
                    {
                        "title": "Reading time",
                        "value": "6 min read",
                        "short": true
                    }
                ],
                "ts": 1483122619,
                "from_url": "https:\/\/medium.com\/@harvitronix\/continuous-video-classification-with-tensorflow-inception-and-recurrent-nets-250ba9ff6b85#.250o3r1mz",
                "image_width": 551,
                "image_height": 250,
                "image_bytes": 27676,
                "service_icon": "https:\/\/cdn-images-1.medium.com\/fit\/c\/152\/152\/1*W0nmth_X8nFKjn6BZ388UQ.png",
                "id": 1
            }
        ],
        "ts": "1484028344.000004"
    }
]