[
    {
        "type": "message",
        "user": "U23DZ7FHV",
        "text": "<https:\/\/github.com\/terryum\/awesome-deep-learning-papers>",
        "attachments": [
            {
                "service_name": "GitHub",
                "title": "terryum\/awesome-deep-learning-papers",
                "title_link": "https:\/\/github.com\/terryum\/awesome-deep-learning-papers",
                "text": "Contribute to awesome-deep-learning-papers development by creating an account on GitHub.",
                "fallback": "GitHub: terryum\/awesome-deep-learning-papers",
                "thumb_url": "https:\/\/avatars2.githubusercontent.com\/u\/12528769?v=3&s=400",
                "from_url": "https:\/\/github.com\/terryum\/awesome-deep-learning-papers",
                "thumb_width": 400,
                "thumb_height": 400,
                "service_icon": "https:\/\/github.com\/apple-touch-icon.png",
                "id": 1
            }
        ],
        "ts": "1484962796.000002"
    }
]