[
    {
        "type": "message",
        "user": "U23DZ7FHV",
        "text": "<https:\/\/www.aifrontiers.com>",
        "attachments": [
            {
                "title": "AI Frontiers Conference | Santa Clara, CA | January 11-12, 2017",
                "title_link": "https:\/\/www.aifrontiers.com",
                "text": "Join world-class industrial practitioners and researchers to share the cutting-edge development of Artificial Intelligence in Santa Clara, California.",
                "fallback": "AI Frontiers Conference | Santa Clara, CA | January 11-12, 2017",
                "image_url": "https:\/\/static.wixstatic.com\/media\/bede95_62ecc646404c4b358ca66e55030a7407%7Emv2.png",
                "from_url": "https:\/\/www.aifrontiers.com",
                "image_width": 459,
                "image_height": 250,
                "image_bytes": 2205283,
                "service_icon": "https:\/\/static.parastorage.com\/client\/pfavico.ico",
                "service_name": "aifrontiers.com",
                "id": 1
            }
        ],
        "ts": "1484863836.000002"
    }
]