[
    {
        "type": "message",
        "user": "U23DZ7FHV",
        "text": "Practical Deep Learning Course (taught by Kaggle\u2019s #1 competitor) GRATIS:\n<http:\/\/course.fast.ai\/index.html>",
        "attachments": [
            {
                "title": "Practical Deep Learning For Coders\u201418 hours of lessons for free",
                "title_link": "http:\/\/course.fast.ai\/index.html",
                "text": "<http:\/\/fast.ai|fast.ai>'s practical deep learning MOOC for coders. Learn CNNs, RNNs, computer vision, NLP, recommendation systems, keras, theano, and much more! neural networks!",
                "fallback": "Practical Deep Learning For Coders\u201418 hours of lessons for free",
                "from_url": "http:\/\/course.fast.ai\/index.html",
                "service_icon": "http:\/\/course.fast.ai\/favicon.ico",
                "service_name": "course.fast.ai",
                "id": 1
            }
        ],
        "ts": "1483369462.000018"
    },
    {
        "type": "message",
        "user": "U23DAGRHT",
        "text": "Gracias :slightly_smiling_face:",
        "ts": "1483370895.000020"
    },
    {
        "type": "message",
        "user": "U23DAGRHT",
        "text": "<https:\/\/github.com\/udacity\/self-driving-car>",
        "attachments": [
            {
                "service_name": "GitHub",
                "title": "udacity\/self-driving-car",
                "title_link": "https:\/\/github.com\/udacity\/self-driving-car",
                "text": "self-driving-car - The Udacity open source self-driving car project",
                "fallback": "GitHub: udacity\/self-driving-car",
                "thumb_url": "https:\/\/avatars3.githubusercontent.com\/u\/1916665?v=3&s=400",
                "from_url": "https:\/\/github.com\/udacity\/self-driving-car",
                "thumb_width": 304,
                "thumb_height": 304,
                "service_icon": "https:\/\/github.com\/apple-touch-icon.png",
                "id": 1
            }
        ],
        "ts": "1483382083.000021"
    },
    {
        "type": "message",
        "user": "U23DAGRHT",
        "text": "No ca\u00ed en cuenta que ya estaba :s",
        "ts": "1483382098.000023"
    },
    {
        "type": "message",
        "user": "U23DAGRHT",
        "text": "Lo siento",
        "ts": "1483382099.000024"
    },
    {
        "type": "message",
        "user": "U23DAGRHT",
        "text": "Est\u00e1 genial la idea",
        "ts": "1483382109.000025"
    }
]