[
    {
        "user": "U23DZ7FHV",
        "old_name": "news",
        "name": "news_articles",
        "text": "<@U23DZ7FHV|diegoalejogm> has renamed the channel from \"news\" to \"news_articles\"",
        "type": "message",
        "subtype": "channel_name",
        "ts": "1483198330.000011"
    },
    {
        "type": "message",
        "user": "U23DZ7FHV",
        "text": "LSTM Networks in Keras: \n<http:\/\/www.jakob-aungiers.com\/articles\/a\/LSTM-Neural-Network-for-Time-Series-Prediction>",
        "attachments": [
            {
                "title": "LSTM Neural Network for Time Series Prediction",
                "title_link": "http:\/\/www.jakob-aungiers.com\/articles\/a\/LSTM-Neural-Network-for-Time-Series-Prediction",
                "text": "Whilst there are plenty of articles detailing the theoretical workings of neural networks for deep learning applications, I",
                "fallback": "LSTM Neural Network for Time Series Prediction",
                "image_url": "http:\/\/www.jakob-aungiers.com\/img\/article\/lstm-neural-network-timeseries.jpg",
                "from_url": "http:\/\/www.jakob-aungiers.com\/articles\/a\/LSTM-Neural-Network-for-Time-Series-Prediction",
                "image_width": 461,
                "image_height": 250,
                "image_bytes": 447709,
                "service_icon": "http:\/\/www.jakob-aungiers.com\/favicon.ico",
                "service_name": "jakob-aungiers.com",
                "id": 1
            }
        ],
        "ts": "1483198347.000012"
    },
    {
        "type": "message",
        "user": "U23DZ7FHV",
        "text": "C\u00f3mo hacer speech recognition: \n\n<https:\/\/medium.com\/@ageitgey\/machine-learning-is-fun-part-6-how-to-do-speech-recognition-with-deep-learning-28293c162f7a#.g9nvnxdwp>",
        "attachments": [
            {
                "service_name": "Medium",
                "title": "Machine Learning is Fun Part 6: How to do Speech Recognition with Deep Learning",
                "title_link": "https:\/\/medium.com\/@ageitgey\/machine-learning-is-fun-part-6-how-to-do-speech-recognition-with-deep-learning-28293c162f7a#.g9nvnxdwp",
                "text": "Side Note: Check out Part 1, Part 2, Part 3, Part 4 and Part 5 for more Machine Learning fun.",
                "fallback": "Medium: Machine Learning is Fun Part 6: How to do Speech Recognition with Deep Learning",
                "image_url": "https:\/\/cdn-images-1.medium.com\/max\/1200\/1*z2BKMXtFGhsW6_NFfguecg.jpeg",
                "fields": [
                    {
                        "title": "Reading time",
                        "value": "11 min read",
                        "short": true
                    }
                ],
                "ts": 1482538746,
                "from_url": "https:\/\/medium.com\/@ageitgey\/machine-learning-is-fun-part-6-how-to-do-speech-recognition-with-deep-learning-28293c162f7a#.g9nvnxdwp",
                "image_width": 453,
                "image_height": 250,
                "image_bytes": 77812,
                "service_icon": "https:\/\/cdn-images-1.medium.com\/fit\/c\/152\/152\/1*W0nmth_X8nFKjn6BZ388UQ.png",
                "id": 1
            }
        ],
        "ts": "1483201754.000014"
    },
    {
        "type": "message",
        "user": "U23DZ7FHV",
        "text": "Machine Learning &amp; Art @ google:\n<https:\/\/m.youtube.com\/watch?v=xgnxnmqnR7Y>",
        "attachments": [
            {
                "service_name": "YouTube",
                "service_url": "https:\/\/www.youtube.com\/",
                "title": "Google Arts &amp; Culture Experiments",
                "title_link": "https:\/\/m.youtube.com\/watch?v=xgnxnmqnR7Y",
                "author_name": "Google",
                "author_link": "https:\/\/www.youtube.com\/user\/Google",
                "thumb_url": "https:\/\/i.ytimg.com\/vi\/xgnxnmqnR7Y\/hqdefault.jpg",
                "thumb_width": 480,
                "thumb_height": 360,
                "fallback": "YouTube Video: Google Arts & Culture Experiments",
                "video_html": "<iframe width=\"400\" height=\"225\" src=\"https:\/\/www.youtube.com\/embed\/xgnxnmqnR7Y?feature=oembed&autoplay=1&iv_load_policy=3\" frameborder=\"0\" allowfullscreen><\/iframe>",
                "video_html_width": 400,
                "video_html_height": 225,
                "from_url": "https:\/\/m.youtube.com\/watch?v=xgnxnmqnR7Y",
                "service_icon": "https:\/\/a.slack-edge.com\/2089\/img\/unfurl_icons\/youtube.png",
                "id": 1
            }
        ],
        "ts": "1483209407.000016"
    },
    {
        "type": "message",
        "user": "U23DZ7FHV",
        "text": "Baby AI:\n<https:\/\/www.bloomberg.com\/news\/articles\/2016-03-23\/watch-this-ai-baby-in-action>",
        "attachments": [
            {
                "service_name": "Bloomberg.com",
                "title": "Watch This AI Baby in Action",
                "title_link": "https:\/\/www.bloomberg.com\/news\/articles\/2016-03-23\/watch-this-ai-baby-in-action",
                "text": "Mark Sagar has plans for the muscles of your face.\u00a0He's mapping the neural circuitry beneath the wrinkled nose, the puckered mouth, the narrowed eyes, and thousands of other facial signals to make computers look and act more like human beings. A lot more.",
                "fallback": "Bloomberg.com: Watch This AI Baby in Action",
                "thumb_url": "https:\/\/assets.bwbx.io\/javelin\/public\/images\/social-tech-7d25a852b6.jpg",
                "from_url": "https:\/\/www.bloomberg.com\/news\/articles\/2016-03-23\/watch-this-ai-baby-in-action",
                "thumb_width": 1200,
                "thumb_height": 630,
                "service_icon": "https:\/\/assets.bwbx.io\/javelin\/public\/images\/favicon-technology-c079867d2c.png",
                "id": 1
            }
        ],
        "ts": "1483213309.000018"
    },
    {
        "type": "message",
        "user": "U23DZ7FHV",
        "text": "<http:\/\/www.businessinsider.com\/hedge-fund-bridgewater-associates-building-ai-to-automate-work-2016-12>",
        "attachments": [
            {
                "service_name": "Business Insider",
                "title": "The world's largest hedge fund is building an AI engine to manage the company",
                "title_link": "http:\/\/www.businessinsider.com\/hedge-fund-bridgewater-associates-building-ai-to-automate-work-2016-12",
                "text": "Bridgewater Associates has hired the scientist behind IBM Watson to build an AI programme that can take management decisions, including hiring and firing.",
                "fallback": "Business Insider: The world's largest hedge fund is building an AI engine to manage the company",
                "image_url": "http:\/\/static1.businessinsider.com\/image\/585ced4ddd0895a27f8b491f-506-253\/the-worlds-largest-hedge-fund-is-building-an-ai-engine-to-manage-the-company.jpg",
                "from_url": "http:\/\/www.businessinsider.com\/hedge-fund-bridgewater-associates-building-ai-to-automate-work-2016-12",
                "image_width": 500,
                "image_height": 250,
                "image_bytes": 25854,
                "service_icon": "http:\/\/static3.businessinsider.com\/assets\/images\/us\/favicons\/apple-touch-icon-57x57.png?v=BI-US-2016-03-31",
                "id": 1
            }
        ],
        "ts": "1483213387.000020"
    },
    {
        "type": "message",
        "user": "U23DZ7FHV",
        "text": "Handwriting with a Neural Network. _Esta es una de mis favoritas, muy interactiva!_\n<http:\/\/distill.pub\/2016\/handwriting\/>",
        "attachments": [
            {
                "title": "Experiments in Handwriting with a Neural Network",
                "title_link": "http:\/\/distill.pub\/2016\/handwriting\/",
                "text": "Several interactive visualizations of a generative model of handwriting. Some are fun, some are serious.",
                "fallback": "Experiments in Handwriting with a Neural Network",
                "image_url": "http:\/\/distill.pub\/2016\/handwriting\/thumbnail.png",
                "image_width": 474,
                "image_height": 250,
                "from_url": "http:\/\/distill.pub\/2016\/handwriting\/",
                "image_bytes": 296602,
                "service_icon": "http:\/\/distill.pub\/favicon.png",
                "service_name": "distill.pub",
                "id": 1
            }
        ],
        "ts": "1483214280.000022"
    },
    {
        "type": "message",
        "user": "U23DZ7FHV",
        "text": "<http:\/\/ahogrammer.com\/2016\/11\/15\/deep-learning-enables-you-to-hide-screen-when-your-boss-is-approaching\/>",
        "attachments": [
            {
                "service_name": "Ahogrammer",
                "title": "Deep Learning Enables You to Hide Screen when Your Boss is Approaching",
                "title_link": "http:\/\/ahogrammer.com\/2016\/11\/15\/deep-learning-enables-you-to-hide-screen-when-your-boss-is-approaching\/",
                "text": "IntroductionWhen you are working, you have browsed information that is not relevant to your work, haven't you?I feel awkward when my boss is creeping behind",
                "fallback": "Ahogrammer: Deep Learning Enables You to Hide Screen when Your Boss is Approaching",
                "image_url": "http:\/\/ahogrammer.com\/wp-content\/uploads\/2016\/11\/73e1aeca-d72c-fd15-9f49-2d0de8c63314.jpeg",
                "from_url": "http:\/\/ahogrammer.com\/2016\/11\/15\/deep-learning-enables-you-to-hide-screen-when-your-boss-is-approaching\/",
                "image_width": 346,
                "image_height": 250,
                "image_bytes": 16922,
                "id": 1
            }
        ],
        "ts": "1483216806.000024"
    },
    {
        "type": "message",
        "user": "U23DZ7FHV",
        "text": "Beer brewing with AI:\n<http:\/\/www.eater.com\/2016\/12\/21\/14040630\/artificial-intelligence-beer-taste-test>",
        "attachments": [
            {
                "service_name": "Eater",
                "title": "Taste Testing Beer Brewed With Artificial Intelligence",
                "title_link": "http:\/\/www.eater.com\/2016\/12\/21\/14040630\/artificial-intelligence-beer-taste-test",
                "text": "AI crowdsources data from drinkers, and generates a recipe for brewers",
                "fallback": "Eater: Taste Testing Beer Brewed With Artificial Intelligence",
                "image_url": "https:\/\/cdn0.vox-cdn.com\/thumbor\/m9DIipmbxiXD6ja6asliUvxwwSQ=\/77x0:836x427\/1600x900\/cdn0.vox-cdn.com\/uploads\/chorus_image\/image\/52404407\/Screen_Shot_2016_12_21_at_12.05.43_PM.0.png",
                "image_width": 444,
                "image_height": 250,
                "ts": 1482348853,
                "from_url": "http:\/\/www.eater.com\/2016\/12\/21\/14040630\/artificial-intelligence-beer-taste-test",
                "image_bytes": 906812,
                "service_icon": "https:\/\/cdn0.vox-cdn.com\/uploads\/chorus_asset\/file\/6253177\/favicon-192x192.0.png",
                "id": 1
            }
        ],
        "ts": "1483217110.000026"
    },
    {
        "type": "message",
        "user": "U23DZ7FHV",
        "text": "DeepBach: ML with Music.\n<https:\/\/www.technologyreview.com\/s\/603137\/deep-learning-machine-listens-to-bach-then-writes-its-own-music-in-the-same-style\/>",
        "attachments": [
            {
                "service_name": "MIT Technology Review",
                "title": "Listen to this classical music composed in the style of Bach by a deep-learning machine",
                "title_link": "https:\/\/www.technologyreview.com\/s\/603137\/deep-learning-machine-listens-to-bach-then-writes-its-own-music-in-the-same-style\/",
                "text": "Can you tell the difference between music composed by Bach and by a neural network?",
                "fallback": "MIT Technology Review: Listen to this classical music composed in the style of Bach by a deep-learning machine",
                "image_url": "https:\/\/d267cvn3rvuq91.cloudfront.net\/i\/images\/screen-shot-2016-12-15-at-11.47.50-am.png?cx=0&cy=0&cw=1198&ch=674&sw=1200",
                "image_width": 444,
                "image_height": 250,
                "from_url": "https:\/\/www.technologyreview.com\/s\/603137\/deep-learning-machine-listens-to-bach-then-writes-its-own-music-in-the-same-style\/",
                "image_bytes": 411460,
                "service_icon": "https:\/\/www.technologyreview.com\/favicon.ico",
                "id": 1
            }
        ],
        "ts": "1483217844.000028"
    },
    {
        "type": "message",
        "user": "U23DZ7FHV",
        "text": "<http:\/\/nautil.us\/blog\/westworld-is-strikingly-real-ai-could-be-conscious-and-unpredictable>",
        "attachments": [
            {
                "service_name": "Nautilus",
                "title": "Westworld Is Strikingly Real: AI Could Be Conscious and Unpredictable",
                "title_link": "http:\/\/nautil.us\/blog\/westworld-is-strikingly-real-ai-could-be-conscious-and-unpredictable",
                "text": "Westworld recently wrapped its first season with a few stunning twists and a stunning statistic: With a 12-million-viewer average,&amp;#8230;",
                "fallback": "Nautilus: Westworld Is Strikingly Real: AI Could Be Conscious and Unpredictable",
                "image_url": "http:\/\/static.nautil.us\/11124_e3050c2fe9297974cbf4328fa4f98d42.png",
                "from_url": "http:\/\/nautil.us\/blog\/westworld-is-strikingly-real-ai-could-be-conscious-and-unpredictable",
                "image_width": 333,
                "image_height": 250,
                "image_bytes": 277677,
                "service_icon": "http:\/\/nautil.us\/favicon.ico",
                "id": 1
            }
        ],
        "ts": "1483232193.000030"
    },
    {
        "type": "message",
        "user": "U23DZ7FHV",
        "text": "Major advancements of Deep Learning in 2016 (MUY informativo) :\n<https:\/\/tryolabs.com\/blog\/2016\/12\/06\/major-advancements-deep-learning-2016\/?utm_campaign=Data%2BElixir&amp;utm_medium=email&amp;utm_source=Data_Elixir_110>",
        "attachments": [
            {
                "title": "The major advancements in Deep Learning in 2016 - Tryolabs Blog",
                "title_link": "https:\/\/tryolabs.com\/blog\/2016\/12\/06\/major-advancements-deep-learning-2016\/?utm_campaign=Data%2BElixir&utm_medium=email&utm_source=Data_Elixir_110",
                "text": "Deep Learning has been the core topic in the Machine Learning community the last couple of years and 2016 was not the exception. In this article, we will go through the advancements we think have contributed the most (or have the potential) to move the field forward and how organizations and the community are making sure that these powerful technologies are going to be used in a way that is beneficial for all.",
                "fallback": "The major advancements in Deep Learning in 2016 - Tryolabs Blog",
                "image_url": "https:\/\/tryolabs.com\/images\/blog\/social\/style-transfer-golden-gate.jpg",
                "from_url": "https:\/\/tryolabs.com\/blog\/2016\/12\/06\/major-advancements-deep-learning-2016\/?utm_campaign=Data%2BElixir&utm_medium=email&utm_source=Data_Elixir_110",
                "image_width": 476,
                "image_height": 250,
                "image_bytes": 372677,
                "service_icon": "https:\/\/tryolabs.com\/apple-touch-icon.png",
                "service_name": "tryolabs.com",
                "id": 1
            }
        ],
        "ts": "1483233048.000032"
    }
]