[
    {
        "type": "message",
        "user": "U23DZ7FHV",
        "text": "Programando un self-driving-car:\n<https:\/\/medium.com\/udacity\/coding-a-deep-neural-network-to-steer-a-car-step-by-step-c075a12108e2#.r13elfdvj>",
        "attachments": [
            {
                "service_name": "Medium",
                "title": "Coding a Deep Neural Network to Steer a Car: Step By Step \u2013 Udacity Inc",
                "title_link": "https:\/\/medium.com\/udacity\/coding-a-deep-neural-network-to-steer-a-car-step-by-step-c075a12108e2#.r13elfdvj",
                "text": "Using only camera frames as an input",
                "fallback": "Medium: Coding a Deep Neural Network to Steer a Car: Step By Step \u2013 Udacity Inc",
                "image_url": "https:\/\/cdn-images-1.medium.com\/max\/1200\/1*xdkinKGkjKzUPImcYjMUaA.gif",
                "fields": [
                    {
                        "title": "Reading time",
                        "value": "3 min read",
                        "short": true
                    }
                ],
                "ts": 1482352642,
                "from_url": "https:\/\/medium.com\/udacity\/coding-a-deep-neural-network-to-steer-a-car-step-by-step-c075a12108e2#.r13elfdvj",
                "image_width": 495,
                "image_height": 247,
                "image_bytes": 5614473,
                "service_icon": "https:\/\/cdn-images-1.medium.com\/fit\/c\/152\/152\/1*cBoKSZ-j31zxTm9ehxTb7w.png",
                "id": 1
            }
        ],
        "ts": "1483147841.000002"
    },
    {
        "type": "message",
        "user": "U23DZ7FHV",
        "text": "<http:\/\/www.forbes.com\/sites\/aarontilley\/2016\/12\/26\/apple-publishes-its-first-artificial-intelligence-paper\/#4f3c3e6d4cfe>",
        "attachments": [
            {
                "service_name": "Forbes",
                "title": "Apple Publishes Its First Artificial Intelligence Paper",
                "title_link": "http:\/\/www.forbes.com\/sites\/aarontilley\/2016\/12\/26\/apple-publishes-its-first-artificial-intelligence-paper\/#4f3c3e6d4cfe",
                "text": "Apple starts opening up on its AI research with its very first paper.",
                "fallback": "Forbes: Apple Publishes Its First Artificial Intelligence Paper",
                "image_url": "http:\/\/specials-images.forbesimg.com\/imageserve\/39365849\/640x434.jpg?fit=scale",
                "from_url": "http:\/\/www.forbes.com\/sites\/aarontilley\/2016\/12\/26\/apple-publishes-its-first-artificial-intelligence-paper\/#4f3c3e6d4cfe",
                "image_width": 369,
                "image_height": 250,
                "image_bytes": 22597,
                "service_icon": "http:\/\/i.forbesimg.com\/media\/assets\/appicons\/forbes-app-icon_57x57.png",
                "id": 1
            }
        ],
        "ts": "1483147923.000004"
    },
    {
        "type": "message",
        "user": "U23DZ7FHV",
        "text": "<https:\/\/arxiv.org\/abs\/1612.07828>",
        "ts": "1483147933.000006"
    },
    {
        "type": "message",
        "user": "U23DZ7FHV",
        "text": "<https:\/\/github.com\/zxytim\/neural-painter>",
        "attachments": [
            {
                "service_name": "GitHub",
                "title": "zxytim\/neural-painter",
                "title_link": "https:\/\/github.com\/zxytim\/neural-painter",
                "text": "neural-painter - Paint artistic patterns using random neural network",
                "fallback": "GitHub: zxytim\/neural-painter",
                "thumb_url": "https:\/\/avatars3.githubusercontent.com\/u\/888911?v=3&s=400",
                "from_url": "https:\/\/github.com\/zxytim\/neural-painter",
                "thumb_width": 394,
                "thumb_height": 394,
                "service_icon": "https:\/\/github.com\/apple-touch-icon.png",
                "id": 1
            }
        ],
        "ts": "1483147965.000007"
    },
    {
        "type": "message",
        "user": "U23DZ7FHV",
        "text": "General AI, reinforcement learning y OpenAI <https:\/\/singularityhub.com\/2016\/12\/22\/how-to-train-ai-to-do-everything-in-the-digital-universe\/>",
        "attachments": [
            {
                "service_name": "Singularity Hub",
                "title": "How to Train AI to Do Everything in the Digital Universe",
                "title_link": "https:\/\/singularityhub.com\/2016\/12\/22\/how-to-train-ai-to-do-everything-in-the-digital-universe\/",
                "text": "To assist a child we must provide him with an environment which will enable him to develop freely.\u00a0\u2013Maria MontessoriThere\u2019s a kindergarten I walk past on the way to work, and I can\u2019t help b",
                "fallback": "Singularity Hub: How to Train AI to Do Everything in the Digital Universe",
                "thumb_url": "https:\/\/singularityhub.com\/wp-content\/uploads\/2016\/12\/how-to-train-ai-to-do-everything-in-the-digital-universe-3.jpg",
                "ts": 1482422404,
                "from_url": "https:\/\/singularityhub.com\/2016\/12\/22\/how-to-train-ai-to-do-everything-in-the-digital-universe\/",
                "thumb_width": 1408,
                "thumb_height": 792,
                "service_icon": "https:\/\/su-cms-prod.s3.amazonaws.com\/static\/img\/SU-fav.png",
                "id": 1
            }
        ],
        "ts": "1483151453.000009"
    }
]