[
    {
        "type": "message",
        "user": "U23DAGRHT",
        "text": "<https:\/\/www.facebook.com\/notes\/mark-zuckerberg\/building-jarvis\/10154361492931634>",
        "ts": "1482240325.000002"
    },
    {
        "type": "message",
        "user": "U23DAGRHT",
        "text": "Muy interesante, Mark Zuckerberg se propuso a inicio de a\u00f1o construir un Jarvis para su casa, \u00e9sto fue lo que hizo",
        "ts": "1482240363.000003"
    },
    {
        "type": "message",
        "user": "U248PK4UB",
        "text": "Si lo vi pero no ca\u00ed en cuenta de ponerlo ac\u00e1. Genial. ",
        "ts": "1482240761.000004"
    },
    {
        "type": "message",
        "user": "U23D3AF8E",
        "text": "Oigan perdon, no se en que momento me dejaron dellegar las notificaciones y me acabo de dar cuenta",
        "ts": "1482242501.000005"
    },
    {
        "type": "message",
        "user": "U23DZ7FHV",
        "text": "Infraestructura slack <https:\/\/slack.engineering\/data-wrangling-at-slack-f2e0ff633b69#.q85wkmkfo>",
        "attachments": [
            {
                "service_name": "Several People Are Coding",
                "title": "Data Wrangling at Slack",
                "title_link": "https:\/\/slack.engineering\/data-wrangling-at-slack-f2e0ff633b69#.q85wkmkfo",
                "text": "By Ronnie Chen and Diana Pojar",
                "fallback": "Several People Are Coding: Data Wrangling at Slack",
                "image_url": "https:\/\/cdn-images-1.medium.com\/max\/1200\/0*TH9RSHb2vtmB3r3T.",
                "fields": [
                    {
                        "title": "Reading time",
                        "value": "9 min read",
                        "short": true
                    }
                ],
                "ts": 1481158320,
                "from_url": "https:\/\/slack.engineering\/data-wrangling-at-slack-f2e0ff633b69#.q85wkmkfo",
                "image_width": 333,
                "image_height": 250,
                "image_bytes": 230255,
                "service_icon": "https:\/\/cdn-images-1.medium.com\/fit\/c\/152\/152\/1*1mPvixjECYE4qm2L1EoNtA.png",
                "id": 1
            }
        ],
        "ts": "1482265089.000006"
    },
    {
        "type": "message",
        "user": "U23DZ7FHV",
        "text": "El video oficial de lo que puede hacer Jarvis:\n<https:\/\/www.facebook.com\/zuck\/posts\/10103351073024591>",
        "attachments": [
            {
                "title": "Mark Zuckerberg - After a year of coding, here's Jarvis. | Facebook",
                "title_link": "https:\/\/www.facebook.com\/zuck\/posts\/10103351073024591",
                "text": "After a year of coding, here's Jarvis.",
                "fallback": "Mark Zuckerberg - After a year of coding, here's Jarvis. | Facebook",
                "from_url": "https:\/\/www.facebook.com\/zuck\/posts\/10103351073024591",
                "service_icon": "https:\/\/static.xx.fbcdn.net\/rsrc.php\/yV\/r\/hzMapiNYYpW.ico",
                "service_name": "facebook.com",
                "id": 1
            }
        ],
        "ts": "1482270406.000008"
    }
]