[
    {
        "type": "message",
        "user": "U23DAGRHT",
        "text": "<https:\/\/www.theguardian.com\/technology\/2016\/dec\/22\/bridgewater-associates-ai-artificial-intelligence-management>",
        "attachments": [
            {
                "service_name": "the Guardian",
                "title": "World\u2019s largest hedge fund to replace managers with artificial intelligence",
                "title_link": "https:\/\/www.theguardian.com\/technology\/2016\/dec\/22\/bridgewater-associates-ai-artificial-intelligence-management",
                "text": "Bridgewater Associates has a team of engineers working on a project to automate decision-making to save time and eliminate human emotional volatility",
                "fallback": "the Guardian: World\u2019s largest hedge fund to replace managers with artificial intelligence",
                "image_url": "https:\/\/i.guim.co.uk\/img\/media\/c4a85b31d29a2191165acced06082a83df9c622f\/5_0_1990_1194\/master\/1990.jpg?w=1200&h=630&q=55&auto=format&usm=12&fit=crop&crop=faces%2Centropy&bm=normal&ba=bottom%2Cleft&blend64=aHR0cHM6Ly91cGxvYWRzLmd1aW0uY28udWsvMjAxNi8wNS8yNS9vdmVybGF5LWxvZ28tMTIwMC05MF9vcHQucG5n&s=e5b9e670998e706d49cf66616c7ce89c",
                "ts": 1482443076,
                "from_url": "https:\/\/www.theguardian.com\/technology\/2016\/dec\/22\/bridgewater-associates-ai-artificial-intelligence-management",
                "image_width": 476,
                "image_height": 250,
                "image_bytes": 110453,
                "service_icon": "https:\/\/assets.guim.co.uk\/images\/favicons\/451963ac2e23633472bf48e2856d3f04\/152x152.png",
                "id": 1
            }
        ],
        "ts": "1482982348.000002"
    },
    {
        "type": "message",
        "user": "U23DAGRHT",
        "text": "<http:\/\/www.nytimes.com\/2016\/12\/14\/magazine\/the-great-ai-awakening.html>",
        "attachments": [
            {
                "service_name": "The New York Times",
                "service_url": "https:\/\/www.nytimes.com",
                "title": "The Great A.I. Awakening",
                "title_link": "http:\/\/www.nytimes.com\/2016\/12\/14\/magazine\/the-great-ai-awakening.html",
                "author_name": "By GIDEON LEWIS-KRAUS",
                "thumb_url": "https:\/\/static01.nyt.com\/images\/2016\/12\/18\/magazine\/18ai-cover2\/18ai-cover2-mediumThreeByTwo440-v4.jpg",
                "thumb_width": 440,
                "thumb_height": 293,
                "text": "How Google used artificial intelligence to transform Google Translate, one of its more popular services \u2014 and how machine learning is poised to reinvent computing itself.",
                "fallback": "The New York Times Link: The Great A.I. Awakening",
                "from_url": "http:\/\/www.nytimes.com\/2016\/12\/14\/magazine\/the-great-ai-awakening.html",
                "service_icon": "https:\/\/a.slack-edge.com\/2089\/img\/unfurl_icons\/nytimes.png",
                "id": 1
            }
        ],
        "ts": "1482982367.000004",
        "reactions": [
            {
                "name": "+1",
                "users": [
                    "U23DZ7FHV"
                ],
                "count": 1
            }
        ]
    }
]