[
    {
        "type": "message",
        "user": "U23DAGRHT",
        "text": "<http:\/\/www.forbes.com\/sites\/aarontilley\/2016\/11\/30\/nvidia-deep-learning-ai-intel\/#2df540d839cc>",
        "attachments": [
            {
                "service_name": "Forbes",
                "title": "The New Intel: How Nvidia Went From Powering Video Games To Revolutionizing Artificial Intelligence",
                "title_link": "http:\/\/www.forbes.com\/sites\/aarontilley\/2016\/11\/30\/nvidia-deep-learning-ai-intel\/#2df540d839cc",
                "text": "Graphics-chip specialist Nvidia's almost accidental dominance of the market for artificial-intelligence processors has propelled its stock to new heights in the past five years.",
                "fallback": "Forbes: The New Intel: How Nvidia Went From Powering Video Games To Revolutionizing Artificial Intelligence",
                "image_url": "http:\/\/blogs-images.forbes.com\/aarontilley\/files\/2016\/11\/nvidia-square-2.jpg?width=640&height=434",
                "from_url": "http:\/\/www.forbes.com\/sites\/aarontilley\/2016\/11\/30\/nvidia-deep-learning-ai-intel\/#2df540d839cc",
                "image_width": 369,
                "image_height": 250,
                "image_bytes": 48079,
                "service_icon": "http:\/\/i.forbesimg.com\/media\/assets\/appicons\/forbes-app-icon_57x57.png",
                "id": 1
            }
        ],
        "ts": "1481591913.000002"
    }
]