[
    {
        "user": "U23DZ7FHV",
        "text": "<@U23DZ7FHV|diegoalejogm> has joined the channel",
        "type": "message",
        "subtype": "channel_join",
        "ts": "1481201578.000002"
    },
    {
        "user": "U23DZ7FHV",
        "purpose": "AI related news",
        "text": "<@U23DZ7FHV|diegoalejogm> set the channel purpose: AI related news",
        "type": "message",
        "subtype": "channel_purpose",
        "ts": "1481201579.000003"
    },
    {
        "user": "U23D2HSJ2",
        "inviter": "U23DZ7FHV",
        "text": "<@U23D2HSJ2|andfoy> has joined the channel",
        "type": "message",
        "subtype": "channel_join",
        "ts": "1481201579.000004"
    },
    {
        "user": "U23D3AF8E",
        "inviter": "U23DZ7FHV",
        "text": "<@U23D3AF8E|cgarciah> has joined the channel",
        "type": "message",
        "subtype": "channel_join",
        "ts": "1481201579.000005"
    },
    {
        "user": "U248PK4UB",
        "inviter": "U23DZ7FHV",
        "text": "<@U248PK4UB|diegomontoyas> has joined the channel",
        "type": "message",
        "subtype": "channel_join",
        "ts": "1481201579.000006"
    },
    {
        "user": "U273A3E21",
        "inviter": "U23DZ7FHV",
        "text": "<@U273A3E21|estebanvargas> has joined the channel",
        "type": "message",
        "subtype": "channel_join",
        "ts": "1481201579.000007"
    },
    {
        "user": "U23DAGRHT",
        "inviter": "U23DZ7FHV",
        "text": "<@U23DAGRHT|scvalencia> has joined the channel",
        "type": "message",
        "subtype": "channel_join",
        "ts": "1481201579.000008"
    },
    {
        "user": "U23E6TXLN",
        "inviter": "U23DZ7FHV",
        "text": "<@U23E6TXLN|jcbages> has joined the channel",
        "type": "message",
        "subtype": "channel_join",
        "ts": "1481201579.000009"
    },
    {
        "type": "message",
        "user": "U23DZ7FHV",
        "text": "<https:\/\/www.indiehackers.com\/businesses\/logojoy>",
        "attachments": [
            {
                "service_name": "Indie Hackers",
                "title": "Logojoy on Indie Hackers",
                "title_link": "https:\/\/www.indiehackers.com\/businesses\/logojoy",
                "text": "Dawson Whitfield created an AI-powered logo creator that's 10x better than the competition and made over $7,000 in its first week after launch. Here's how.",
                "fallback": "Indie Hackers: Logojoy on Indie Hackers",
                "image_url": "https:\/\/www.indiehackers.com\/images\/business-shareables\/logojoy.png",
                "image_width": 500,
                "image_height": 250,
                "from_url": "https:\/\/www.indiehackers.com\/businesses\/logojoy",
                "image_bytes": 134851,
                "service_icon": "https:\/\/www.indiehackers.com\/images\/favicons\/favicon--16x16.png",
                "id": 1
            }
        ],
        "ts": "1481201581.000010"
    },
    {
        "type": "message",
        "user": "U23DZ7FHV",
        "text": "<https:\/\/chatbotslife.com\/finding-the-genre-of-a-song-with-deep-learning-da8f59a61194#.yij8ym8io>",
        "attachments": [
            {
                "service_name": "Chatbot\u2019s Life",
                "title": "Finding the genre of a song with Deep Learning",
                "title_link": "https:\/\/chatbotslife.com\/finding-the-genre-of-a-song-with-deep-learning-da8f59a61194#.yij8ym8io",
                "text": "A step-by-step guide to make your computer a music expert.",
                "fallback": "Chatbot\u2019s Life: Finding the genre of a song with Deep Learning",
                "image_url": "https:\/\/cdn-images-1.medium.com\/max\/1200\/1*_SLyjgV6vspBMD_w-lfFvQ.gif",
                "fields": [
                    {
                        "title": "Reading time",
                        "value": "8 min read",
                        "short": true
                    }
                ],
                "ts": 1479746120,
                "from_url": "https:\/\/chatbotslife.com\/finding-the-genre-of-a-song-with-deep-learning-da8f59a61194#.yij8ym8io",
                "image_width": 631,
                "image_height": 250,
                "image_bytes": 1116917,
                "service_icon": "https:\/\/cdn-images-1.medium.com\/fit\/c\/152\/152\/1*NNVwkk8gUjfQaQoSJixNJw.png",
                "id": 1
            }
        ],
        "ts": "1481202364.000012"
    },
    {
        "type": "message",
        "user": "U23DZ7FHV",
        "text": "Plug &amp; Play Generative Networks:\n<http:\/\/www.evolvingai.org\/ppgn>",
        "attachments": [
            {
                "title": "Evolving AI Lab - University of Wyoming",
                "title_link": "http:\/\/www.evolvingai.org\/ppgn",
                "text": "The Evolving AI Lab at the University of Wyoming focuses on evolving artificially intelligent robots. Please visit <http:\/\/EvolvingAI.org|EvolvingAI.org> to watch videos of, and read about, our work.",
                "fallback": "Evolving AI Lab - University of Wyoming",
                "from_url": "http:\/\/www.evolvingai.org\/ppgn",
                "thumb_url": "http:\/\/www.evolvingai.org\/sites\/fish34.cs.uwyo.edu.lab\/themes\/lab\/css\/EAIL-fb.png",
                "thumb_width": 200,
                "thumb_height": 200,
                "service_icon": "http:\/\/www.evolvingai.org\/files\/EAIL.ico",
                "service_name": "evolvingai.org",
                "id": 1
            }
        ],
        "ts": "1481202579.000017"
    },
    {
        "type": "message",
        "user": "U23DZ7FHV",
        "text": "<http:\/\/www.theverge.com\/2016\/11\/30\/13779336\/comma-ai-autopilot-canceled-autonomous-car-software-free>",
        "attachments": [
            {
                "service_name": "The Verge",
                "title": "George Hotz is giving away the code behind his self-driving car project",
                "title_link": "http:\/\/www.theverge.com\/2016\/11\/30\/13779336\/comma-ai-autopilot-canceled-autonomous-car-software-free",
                "text": "Tinkerers can start playing around today",
                "fallback": "The Verge: George Hotz is giving away the code behind his self-driving car project",
                "image_url": "https:\/\/cdn0.vox-cdn.com\/thumbor\/GlPR3CTjeoWJ057l8vdKX0h7C68=\/0x78:1500x922\/1600x900\/cdn0.vox-cdn.com\/uploads\/chorus_image\/image\/52072015\/mzelenko_230516_1078_0075.0.0.jpeg",
                "image_width": 444,
                "image_height": 250,
                "ts": 1480533148,
                "from_url": "http:\/\/www.theverge.com\/2016\/11\/30\/13779336\/comma-ai-autopilot-canceled-autonomous-car-software-free",
                "image_bytes": 139383,
                "service_icon": "https:\/\/cdn2.vox-cdn.com\/uploads\/chorus_asset\/file\/7395359\/ios-icon.0.png",
                "id": 1
            }
        ],
        "ts": "1481202661.000019"
    },
    {
        "type": "message",
        "user": "U23DZ7FHV",
        "text": "<https:\/\/hbr.org\/2016\/11\/what-artificial-intelligence-can-and-cant-do-right-now>",
        "attachments": [
            {
                "service_name": "Harvard Business Review",
                "title": "Andrew Ng: What AI Can and Can\u2019t Do",
                "title_link": "https:\/\/hbr.org\/2016\/11\/what-artificial-intelligence-can-and-cant-do-right-now",
                "text": "If a task takes you less than one second of thought, a machine can probably do it.",
                "fallback": "Harvard Business Review: Andrew Ng: What AI Can and Can\u2019t Do",
                "image_url": "https:\/\/hbr.org\/resources\/images\/article_assets\/2016\/11\/nov16-09-520759974.jpg",
                "ts": 1478696713,
                "from_url": "https:\/\/hbr.org\/2016\/11\/what-artificial-intelligence-can-and-cant-do-right-now",
                "image_width": 444,
                "image_height": 250,
                "image_bytes": 115784,
                "service_icon": "https:\/\/hbr.org\/resources\/images\/favicon.ico",
                "id": 1
            }
        ],
        "ts": "1481202954.000021"
    },
    {
        "type": "message",
        "user": "U23DZ7FHV",
        "text": "<https:\/\/www.theguardian.com\/sustainable-business\/2016\/nov\/20\/artificial-intelligence-illegal-fishing-tuna-sharks?utm_campaign=Data%2BElixir&amp;utm_medium=email&amp;utm_source=Data_Elixir_107>",
        "attachments": [
            {
                "service_name": "the Guardian",
                "title": "The latest weapon in the fight against illegal fishing? Artificial intelligence",
                "title_link": "https:\/\/www.theguardian.com\/sustainable-business\/2016\/nov\/20\/artificial-intelligence-illegal-fishing-tuna-sharks?utm_campaign=Data%2BElixir&utm_medium=email&utm_source=Data_Elixir_107",
                "text": "A $150,000 reward is up for grabs for any data scientist who can write code for facial recognition software that can pinpoint illegal catch on fishing boats",
                "fallback": "the Guardian: The latest weapon in the fight against illegal fishing? Artificial intelligence",
                "image_url": "https:\/\/i.guim.co.uk\/img\/media\/2314281a129cf50b45de534f6496e0c61fa1db5f\/0_0_3000_1801\/master\/3000.jpg?w=1200&h=630&q=55&auto=format&usm=12&fit=crop&crop=faces,entropy&bm=normal&ba=bottom%2Cleft&blend64=aHR0cHM6Ly91cGxvYWRzLmd1aW0uY28udWsvMjAxNi8wNS8yNS9vdmVybGF5LWxvZ28tMTIwMC05MF9vcHQucG5n&s=f92b4fc62a286c0c46ccef8467b831a7",
                "ts": 1479654040,
                "from_url": "https:\/\/www.theguardian.com\/sustainable-business\/2016\/nov\/20\/artificial-intelligence-illegal-fishing-tuna-sharks?utm_campaign=Data%2BElixir&utm_medium=email&utm_source=Data_Elixir_107",
                "image_width": 476,
                "image_height": 250,
                "image_bytes": 205424,
                "service_icon": "https:\/\/assets.guim.co.uk\/images\/favicons\/451963ac2e23633472bf48e2856d3f04\/152x152.png",
                "id": 1
            }
        ],
        "ts": "1481203972.000023"
    },
    {
        "type": "message",
        "user": "U23DZ7FHV",
        "text": "<https:\/\/www.youtube.com\/watch?v=IbjF5VjniVE>",
        "attachments": [
            {
                "service_name": "YouTube",
                "service_url": "https:\/\/www.youtube.com\/",
                "title": "RI Seminar: Yann LeCun : The Next Frontier in AI: Unsupervised Learning",
                "title_link": "https:\/\/www.youtube.com\/watch?v=IbjF5VjniVE",
                "author_name": "cmurobotics",
                "author_link": "https:\/\/www.youtube.com\/user\/cmurobotics",
                "thumb_url": "https:\/\/i.ytimg.com\/vi\/IbjF5VjniVE\/hqdefault.jpg",
                "thumb_width": 480,
                "thumb_height": 360,
                "fallback": "YouTube Video: RI Seminar: Yann LeCun : The Next Frontier in AI: Unsupervised Learning",
                "video_html": "<iframe width=\"400\" height=\"225\" src=\"https:\/\/www.youtube.com\/embed\/IbjF5VjniVE?feature=oembed&autoplay=1&iv_load_policy=3\" frameborder=\"0\" allowfullscreen><\/iframe>",
                "video_html_width": 400,
                "video_html_height": 225,
                "from_url": "https:\/\/www.youtube.com\/watch?v=IbjF5VjniVE",
                "service_icon": "https:\/\/a.slack-edge.com\/2089\/img\/unfurl_icons\/youtube.png",
                "id": 1
            }
        ],
        "ts": "1481204292.000025"
    }
]