[
    {
        "type": "message",
        "user": "U23DAGRHT",
        "text": "<https:\/\/techcrunch.com\/2017\/01\/12\/kaggle-hosting-1m-competition-to-improve-lung-cancer-detection-with-machine-learning\/>",
        "attachments": [
            {
                "service_name": "TechCrunch",
                "service_url": "http:\/\/techcrunch.com",
                "title": "Kaggle hosting $1M competition to improve\u00a0lung cancer detection with machine learning\u00a0",
                "title_link": "https:\/\/techcrunch.com\/2017\/01\/12\/kaggle-hosting-1m-competition-to-improve-lung-cancer-detection-with-machine-learning\/",
                "author_name": "John Mannes",
                "thumb_url": "https:\/\/i1.wp.com\/tctechcrunch2011.files.wordpress.com\/2017\/01\/lungs-money.png?fit=200%2C150&ssl=1",
                "thumb_width": 200,
                "thumb_height": 113,
                "text": "Kaggle, the nearly ten year old startup that hosts competitions for data science aficionados, is hosting a competition with a $1 million purse to improve the classification of potentially cancerous lesions in the lungs. The funds are being provided by the Laura and John Arnold Foundation and Booz Allen Hamilton as part of the 2017 Data Science Bowl.\nThis isn&rsquo;t the first time that major prize money has been given away to accelerate research in targeted areas.&nbsp;The Data Science Bowl featured&nbsp;a competition last year to identify signs of&nbsp;heart failure with&nbsp;a $200,000 purse and the year before it tasked data scientists to assess ocean health.\nThe $1 million going towards this year&rsquo;s competition will be the most ever given out as a prize on the site.&nbsp;The first place winner will receive $500,000 with second, third and forth getting $200,000, $100,000 and $25,000 respectively.\nKaggle was founded in 2010 by Anthony Goldbloom and Ben Hamner. It initially raised $11 million in the form of a Series A from&nbsp;Khosla Ventures,&nbsp;Index Ventures and others.\n&ldquo;We&rsquo;re&nbsp;striving, as a company, to be the home of data science,&rdquo; said&nbsp;Goldbloom in a conversation with TechCrunch.\nThe company makes its money off of taking payments from those&nbsp;that want to hold competitions on the site. Kaggle also hosts a jobs board for its nearly 800,000 data science members that also contributes revenue.\nThough the 2017 Data Science Bowl just launched this morning, it has already drawn in 300 team submissions.&nbsp;Goldbloom acknowledged that most of these submissions are likely just an attempt to beat the competition benchmark for pride &mdash; competitors get to submit five submissions per day until the event&nbsp;ends on April&nbsp;12th 2017.\nAfter teams finish building and submitting their models using lung image scans provided by the National Cancer Institute, the goal is that the creations can be used to tangibly reduce the high false positive rate that makes today&rsquo;s solutions inadequate.\nGoogle&rsquo;s DeepMind and Microsoft have both dedicated resources in the healthcare space towards using similar machine learning methods&nbsp;to&nbsp;identify conditions that can lead to blindness by analyzing&nbsp;eye scans.",
                "fallback": "TechCrunch Link: Kaggle hosting $1M competition to improve\u00a0lung cancer detection with machine learning\u00a0",
                "from_url": "https:\/\/techcrunch.com\/2017\/01\/12\/kaggle-hosting-1m-competition-to-improve-lung-cancer-detection-with-machine-learning\/",
                "service_icon": "https:\/\/s0.wp.com\/wp-content\/themes\/vip\/techcrunch-2013\/assets\/images\/favicon.ico",
                "id": 1
            }
        ],
        "ts": "1484281401.000002"
    }
]