[
    {
        "type": "message",
        "user": "U23DAGRHT",
        "text": "<http:\/\/www.deeplearningweekly.com\/blog\/deep-learning-2016-the-year-in-review>",
        "attachments": [
            {
                "service_name": "Deep Learning Weekly",
                "title": "Deep learning 2016 the year in review",
                "title_link": "http:\/\/www.deeplearningweekly.com\/blog\/deep-learning-2016-the-year-in-review",
                "text": "A weekly newsletter about the latest developments in Deep Learning",
                "fallback": "Deep Learning Weekly: Deep learning 2016 the year in review",
                "thumb_url": "http:\/\/www.deeplearningweekly.com\/assets\/deeplearning-weekly-header-logo-801565d4b96f350987f8299c9f7ea42b0db506430ed1e2c8d9cf13b90f3efec7.png",
                "from_url": "http:\/\/www.deeplearningweekly.com\/blog\/deep-learning-2016-the-year-in-review",
                "thumb_width": 104,
                "thumb_height": 40,
                "service_icon": "http:\/\/www.deeplearningweekly.com\/assets\/favicon-7abb2d38708baefffed90ecf01bde63f35ac3f35224d7d7b1ffadb171320a4c8.ico",
                "id": 1
            }
        ],
        "ts": "1483288582.000034",
        "reactions": [
            {
                "name": "+1",
                "users": [
                    "U23DZ7FHV"
                ],
                "count": 1
            }
        ]
    }
]