[
    {
        "type": "message",
        "user": "U23DAGRHT",
        "text": "<https:\/\/www.linkedin.com\/pulse\/google-hyping-why-deep-learning-cannot-applied-easily-berkan-ph-d>",
        "ts": "1483463052.000002"
    },
    {
        "type": "message",
        "user": "U23DAGRHT",
        "text": "<http:\/\/blog.ventureradar.com\/2016\/01\/19\/18-deep-learning-startups-you-should-know\/>",
        "attachments": [
            {
                "service_name": "VentureRadar",
                "title": "18 Deep Learning Startups You Should Know",
                "title_link": "http:\/\/blog.ventureradar.com\/2016\/01\/19\/18-deep-learning-startups-you-should-know\/",
                "text": "Over the last few weeks we\u2019ve been working on applying Deep Learning algorithms for a new\u00a0VentureRadar feature we\u2019re adding in the coming weeks. This piqued my interest in finding out m\u2026",
                "fallback": "VentureRadar: 18 Deep Learning Startups You Should Know",
                "image_url": "http:\/\/blog.ventureradar.com\/wp-content\/uploads\/2015\/08\/shutterstock_213992662.jpg",
                "image_width": 375,
                "image_height": 250,
                "ts": 1453212483,
                "from_url": "http:\/\/blog.ventureradar.com\/2016\/01\/19\/18-deep-learning-startups-you-should-know\/",
                "image_bytes": 8710691,
                "service_icon": "http:\/\/blog.ventureradar.com\/wp-content\/uploads\/2016\/04\/cropped-favicon-180x180.png",
                "id": 1
            }
        ],
        "ts": "1483463117.000003"
    },
    {
        "type": "message",
        "user": "U23DAGRHT",
        "text": "<https:\/\/www.cbinsights.com\/blog\/deep-learning-ai-startups-market-map-company-list\/>",
        "attachments": [
            {
                "service_name": "CB Insights - Blog",
                "title": "The Deep Learning Market Map: 60+ Startups Working Across E-Commerce, Cybersecurity, Sales, And More",
                "title_link": "https:\/\/www.cbinsights.com\/blog\/deep-learning-ai-startups-market-map-company-list\/",
                "text": "Horizons Ventures has backed 3 unique companies on the map: Viv Labs, Sentient Technologies, and Affectiva.",
                "fallback": "CB Insights - Blog: The Deep Learning Market Map: 60+ Startups Working Across E-Commerce, Cybersecurity, Sales, And More",
                "thumb_url": "https:\/\/cbi-blog.s3.amazonaws.com\/blog\/wp-content\/uploads\/2016\/09\/Deep_learning_MarketMap_sept2016_featured.png",
                "ts": 1475218800,
                "from_url": "https:\/\/www.cbinsights.com\/blog\/deep-learning-ai-startups-market-map-company-list\/",
                "thumb_width": 1200,
                "thumb_height": 500,
                "service_icon": "https:\/\/www.cbinsights.com\/favicon.ico",
                "id": 1
            }
        ],
        "ts": "1483463123.000004"
    }
]