[
    {
        "type": "message",
        "user": "U23DAGRHT",
        "text": "<https:\/\/techcrunch.com\/2017\/02\/02\/facebooks-ai-unlocks-the-ability-to-search-photos-by-whats-in-them\/>",
        "attachments": [
            {
                "service_name": "TechCrunch",
                "service_url": "http:\/\/techcrunch.com",
                "title": "Facebook\u2019s AI unlocks the ability to search photos by what\u2019s in\u00a0them",
                "title_link": "https:\/\/techcrunch.com\/2017\/02\/02\/facebooks-ai-unlocks-the-ability-to-search-photos-by-whats-in-them\/",
                "author_name": "John Mannes",
                "thumb_url": "https:\/\/i0.wp.com\/tctechcrunch2011.files.wordpress.com\/2017\/02\/fb-image-search.jpg?fit=200%2C150&ssl=1",
                "thumb_width": 200,
                "thumb_height": 150,
                "text": "Initially used&nbsp;to improve the experience for&nbsp;visually impaired members of the Facebook community, the company&rsquo;s&nbsp;Lumos computer vision platform is now powering image content search for all users. This means you can now search for images on Facebook with key words that describe the contents of a photo, rather than being limited by tags and captions.\nTo accomplish the task, Facebook trained an ever-fashionable deep neural network on tens of millions of photos. Facebook&rsquo;s fortunate in this respect because its platform is already host to billions of captioned images. The model essentially matches search descriptors to features pulled from photos with some degree of probability.\n\nAfter matching terms to images, the model ranks its output using information from both the images and the original search. Facebook also added in weights to prioritize diversity in photo results so you don&rsquo;t end up with 50 pics of the same thing with small changes in zoom and angle. In practice, all of this should produce more satisfying and relevant results.\nEventually&nbsp;Facebook will apply this technology to its growing video corpus. This could be used both in the personal context of searching a friend&rsquo;s video to find the exact moment she blew out the candles on her birthday cake, or in a commercial context.&nbsp;The later could help raise the ceiling&nbsp;on&nbsp;Facebook&rsquo;s potential ad revenue from News Feed.\nPulling content from photos and videos provides an original vector to improve targeting. Eventually it would be nice to see a fully integrated system where one could pull information, say searching a&nbsp;dress you really liked in a video, and relate it back to something on Marketplace or even connect you directly with an ad-partner to improve customer experiences while keeping revenue growth afloat.\nBasic structure of how object recognition works\nApplying&nbsp;Lumos to help the visually impaired\nAlong with today&rsquo;s new image content search feature, Facebook is updating its original&nbsp;Automatic Alternative Text tool. When Facebook released the tool last April,&nbsp;visually impaired users could leverage existing text-to-speech tools to understand the contents of photos for the first time. The&nbsp;system could tell you that a photo involved a stage and lights, but it wasn&rsquo;t very good at&nbsp;relating actions to objects.\nA Facebook team fixed that problem by painstakingly labeling 130,000 photos pulled from the platform. The company was able to train a computer vision model to identify actions&nbsp;happening in photos. Now you might now hear &ldquo;people dancing on stage,&rdquo; a much better, contextualized, description.\nThe applied computer vision race\nFacebook isn&rsquo;t the only one racing to apply recent computer vision&nbsp;advances to&nbsp;existing products. Pinterest&rsquo;s visual search feature has been continuously improved to let users search images by the objects within them. This makes photos interactive and more importantly it makes them commercializable.\nGoogle on the other hand open sourced its own image captioning model last fall that can both identify objects and classify actions with&nbsp;accuracy over 90 percent. The open source activity around TensorFlow has helped the framework gain prominence and become very popular with machine learning developers.\nFacebook&nbsp;is&nbsp;focused on making machine learning easy for teams across the company to integrate into their projects.&nbsp;&nbsp;This means improving the use of the company&rsquo;s general purpose FBLearner Flow.\n&ldquo;We&rsquo;re currently running 1.2 million AI experiments per month on FBLearner Flow, which is six times greater than what we were running a year ago,&rdquo; said&nbsp;Joaquin Qui&ntilde;onero Candela,&nbsp;Facebook&rsquo;s director of applied machine learning.\nLumos was built on top of FBLearner Flow. It has already been used for over 200 visual models. Aside from image content search, engineers have used the tool for fighting spam.",
                "fallback": "TechCrunch Link: Facebook\u2019s AI unlocks the ability to search photos by what\u2019s in&nbsp;them",
                "from_url": "https:\/\/techcrunch.com\/2017\/02\/02\/facebooks-ai-unlocks-the-ability-to-search-photos-by-whats-in-them\/",
                "service_icon": "https:\/\/s0.wp.com\/wp-content\/themes\/vip\/techcrunch-2013\/assets\/images\/favicon.ico",
                "id": 1
            }
        ],
        "ts": "1486127289.000002"
    }
]