[
    {
        "type": "message",
        "user": "U23DAGRHT",
        "text": "What I Learned Implementing a Classifier from Scratch in Python",
        "ts": "1483535398.000002"
    },
    {
        "type": "message",
        "user": "U23DAGRHT",
        "text": "<http:\/\/www.jeannicholashould.com\/what-i-learned-implementing-a-classifier-from-scratch.html>",
        "ts": "1483535405.000003"
    },
    {
        "type": "message",
        "user": "U23DAGRHT",
        "text": "<https:\/\/www.technologyreview.com\/s\/602955\/neural-network-learns-to-identify-criminals-by-their-faces\/>",
        "attachments": [
            {
                "service_name": "MIT Technology Review",
                "title": "A deep-learning machine was trained to spot criminals by looking at mugshots",
                "title_link": "https:\/\/www.technologyreview.com\/s\/602955\/neural-network-learns-to-identify-criminals-by-their-faces\/",
                "text": "The effort aimed at identifying criminals from their mugshots raises serious ethical issues about how we should use artificial intelligence.",
                "fallback": "MIT Technology Review: A deep-learning machine was trained to spot criminals by looking at mugshots",
                "image_url": "https:\/\/d267cvn3rvuq91.cloudfront.net\/i\/images\/criminal-anthropometry.png?cx=51&cy=0&cw=577&ch=324&sw=1200",
                "image_width": 445,
                "image_height": 250,
                "from_url": "https:\/\/www.technologyreview.com\/s\/602955\/neural-network-learns-to-identify-criminals-by-their-faces\/",
                "image_bytes": 47995,
                "service_icon": "https:\/\/www.technologyreview.com\/favicon.ico",
                "id": 1
            }
        ],
        "ts": "1483535420.000004"
    },
    {
        "type": "message",
        "user": "U23DAGRHT",
        "text": "The instant rise of Machine Intelligence:",
        "ts": "1483535455.000006"
    },
    {
        "type": "message",
        "user": "U23DAGRHT",
        "text": "<http:\/\/flovv.github.io\/MachineLearning_Improvement\/>",
        "attachments": [
            {
                "title": "The Instant Rise of Machine Intelligence?",
                "title_link": "http:\/\/flovv.github.io\/MachineLearning_Improvement\/",
                "text": "Currently the news are filled with articles about the rise of machine intelligence, artificial intelligence and deep learning.For the average reader it seems that there was this single technical breakthrough that made AI possible. While I strongly believe in the fascinating opportunities around deep learning for image recognition, natural language processing and even end-to-end \u201cintelligent\u201d systems (e.g. chat bots), I wanted to get a better feeling of the recent technological progress.",
                "fallback": "The Instant Rise of Machine Intelligence?",
                "from_url": "http:\/\/flovv.github.io\/MachineLearning_Improvement\/",
                "service_icon": "http:\/\/flovv.github.io\/favicon.ico",
                "service_name": "flovv.github.io",
                "id": 1
            }
        ],
        "ts": "1483535457.000007"
    }
]