[
    {
        "type": "message",
        "user": "U23DAGRHT",
        "text": "<http:\/\/www.zmescience.com\/other\/economics\/china-factory-robots-03022017\/>",
        "attachments": [
            {
                "service_name": "ZME Science",
                "title": "Chinese factory replaces 90% of human workers with robots. Production rises by 250%, defects drop by 80%",
                "title_link": "http:\/\/www.zmescience.com\/other\/economics\/china-factory-robots-03022017\/",
                "text": "After a factory in Dongguan, China, replaced most of its workers with robots, it witnessed a spectacular rise in productivity.",
                "fallback": "ZME Science: Chinese factory replaces 90% of human workers with robots. Production rises by 250%, defects drop by 80%",
                "thumb_url": "http:\/\/cdn.zmescience.com\/wp-content\/uploads\/2017\/02\/1024px-Industriemuseum_Chemnitz_-_moderne_KarosserieschweiC39Fanlage_mit_Industrierobotern.jpg",
                "ts": 1486138450,
                "from_url": "http:\/\/www.zmescience.com\/other\/economics\/china-factory-robots-03022017\/",
                "thumb_width": 1024,
                "thumb_height": 652,
                "service_icon": "http:\/\/cdn.zmescience.com\/wp-content\/uploads\/2016\/05\/cropped-logo_zme_patrat.png",
                "id": 1
            }
        ],
        "ts": "1486239266.000002"
    }
]