[
    {
        "type": "message",
        "user": "U23DZ7FHV",
        "text": "<http:\/\/norvig.com\/sudoku.html>",
        "ts": "1486425447.000002"
    },
    {
        "type": "message",
        "user": "U23DZ7FHV",
        "text": "<https:\/\/medium.com\/@NathanBenaich\/6-areas-of-artificial-intelligence-to-watch-closely-673d590aa8aa#.2fm4jdhw7>",
        "attachments": [
            {
                "service_name": "Medium",
                "title": "6 areas of AI and machine learning to watch closely",
                "title_link": "https:\/\/medium.com\/@NathanBenaich\/6-areas-of-artificial-intelligence-to-watch-closely-673d590aa8aa#.2fm4jdhw7",
                "text": "Six areas of AI that are particularly noteworthy in their ability to impact the future of digital products and services.",
                "fallback": "Medium: 6 areas of AI and machine learning to watch closely",
                "image_url": "https:\/\/cdn-images-1.medium.com\/max\/1200\/1*RMy_DtOyCfFeIeM2VErZlQ.jpeg",
                "fields": [
                    {
                        "title": "Reading time",
                        "value": "9 min read",
                        "short": true
                    }
                ],
                "ts": 1484569920,
                "from_url": "https:\/\/medium.com\/@NathanBenaich\/6-areas-of-artificial-intelligence-to-watch-closely-673d590aa8aa#.2fm4jdhw7",
                "image_width": 444,
                "image_height": 250,
                "image_bytes": 63016,
                "service_icon": "https:\/\/cdn-images-1.medium.com\/fit\/c\/152\/152\/1*W0nmth_X8nFKjn6BZ388UQ.png",
                "id": 1
            }
        ],
        "ts": "1486426273.000003"
    },
    {
        "type": "message",
        "user": "U23DZ7FHV",
        "text": "<https:\/\/www.nytimes.com\/2017\/01\/12\/upshot\/in-obamas-farewell-a-warning-on-automations-perils.html?_r=1>",
        "attachments": [
            {
                "service_name": "The New York Times",
                "service_url": "https:\/\/www.nytimes.com",
                "title": "A Darker Theme in Obama\u2019s Farewell: Automation Can Divide Us",
                "title_link": "https:\/\/www.nytimes.com\/2017\/01\/12\/upshot\/in-obamas-farewell-a-warning-on-automations-perils.html?_r=1",
                "author_name": "By CLAIRE CAIN MILLER",
                "thumb_url": "https:\/\/static01.nyt.com\/images\/2017\/01\/12\/upshot\/12up-automation1\/12up-automation1-mediumThreeByTwo440.jpg",
                "thumb_width": 440,
                "thumb_height": 293,
                "text": "The soon-to-be ex-president connected the economic disruptions caused by technology to a rise in political polarization.",
                "fallback": "The New York Times Link: A Darker Theme in Obama\u2019s Farewell: Automation Can Divide Us",
                "from_url": "https:\/\/www.nytimes.com\/2017\/01\/12\/upshot\/in-obamas-farewell-a-warning-on-automations-perils.html?_r=1",
                "service_icon": "https:\/\/a.slack-edge.com\/2089\/img\/unfurl_icons\/nytimes.png",
                "id": 1
            }
        ],
        "ts": "1486426640.000005"
    },
    {
        "type": "message",
        "user": "U23DAGRHT",
        "text": "<https:\/\/engineering.quora.com\/Applications-of-NLP-at-Quora?share=1>",
        "ts": "1486427735.000007"
    },
    {
        "type": "message",
        "user": "U23DAGRHT",
        "text": "<https:\/\/engineering.quora.com\/A-Machine-Learning-Approach-to-Ranking-Answers-on-Quora>",
        "ts": "1486427742.000008"
    },
    {
        "type": "message",
        "user": "U23DAGRHT",
        "text": "Quora usage of both NLP and ML techniques",
        "ts": "1486427754.000009"
    },
    {
        "type": "message",
        "user": "U23DAGRHT",
        "text": "<http:\/\/bradleymitchell.me\/>",
        "ts": "1486428497.000010"
    },
    {
        "type": "message",
        "user": "U23DAGRHT",
        "text": "<https:\/\/sebastianraschka.com\/blog\/index.html>",
        "attachments": [
            {
                "service_name": "Sebastian Raschka's Website",
                "title": "Blog",
                "title_link": "https:\/\/sebastianraschka.com\/blog\/index.html",
                "text": "This is the personal website of a data scientist and machine learning enthusiast with a big passion for Python and open source. Born and raised in Germany, now living in East Lansing, Michigan.",
                "fallback": "Sebastian Raschka's Website: Blog",
                "from_url": "https:\/\/sebastianraschka.com\/blog\/index.html",
                "service_icon": "https:\/\/sebastianraschka.com\/favicon.ico",
                "id": 1
            }
        ],
        "ts": "1486428508.000011"
    }
]