[
    {
        "type": "message",
        "user": "U23DAGRHT",
        "text": "Hola!, \u00e9sto est\u00e1 muy interesante:",
        "ts": "1486560034.000002"
    },
    {
        "type": "message",
        "user": "U23DAGRHT",
        "text": "<https:\/\/research.googleblog.com\/2017\/02\/using-machine-learning-to-predict.html>",
        "attachments": [
            {
                "service_name": "Research Blog",
                "title": "Using Machine Learning to predict parking difficulty",
                "title_link": "https:\/\/research.googleblog.com\/2017\/02\/using-machine-learning-to-predict.html",
                "text": "Posted by James Cook, Yechen Li, Software Engineers and Ravi Kumar, Research Scientist \" When Solomon said there was a time and a place fo...",
                "fallback": "Research Blog: Using Machine Learning to predict parking difficulty",
                "thumb_url": "http:\/\/1.bp.blogspot.com\/-5bPNsF5plzw\/VnJWs-7RbrI\/AAAAAAAARmA\/DaZmn8YUjAk\/s1600-r\/logo_research_at_google_color_1x_web_512dp.png",
                "from_url": "https:\/\/research.googleblog.com\/2017\/02\/using-machine-learning-to-predict.html",
                "thumb_width": 483,
                "thumb_height": 480,
                "service_icon": "https:\/\/research.googleblog.com\/favicon.ico",
                "id": 1
            }
        ],
        "ts": "1486560035.000003"
    },
    {
        "type": "message",
        "user": "U23DZ7FHV",
        "text": "<https:\/\/code.facebook.com\/posts\/1587249151575490\/a-path-to-unsupervised-learning-through-adversarial-networks\/>",
        "attachments": [
            {
                "service_name": "Facebook Code",
                "title": "A path to unsupervised learning through adversarial networks",
                "title_link": "https:\/\/code.facebook.com\/posts\/1587249151575490\/a-path-to-unsupervised-learning-through-adversarial-networks\/",
                "text": "Adversarial networks provide a strong algorithmic framework for building unsupervised learning models that incorporate properties such as common sense, getting us one step further in the quest to build smarter AI.",
                "fallback": "Facebook Code: A path to unsupervised learning through adversarial networks",
                "thumb_url": "https:\/\/scontent.xx.fbcdn.net\/v\/t39.2365-6\/13480162_285087121844135_276047070_n.jpg?oh=95c1f6e4d14b6b1f201faa645b972477&oe=589D2027",
                "from_url": "https:\/\/code.facebook.com\/posts\/1587249151575490\/a-path-to-unsupervised-learning-through-adversarial-networks\/",
                "thumb_width": 1200,
                "thumb_height": 630,
                "service_icon": "https:\/\/static.xx.fbcdn.net\/rsrc.php\/yV\/r\/hzMapiNYYpW.ico",
                "id": 1
            }
        ],
        "ts": "1486560356.000005"
    },
    {
        "type": "message",
        "user": "U23DZ7FHV",
        "text": "<https:\/\/research.googleblog.com\/2016\/11\/zero-shot-translation-with-googles.html>",
        "attachments": [
            {
                "service_name": "Research Blog",
                "title": "Zero-Shot Translation with Google\u2019s Multilingual Neural Machine Translation System",
                "title_link": "https:\/\/research.googleblog.com\/2016\/11\/zero-shot-translation-with-googles.html",
                "text": "Posted by Mike Schuster (Google Brain Team), Melvin Johnson (Google Translate) and Nikhil Thorat (Google Brain Team) In the last 10 years,...",
                "fallback": "Research Blog: Zero-Shot Translation with Google\u2019s Multilingual Neural Machine Translation System",
                "thumb_url": "http:\/\/1.bp.blogspot.com\/-5bPNsF5plzw\/VnJWs-7RbrI\/AAAAAAAARmA\/DaZmn8YUjAk\/s1600-r\/logo_research_at_google_color_1x_web_512dp.png",
                "from_url": "https:\/\/research.googleblog.com\/2016\/11\/zero-shot-translation-with-googles.html",
                "thumb_width": 483,
                "thumb_height": 480,
                "service_icon": "https:\/\/research.googleblog.com\/favicon.ico",
                "id": 1
            }
        ],
        "ts": "1486561031.000007"
    },
    {
        "type": "message",
        "user": "U23DZ7FHV",
        "text": "<https:\/\/www.graphcore.ai\/blog\/5-reasons-why-we-need-new-machine-learning-hardware>",
        "attachments": [
            {
                "title": "5 reasons why we need new machine learning hardware",
                "title_link": "https:\/\/www.graphcore.ai\/blog\/5-reasons-why-we-need-new-machine-learning-hardware",
                "text": "5 reasons why we need new machine learning hardware",
                "fallback": "5 reasons why we need new machine learning hardware",
                "thumb_url": "https:\/\/www.graphcore.ai\/hubfs\/social-suggested-images\/ai100-robot-concept830.jpg#keepProtocol",
                "from_url": "https:\/\/www.graphcore.ai\/blog\/5-reasons-why-we-need-new-machine-learning-hardware",
                "thumb_width": 1660,
                "thumb_height": 996,
                "service_icon": "http:\/\/www.graphcore.ai\/hubfs\/Graphcore%20Favicon.png?t=1486394317717",
                "service_name": "graphcore.ai",
                "id": 1
            }
        ],
        "ts": "1486561290.000009"
    },
    {
        "type": "message",
        "user": "U23DZ7FHV",
        "text": "MUY interesante: <https:\/\/jaan.io\/food2vec-augmented-cooking-machine-intelligence\/?utm_campaign=Data%2BElixir&amp;utm_medium=email&amp;utm_source=Data_Elixir_116>",
        "attachments": [
            {
                "service_name": "Jaan Altosaar",
                "title": "food2vec - Augmented cooking with machine intelligence",
                "title_link": "https:\/\/jaan.io\/food2vec-augmented-cooking-machine-intelligence\/?utm_campaign=Data%2BElixir&utm_medium=email&utm_source=Data_Elixir_116",
                "text": "Building a recommendation system for food &amp; exploring the world's cuisines.",
                "fallback": "Jaan Altosaar: food2vec - Augmented cooking with machine intelligence",
                "image_url": "https:\/\/jaan.io\/images\/mise-en-place.jpg",
                "from_url": "https:\/\/jaan.io\/food2vec-augmented-cooking-machine-intelligence\/?utm_campaign=Data%2BElixir&utm_medium=email&utm_source=Data_Elixir_116",
                "image_width": 375,
                "image_height": 250,
                "image_bytes": 1517549,
                "service_icon": "https:\/\/jaan.io\/favicon.ico",
                "id": 1
            }
        ],
        "ts": "1486561565.000011"
    },
    {
        "type": "message",
        "user": "U23DZ7FHV",
        "text": "<https:\/\/medium.com\/@gokul_uf\/the-anatomy-of-deep-learning-frameworks-46e2a7af5e47#.t0isk5uz2>",
        "attachments": [
            {
                "service_name": "Medium",
                "title": "The Anatomy of Deep Learning Frameworks",
                "title_link": "https:\/\/medium.com\/@gokul_uf\/the-anatomy-of-deep-learning-frameworks-46e2a7af5e47#.t0isk5uz2",
                "text": "Deep Learning, whether you like it or not is here to stay, and with any tech gold-rush comes a plethora of options that can seem daunting\u2026",
                "fallback": "Medium: The Anatomy of Deep Learning Frameworks",
                "image_url": "https:\/\/cdn-images-1.medium.com\/max\/1200\/0*sEsx4_AW715qbGj_.",
                "fields": [
                    {
                        "title": "Reading time",
                        "value": "12 min read",
                        "short": true
                    }
                ],
                "ts": 1484412674,
                "from_url": "https:\/\/medium.com\/@gokul_uf\/the-anatomy-of-deep-learning-frameworks-46e2a7af5e47#.t0isk5uz2",
                "image_width": 307,
                "image_height": 250,
                "image_bytes": 140081,
                "service_icon": "https:\/\/cdn-images-1.medium.com\/fit\/c\/152\/152\/1*W0nmth_X8nFKjn6BZ388UQ.png",
                "id": 1
            }
        ],
        "ts": "1486562582.000013"
    },
    {
        "type": "message",
        "user": "U23DZ7FHV",
        "text": "<http:\/\/www.primaryobjects.com\/2016\/10\/24\/emotional-artificial-intelligence\/>",
        "attachments": [
            {
                "service_name": "Primary Objects",
                "title": "Emotional Artificial Intelligence",
                "title_link": "http:\/\/www.primaryobjects.com\/2016\/10\/24\/emotional-artificial-intelligence\/",
                "text": "Can computer software be designed to be more emotional? Learn how to implement an emotionally intelligent conversational UI. Using sentiment analysis, we design a chatbot capable of responding to user",
                "fallback": "Primary Objects: Emotional Artificial Intelligence",
                "thumb_url": "http:\/\/primaryobjects.com\/images\/emotional-ai-diagram.png",
                "from_url": "http:\/\/www.primaryobjects.com\/2016\/10\/24\/emotional-artificial-intelligence\/",
                "thumb_width": 477,
                "thumb_height": 625,
                "service_icon": "http:\/\/www.primaryobjects.com\/favicon.ico",
                "id": 1
            }
        ],
        "ts": "1486563254.000015"
    },
    {
        "type": "message",
        "user": "U23DZ7FHV",
        "text": "<https:\/\/jessesw.com\/XG-Boost\/>",
        "ts": "1486563856.000017"
    },
    {
        "type": "message",
        "user": "U23DZ7FHV",
        "text": "<https:\/\/medium.com\/@NathanBenaich\/why-go-long-on-artificial-intelligence-67bb7d0d6ff4#.omlhy3q3y>",
        "attachments": [
            {
                "service_name": "Medium",
                "title": "Why go long on artificial intelligence?",
                "title_link": "https:\/\/medium.com\/@NathanBenaich\/why-go-long-on-artificial-intelligence-67bb7d0d6ff4#.omlhy3q3y",
                "text": "AI and related technologies are the next major technology enablers, just like mobile, social and cloud before them.",
                "fallback": "Medium: Why go long on artificial intelligence?",
                "image_url": "https:\/\/cdn-images-1.medium.com\/max\/1200\/0*nrtEXVz20ZYBAM3g.",
                "fields": [
                    {
                        "title": "Reading time",
                        "value": "5 min read",
                        "short": true
                    }
                ],
                "ts": 1483722519,
                "from_url": "https:\/\/medium.com\/@NathanBenaich\/why-go-long-on-artificial-intelligence-67bb7d0d6ff4#.omlhy3q3y",
                "image_width": 485,
                "image_height": 250,
                "image_bytes": 46415,
                "service_icon": "https:\/\/cdn-images-1.medium.com\/fit\/c\/152\/152\/1*W0nmth_X8nFKjn6BZ388UQ.png",
                "id": 1
            }
        ],
        "ts": "1486564272.000018"
    },
    {
        "type": "message",
        "user": "U23DZ7FHV",
        "text": "<https:\/\/drsimonj.svbtle.com\/easy-machine-learning-pipelines-with-pipelearner-intro-and-call-for-contributors>",
        "attachments": [
            {
                "service_name": "blogR on Svbtle",
                "title": "Easy machine learning pipelines with pipelearner: intro and call for contributors",
                "title_link": "https:\/\/drsimonj.svbtle.com\/easy-machine-learning-pipelines-with-pipelearner-intro-and-call-for-contributors",
                "text": "@drsimonj here to introduce pipelearner \u2013 a package I\u2019m developing to make it easy to create machine learning pipelines in R \u2013 and to spread the word in the hope that some readers may be interested in contributing or testing it. This post will... | blogR | R tips and tricks from a scientist. All R Markdown docs with full R code can be found at my GitHub: <https:\/\/github.com\/drsimonj\/blogR>",
                "fallback": "blogR on Svbtle: Easy machine learning pipelines with pipelearner: intro and call for contributors",
                "thumb_url": "https:\/\/svbtleusercontent.com\/ta8knsjs2heeg.png",
                "from_url": "https:\/\/drsimonj.svbtle.com\/easy-machine-learning-pipelines-with-pipelearner-intro-and-call-for-contributors",
                "thumb_width": 672,
                "thumb_height": 480,
                "service_icon": "https:\/\/d1yg14i6wd46hx.cloudfront.net\/assets\/favicon-5ed3591b57f6a4f0d5cb82c6680b33bb1058fe757c71ccb094952824e7e00b17.ico",
                "id": 1
            }
        ],
        "ts": "1486564653.000020"
    },
    {
        "type": "message",
        "user": "U23DZ7FHV",
        "text": "<https:\/\/discourse.julialang.org\/t\/introducing-seep-jl-a-tensorflow-like-library-for-julia\/1254>",
        "attachments": [
            {
                "service_name": "JuliaLang",
                "title": "Introducing Seep.jl, a tensorflow like library for julia",
                "title_link": "https:\/\/discourse.julialang.org\/t\/introducing-seep-jl-a-tensorflow-like-library-for-julia\/1254",
                "text": "Introducing Seep.jl, a tensorflow like library for julia, available at <https:\/\/github.com\/mit-ll\/Seep.jl>. I wrote this package over the last year to learn about modern neural network architectures. It still immature and there are many areas that need improvement, but I've decided to publish it now because it has a foundation and many of the pieces that are needed to train neural network models. We have been able to use it to reproduce recently published results and experiment with adapting t...",
                "fallback": "JuliaLang: Introducing Seep.jl, a tensorflow like library for julia",
                "thumb_url": "http:\/\/discourse.julialang.org\/uploads\/julialang\/original\/1X\/8bbda0280d58cd876580ab0d2b305fb5cbed3cd6.png",
                "fields": [
                    {
                        "title": "Reading time",
                        "value": "1 mins :clock2:",
                        "short": true
                    },
                    {
                        "title": "Likes",
                        "value": "19 :heart:",
                        "short": true
                    }
                ],
                "from_url": "https:\/\/discourse.julialang.org\/t\/introducing-seep-jl-a-tensorflow-like-library-for-julia\/1254",
                "thumb_width": 128,
                "thumb_height": 128,
                "service_icon": "https:\/\/discourse.julialang.org\/uploads\/julialang\/original\/1X\/8bbda0280d58cd876580ab0d2b305fb5cbed3cd6.png",
                "id": 1
            }
        ],
        "ts": "1486564881.000022"
    },
    {
        "type": "message",
        "user": "U23DZ7FHV",
        "text": "<https:\/\/visionscarto.net\/the-state-of-d3-voronoi> <@U3HHPGYFP>",
        "attachments": [
            {
                "title": "The state of d3 Voronoi - Philippe Rivi\u00e8re - Visionscarto",
                "title_link": "https:\/\/visionscarto.net\/the-state-of-d3-voronoi",
                "text": "A Voronoi diagram is a simple yet powerful concept; given a set of sites in a space, it partitions that space in cells \u2014 one cell for each site. (...)",
                "fallback": "The state of d3 Voronoi - Philippe Rivi\u00e8re - Visionscarto",
                "from_url": "https:\/\/visionscarto.net\/the-state-of-d3-voronoi",
                "service_icon": "https:\/\/visionscarto.net\/favicon.ico",
                "service_name": "visionscarto.net",
                "id": 1
            }
        ],
        "ts": "1486565199.000024"
    },
    {
        "user": "U3HHPGYFP",
        "inviter": "U23DZ7FHV",
        "text": "<@U3HHPGYFP|meili> has joined the channel",
        "type": "message",
        "subtype": "channel_join",
        "ts": "1486565204.000026"
    },
    {
        "type": "message",
        "user": "U23DZ7FHV",
        "text": "<http:\/\/varianceexplained.org\/r\/simulation-bayes-baseball\/?utm_campaign=Data%2BElixir&amp;utm_medium=email&amp;utm_source=Data_Elixir_114>",
        "attachments": [
            {
                "service_name": "Variance Explained",
                "title": "Simulation of empirical Bayesian methods (using baseball statistics)",
                "title_link": "http:\/\/varianceexplained.org\/r\/simulation-bayes-baseball\/?utm_campaign=Data%2BElixir&utm_medium=email&utm_source=Data_Elixir_114",
                "text": "Previously in this series:",
                "fallback": "Variance Explained: Simulation of empirical Bayesian methods (using baseball statistics)",
                "thumb_url": "http:\/\/varianceexplained.org\/images\/default-thumb.png",
                "from_url": "http:\/\/varianceexplained.org\/r\/simulation-bayes-baseball\/?utm_campaign=Data%2BElixir&utm_medium=email&utm_source=Data_Elixir_114",
                "thumb_width": 200,
                "thumb_height": 200,
                "service_icon": "http:\/\/varianceexplained.org\/images\/apple-touch-icon-precomposed.png",
                "id": 1
            }
        ],
        "ts": "1486565848.000027",
        "reactions": [
            {
                "name": "memo",
                "users": [
                    "U23DZ7FHV"
                ],
                "count": 1
            }
        ]
    },
    {
        "type": "message",
        "user": "U23DZ7FHV",
        "text": "Symbolic Machine Learning:\n\n<http:\/\/languagengine.co\/blog\/symbolic-machine-learning\/>",
        "edited": {
            "user": "U23DZ7FHV",
            "ts": "1486566220.000000"
        },
        "ts": "1486566021.000030"
    },
    {
        "type": "message",
        "user": "U23DZ7FHV",
        "text": "<https:\/\/blog.kovalevskyi.com\/rnn-based-chatbot-for-6-hours-b847d2d92c43#.6m4gsct8h>",
        "attachments": [
            {
                "service_name": "TensorFlow in a nutshell",
                "title": "Own ChatBot Based on Recurrent Neural Network",
                "title_link": "https:\/\/blog.kovalevskyi.com\/rnn-based-chatbot-for-6-hours-b847d2d92c43#.6m4gsct8h",
                "text": "for 6$\/6 hours and ~100 lines of code.",
                "fallback": "TensorFlow in a nutshell: Own ChatBot Based on Recurrent Neural Network",
                "image_url": "https:\/\/cdn-images-1.medium.com\/max\/1200\/1*AqiMqWx6eH8dqjSP9Upudw.png",
                "fields": [
                    {
                        "title": "Reading time",
                        "value": "11 min read",
                        "short": true
                    }
                ],
                "ts": 1481497170,
                "from_url": "https:\/\/blog.kovalevskyi.com\/rnn-based-chatbot-for-6-hours-b847d2d92c43#.6m4gsct8h",
                "image_width": 440,
                "image_height": 250,
                "image_bytes": 410336,
                "service_icon": "https:\/\/cdn-images-1.medium.com\/fit\/c\/152\/152\/1*ZBLjKO1rhKL30yItSzA_1A.png",
                "id": 1
            }
        ],
        "ts": "1486566205.000031"
    },
    {
        "type": "message",
        "user": "U23DZ7FHV",
        "text": "<https:\/\/blog.datazar.com\/introducing-notebookjs-d88299162ac0#.uco69csjo>",
        "attachments": [
            {
                "service_name": "Datazar",
                "title": "Introducing NotebookJS",
                "title_link": "https:\/\/blog.datazar.com\/introducing-notebookjs-d88299162ac0#.uco69csjo",
                "text": "Scientific computing is one of the most interesting, multi-disciplinary subjects. Personally, it\u2019s my favorite subject because I get to\u2026",
                "fallback": "Datazar: Introducing NotebookJS",
                "image_url": "https:\/\/cdn-images-1.medium.com\/max\/1200\/1*S6Ug3Wcj7Ymlq8kEOiSs4Q.png",
                "fields": [
                    {
                        "title": "Reading time",
                        "value": "2 min read",
                        "short": true
                    }
                ],
                "ts": 1481121260,
                "from_url": "https:\/\/blog.datazar.com\/introducing-notebookjs-d88299162ac0#.uco69csjo",
                "image_width": 480,
                "image_height": 250,
                "image_bytes": 284309,
                "service_icon": "https:\/\/cdn-images-1.medium.com\/fit\/c\/152\/152\/1*MbOLiwAoIRz_odiQkTFh5Q.png",
                "id": 1
            }
        ],
        "ts": "1486566290.000034"
    },
    {
        "type": "message",
        "user": "U23DZ7FHV",
        "text": "Interesante: \n<http:\/\/idlewords.com\/talks\/superintelligence.htm>",
        "edited": {
            "user": "U23DZ7FHV",
            "ts": "1486569813.000000"
        },
        "ts": "1486569787.000036",
        "reactions": [
            {
                "name": "robot_face",
                "users": [
                    "U23DZ7FHV"
                ],
                "count": 1
            }
        ]
    },
    {
        "type": "message",
        "user": "U23DZ7FHV",
        "text": "<http:\/\/www.thevelop.nl\/blog\/2016-12-25\/ThreadTone\/>",
        "attachments": [
            {
                "service_name": "Thevelop",
                "title": "ThreadTone",
                "title_link": "http:\/\/www.thevelop.nl\/blog\/2016-12-25\/ThreadTone\/",
                "text": "A halftone representation of an image made of thread.",
                "fallback": "Thevelop: ThreadTone",
                "ts": 1482620400,
                "from_url": "http:\/\/www.thevelop.nl\/blog\/2016-12-25\/ThreadTone\/",
                "service_icon": "http:\/\/www.thevelop.nl\/assets\/images\/favicon.ico",
                "id": 1
            }
        ],
        "ts": "1486569898.000039"
    },
    {
        "type": "message",
        "user": "U23DAGRHT",
        "text": "<https:\/\/techcrunch.com\/2017\/02\/06\/descartes-labs-opens-its-geospatial-analysis-engine-to-a-handful-of-lucky-developers\/>",
        "attachments": [
            {
                "service_name": "TechCrunch",
                "service_url": "http:\/\/techcrunch.com",
                "title": "Descartes Labs opens its geospatial analysis engine to a handful of lucky\u00a0developers",
                "title_link": "https:\/\/techcrunch.com\/2017\/02\/06\/descartes-labs-opens-its-geospatial-analysis-engine-to-a-handful-of-lucky-developers\/",
                "author_name": "John Mannes",
                "thumb_url": "https:\/\/i2.wp.com\/tctechcrunch2011.files.wordpress.com\/2017\/02\/unnamed-3.jpg?fit=200%2C150&ssl=1",
                "thumb_width": 150,
                "thumb_height": 150,
                "text": "It&rsquo;s easy to forget that even with the fanciest of&nbsp;machine learning models, we still need humans in the trenches cleaning input data. Descartes Labs,&nbsp;a startup that combines satellite imagery with data about our planet to produce insights and forecasts, knows this all too well. The company ended up building&nbsp;its own&nbsp;cloud-based parallel computing infrastructure to clean and process its massive&nbsp;corpus of satellite&nbsp;imagery.&nbsp;Today it&rsquo;s&nbsp;giving&nbsp;a&nbsp;handful of developers and early customers access to this&nbsp;system.\nCompanies like&nbsp;Descartes Labs cannot just throw&nbsp;raw satellite imagery into machine learning models to extract insights. Images captured contain clouds, cloud shadows and other atmospheric aberrations that make it impossible to compare images taken at different times. A small cloud over a field, for example, that wasn&rsquo;t present&nbsp;in previous images,&nbsp;could completely throw off a model attempting to predict crop yields.\nTo overcome this challenge, engineers can use composite images to optimize for the best pixels across a collection of images. Google Maps&nbsp;employs composite imagery to remove clouds and create representations of the globe that are evenly lit by the sun.\nThe problem with combining dozens of satellite captures of the entire earth is that it&rsquo;s incredibly computationally intensive. This is where Descartes Labs&rsquo;s processing engine comes into play to convert&nbsp; into composites the petabytes of&nbsp;geospatial data it has.\n\n    \n\t\t            \n\t\t            unnamed-1\n\t\t            Raw pixels collected, which include clouds, shadows and haze\n\t\t            \n\t\t        \n\t\t            \n\t\t            unnamed-2\n\t\t            Same image atmospherically corrected with clouds and shadows removed\n\t\t            \n\t\t        \n\t\t            \n\t\t            unnamed-3\n\t\t            Composite of best pixels from 24 processed images\n\t\t            \n\t\t        \n\t        &nbsp;View Slideshow\n\t    \n\t    \n\t        Previous\n\t        Next\n\t        Exit\n\t    \n\t\nIn the images above, you can contrast the low quality of an initial capture with the high quality of a composite &mdash; &nbsp;the latter being far better for feeding into deep learning models. To get from start to finish,&nbsp;Descartes used&nbsp;mathematical techniques to convert the light in the first image to a certain base level before&nbsp;masking out clouds.&nbsp;After finishing that basic cleaning, the team then had to formally create the&nbsp;composite.&nbsp;Descartes turned the problem into a&nbsp;massive parallel compute job.\nThe result? The&nbsp;first-ever composites created using images captured by the&nbsp;Sentinel-1 and 2A satellites. Descartes grouped&nbsp;these composites with a third made from images captured by the LandSat 8 to create an online tool for exploring traditional imagery alongside unique&nbsp;Synthetic Aperture Radar (SAR) and red-edge imagery. Descartes uses a variety of satellite bands to monitor vegetation&nbsp;and other changes happening on the earth&rsquo;s surface.\nOne major shortcoming of composite images is that they&rsquo;re hard to contrast against each other over short time intervals. Because multiple captures have to be combined, they can really only be used for&nbsp;comparison across months or quarters. This still has value, particularly when thinking about the financial world&rsquo;s reliance on the quarter system, but it makes it hard to use for week-to-week agricultural predictions.\nDescartes is limiting the group with access to the underlying infrastructure for the time being. But&nbsp;anyone can spend time this afternoon examining the&nbsp;Sentinel and LandSat composites the team created.",
                "fallback": "TechCrunch Link: Descartes Labs opens its geospatial analysis engine to a handful of lucky&nbsp;developers",
                "from_url": "https:\/\/techcrunch.com\/2017\/02\/06\/descartes-labs-opens-its-geospatial-analysis-engine-to-a-handful-of-lucky-developers\/",
                "service_icon": "https:\/\/s0.wp.com\/wp-content\/themes\/vip\/techcrunch-2013\/assets\/images\/favicon.ico",
                "id": 1
            }
        ],
        "ts": "1486571263.000041"
    },
    {
        "type": "message",
        "user": "U23DZ7FHV",
        "text": "Muy bacano: <http:\/\/blog.yhat.com\/posts\/deep-learning-chess.html>",
        "attachments": [
            {
                "service_name": "\u0177hat | Blog",
                "title": "\u0177hat | Deep Learning for ... Chess",
                "title_link": "http:\/\/blog.yhat.com\/posts\/deep-learning-chess.html",
                "text": "About Erik: Dad and CTO (Chief Troll Officer) at a fintech startup in NYC. Ex-Spotify, co-organizing NYC ML meetup, open source sometimes (Luigi, Annoy), blogs random stuff Deep learning for\u2026 chess I\u2019ve been meaning to learn Theano for a while and I\u2019ve also wanted to build a chess AI at some point. So why not combine the two? That\u2019s what I thought, and I ended up spending way too much time on it. What's the theory ...",
                "fallback": "\u0177hat | Blog: \u0177hat | Deep Learning for ... Chess",
                "thumb_url": "http:\/\/blog.yhat.com\/static\/img\/chess-architecture.png",
                "from_url": "http:\/\/blog.yhat.com\/posts\/deep-learning-chess.html",
                "thumb_width": 396,
                "thumb_height": 446,
                "id": 1
            }
        ],
        "thread_ts": "1486571373.000043",
        "reply_count": 1,
        "replies": [
            {
                "user": "U23DZ7FHV",
                "ts": "1486572627.000046"
            }
        ],
        "ts": "1486571373.000043"
    },
    {
        "type": "message",
        "user": "U23DZ7FHV",
        "text": "Identify rare diseases with a selfie: \n<https:\/\/news.developer.nvidia.com\/identify-rare-diseases-with-a-selfie\/?adbsc=social_20170113_69338556&amp;adbid=819767448521969664&amp;adbpl=tw&amp;adbpr=740238495952736256>",
        "edited": {
            "user": "U23DZ7FHV",
            "ts": "1486572765.000000"
        },
        "ts": "1486572610.000045"
    },
    {
        "type": "message",
        "user": "U23DZ7FHV",
        "text": "<@U23DAGRHT> <@U23E6TXLN>",
        "thread_ts": "1486571373.000043",
        "parent_user_id": "U23DZ7FHV",
        "ts": "1486572627.000046"
    },
    {
        "type": "message",
        "user": "U23DZ7FHV",
        "text": "Buen\u00edsimo: <https:\/\/blog.google\/products\/google-plus\/saving-you-bandwidth-through-machine-learning\/>",
        "attachments": [
            {
                "service_name": "Google",
                "title": "Saving you bandwidth through machine learning",
                "title_link": "https:\/\/blog.google\/products\/google-plus\/saving-you-bandwidth-through-machine-learning\/",
                "text": "We\u2019re putting machine learning to work on the hi-res images in Google+ Streams so they load using up to 75% less bandwidth per image, but display in their full glory.",
                "fallback": "Google: Saving you bandwidth through machine learning",
                "thumb_url": "https:\/\/storage.googleapis.com\/gweb-uniblog-publish-prod\/images\/Leo_Deegan_-_macro.2e16d0ba.fill-1440x810.jpg",
                "ts": 1484121600,
                "from_url": "https:\/\/blog.google\/products\/google-plus\/saving-you-bandwidth-through-machine-learning\/",
                "thumb_width": 1440,
                "thumb_height": 810,
                "service_icon": "https:\/\/blog.google\/favicon.ico",
                "id": 1
            }
        ],
        "ts": "1486572739.000048"
    },
    {
        "type": "message",
        "user": "U23DZ7FHV",
        "text": "<https:\/\/medium.com\/for-entrepreneurs\/coming-full-circle-on-last-mile-delivery-from-fedex-to-starship-technologies-da758f0508ca#.cjy2ufidw>",
        "attachments": [
            {
                "service_name": "Medium",
                "title": "Coming full circle on last mile delivery: from FedEx to Starship Technologies \u2013 Matrix Partners Viewpoints",
                "title_link": "https:\/\/medium.com\/for-entrepreneurs\/coming-full-circle-on-last-mile-delivery-from-fedex-to-starship-technologies-da758f0508ca#.cjy2ufidw",
                "text": "I first met Ahti Heinla, a fellow Estonian and co-founder of Skype when he invested early in my company GrabCAD. In working together, Ahti\u2026",
                "fallback": "Medium: Coming full circle on last mile delivery: from FedEx to Starship Technologies \u2013 Matrix Partners Viewpoints",
                "image_url": "https:\/\/cdn-images-1.medium.com\/max\/1200\/1*uOC_kTe4hUlzwZpZfUEdEg.jpeg",
                "fields": [
                    {
                        "title": "Reading time",
                        "value": "2 min read",
                        "short": true
                    }
                ],
                "ts": 1484241703,
                "from_url": "https:\/\/medium.com\/for-entrepreneurs\/coming-full-circle-on-last-mile-delivery-from-fedex-to-starship-technologies-da758f0508ca#.cjy2ufidw",
                "image_width": 502,
                "image_height": 250,
                "image_bytes": 212694,
                "service_icon": "https:\/\/cdn-images-1.medium.com\/fit\/c\/152\/152\/1*40jy8da-DQQdZWg-lSMd9w.png",
                "id": 1
            }
        ],
        "ts": "1486572923.000051"
    },
    {
        "type": "message",
        "user": "U23DZ7FHV",
        "text": "<https:\/\/www.wired.com\/2017\/01\/self-driving-cars-approach-auto-industry-races-rebuild\/?mbid=social_twitter> #selfdrivingcars",
        "attachments": [
            {
                "service_name": "WIRED",
                "title": "As Self-Driving Cars Approach, the Auto Industry Races to Rebuild",
                "title_link": "https:\/\/www.wired.com\/2017\/01\/self-driving-cars-approach-auto-industry-races-rebuild\/?mbid=social_twitter",
                "text": "Car companies and others are pairing up to get ready for a very different kind of car.",
                "fallback": "WIRED: As Self-Driving Cars Approach, the Auto Industry Races to Rebuild",
                "image_url": "https:\/\/www.wired.com\/wp-content\/uploads\/2017\/01\/GettyImages-477369638-1-660x528.jpg",
                "image_width": 313,
                "image_height": 250,
                "from_url": "https:\/\/www.wired.com\/2017\/01\/self-driving-cars-approach-auto-industry-races-rebuild\/?mbid=social_twitter",
                "image_bytes": 17358,
                "service_icon": "https:\/\/www.wired.com\/wp-content\/themes\/Phoenix\/assets\/images\/apple-touch-icon.png",
                "id": 1
            }
        ],
        "ts": "1486573208.000053"
    },
    {
        "type": "message",
        "user": "U23DZ7FHV",
        "text": "<http:\/\/www.theverge.com\/2017\/1\/9\/14208720\/neodriven-george-hotz-comma-ai-self-driving-car> #selfdrivingcars",
        "attachments": [
            {
                "service_name": "The Verge",
                "title": "Neodriven is a rearview mirror replacement that can make your car semi-autonomous",
                "title_link": "http:\/\/www.theverge.com\/2017\/1\/9\/14208720\/neodriven-george-hotz-comma-ai-self-driving-car",
                "text": "In late 2015, iPhone and PlayStation 3 hacker George Hotz teased a project that sounded like a dream: his new company would produce a $1,000 consumer product that could grant your car...",
                "fallback": "The Verge: Neodriven is a rearview mirror replacement that can make your car semi-autonomous",
                "image_url": "https:\/\/cdn0.vox-cdn.com\/thumbor\/5IJHUruXpbOGbal31MPpoaJqFVk=\/0x106:2040x1254\/1600x900\/cdn0.vox-cdn.com\/uploads\/chorus_image\/image\/52668853\/neodriven_semi_autonomous_diy_ces_2017_1412.0.jpg",
                "image_width": 444,
                "image_height": 250,
                "ts": 1483996069,
                "from_url": "http:\/\/www.theverge.com\/2017\/1\/9\/14208720\/neodriven-george-hotz-comma-ai-self-driving-car",
                "image_bytes": 178632,
                "service_icon": "https:\/\/cdn2.vox-cdn.com\/uploads\/chorus_asset\/file\/7395359\/ios-icon.0.png",
                "id": 1
            }
        ],
        "ts": "1486573426.000055"
    },
    {
        "type": "message",
        "user": "U23DZ7FHV",
        "text": "<http:\/\/p.migdal.pl\/2017\/01\/06\/king-man-woman-queen-why.html> #word2vec",
        "attachments": [
            {
                "service_name": "Piotr Migda\u0142 - blog",
                "title": "king - man + woman is queen; but why?",
                "title_link": "http:\/\/p.migdal.pl\/2017\/01\/06\/king-man-woman-queen-why.html",
                "text": "Words, vectors, analogies and conceptual metaphors - the linear space of word2vec and GloVe. Or: how to change gender with a vector.",
                "fallback": "Piotr Migda\u0142 - blog: king - man + woman is queen; but why?",
                "image_url": "http:\/\/p.migdal.pl\/imgs\/2017-01-06\/queen-julia-vectors-facebook.jpg",
                "ts": 1483727400,
                "from_url": "http:\/\/p.migdal.pl\/2017\/01\/06\/king-man-woman-queen-why.html",
                "image_width": 476,
                "image_height": 250,
                "image_bytes": 40990,
                "id": 1
            }
        ],
        "ts": "1486573879.000057"
    },
    {
        "type": "message",
        "user": "U23DZ7FHV",
        "text": "<http:\/\/www.slideshare.net\/jmugan\/from-natural-language-processing-to-artificial-intelligence> From NLP to AI  #nlp",
        "attachments": [
            {
                "title": "From Natural Language Processing to Artificial Intelligence",
                "title_link": "http:\/\/www.slideshare.net\/jmugan\/from-natural-language-processing-to-artificial-intelligence",
                "text": "Overview of natural language processing (NLP) from both symbolic and deep learning perspectives. Covers tf-idf, sentiment analysis, LDA, WordNet, FrameNet, wor\u2026",
                "fallback": "From Natural Language Processing to Artificial Intelligence",
                "thumb_url": "https:\/\/cdn.slidesharecdn.com\/ss_thumbnails\/fromnlptoai-170114191309-thumbnail-4.jpg?cb=1484421392",
                "from_url": "http:\/\/www.slideshare.net\/jmugan\/from-natural-language-processing-to-artificial-intelligence",
                "thumb_width": 768,
                "thumb_height": 576,
                "service_icon": "http:\/\/public.slidesharecdn.com\/b\/favicon.ico?d8e2a4ed15",
                "service_name": "slideshare.net",
                "id": 1
            }
        ],
        "ts": "1486573958.000059"
    },
    {
        "type": "message",
        "user": "U23DAGRHT",
        "text": "<http:\/\/cory.li\/battlecode-intro\/>",
        "attachments": [
            {
                "service_name": "Cory's Notes",
                "title": "Battlecode: MIT's longest-running hardcore programming competition",
                "title_link": "http:\/\/cory.li\/battlecode-intro\/",
                "fallback": "Cory's Notes: Battlecode: MIT's longest-running hardcore programming competition",
                "image_url": "http:\/\/cory.li\/img\/banner.png",
                "from_url": "http:\/\/cory.li\/battlecode-intro\/",
                "image_width": 439,
                "image_height": 230,
                "image_bytes": 73578,
                "service_icon": "http:\/\/cory.li\/favicon.ico",
                "id": 1
            }
        ],
        "ts": "1486574002.000061"
    },
    {
        "type": "message",
        "user": "U23DZ7FHV",
        "text": "Must-read: <http:\/\/www.slideshare.net\/AIFrontiers\/jeff-dean-trends-and-developments-in-deep-learning-research>",
        "attachments": [
            {
                "title": "Jeff Dean at AI Frontiers: Trends and Developments in Deep Learning R\u2026",
                "title_link": "http:\/\/www.slideshare.net\/AIFrontiers\/jeff-dean-trends-and-developments-in-deep-learning-research",
                "text": "In this talk at AI Frontiers conference, Jeff Dean discusses recent trends and developments in deep learning research. Jeff touches on the significant progress\u2026",
                "fallback": "Jeff Dean at AI Frontiers: Trends and Developments in Deep Learning R\u2026",
                "thumb_url": "https:\/\/cdn.slidesharecdn.com\/ss_thumbnails\/jeffdean-170115012221-thumbnail-4.jpg?cb=1484674187",
                "from_url": "http:\/\/www.slideshare.net\/AIFrontiers\/jeff-dean-trends-and-developments-in-deep-learning-research",
                "thumb_width": 768,
                "thumb_height": 432,
                "service_icon": "http:\/\/public.slidesharecdn.com\/b\/favicon.ico?d8e2a4ed15",
                "service_name": "slideshare.net",
                "id": 1
            }
        ],
        "ts": "1486574128.000063"
    },
    {
        "type": "message",
        "user": "U23DZ7FHV",
        "text": "<https:\/\/www.cnet.com\/roadshow\/news\/massachusetts-lawmakers-want-to-tax-self-driving-cars-by-the-mile\/>",
        "attachments": [
            {
                "service_name": "Roadshow",
                "title": "Massachusetts lawmakers want to tax self-driving cars by the mile - Roadshow",
                "title_link": "https:\/\/www.cnet.com\/roadshow\/news\/massachusetts-lawmakers-want-to-tax-self-driving-cars-by-the-mile\/",
                "text": "A new bill would bring the hammer down on driverless cars in some ways, but allow them a good bit of leeway in others.",
                "fallback": "Roadshow: Massachusetts lawmakers want to tax self-driving cars by the mile - Roadshow",
                "thumb_url": "https:\/\/cnet4.cbsistatic.com\/img\/8KcQn0NB7Z4F81p35sNLsX_n0jo=\/670x503\/2017\/01\/20\/78836adf-de11-4a83-bdcc-74d6dde631c7\/uber-self-driving-exterior5.jpg",
                "from_url": "https:\/\/www.cnet.com\/roadshow\/news\/massachusetts-lawmakers-want-to-tax-self-driving-cars-by-the-mile\/",
                "thumb_width": 670,
                "thumb_height": 503,
                "service_icon": "https:\/\/cnet3.cbsistatic.com\/fly\/bundles\/cnetcss\/images\/auto\/auto_64.png?v=2",
                "id": 1
            }
        ],
        "ts": "1486574578.000065"
    },
    {
        "type": "message",
        "user": "U23DZ7FHV",
        "text": "<http:\/\/blog.yhat.com\/posts\/why-support-vector-machine.html> #SVM",
        "attachments": [
            {
                "service_name": "\u0177hat | Blog",
                "title": "\u0177hat | Why use SVM?",
                "title_link": "http:\/\/blog.yhat.com\/posts\/why-support-vector-machine.html",
                "text": "Support Vector Machine has become an extremely popular algorithm. In this post I try to give a simple explanation for how it works and give a few examples using the the Python Scikits libraries. All code is available on Github. I'll have another post on the details of using Scikits and Sklearn. What is SVM? SVM is a supervised machine learning algorithm which can be used for classification or regression problems. It uses a technique called the kernel trick ...",
                "fallback": "\u0177hat | Blog: \u0177hat | Why use SVM?",
                "thumb_url": "http:\/\/blog.yhat.com\/static\/img\/flag_1.png",
                "from_url": "http:\/\/blog.yhat.com\/posts\/why-support-vector-machine.html",
                "thumb_width": 1440,
                "thumb_height": 873,
                "id": 1
            }
        ],
        "ts": "1486575872.000070"
    },
    {
        "type": "message",
        "user": "U23DZ7FHV",
        "text": "MUY MUY bacano: <https:\/\/medium.freecodecamp.com\/recognizing-traffic-lights-with-deep-learning-23dae23287cc#.vvo14vyk0>",
        "attachments": [
            {
                "service_name": "freeCodeCamp",
                "title": "Recognizing Traffic Lights With Deep Learning",
                "title_link": "https:\/\/medium.freecodecamp.com\/recognizing-traffic-lights-with-deep-learning-23dae23287cc#.vvo14vyk0",
                "text": "How I learned deep learning in 10 weeks and won $5,000",
                "fallback": "freeCodeCamp: Recognizing Traffic Lights With Deep Learning",
                "image_url": "https:\/\/cdn-images-1.medium.com\/max\/1200\/1*X7aV0pK2krETntjlmIxQhg.png",
                "fields": [
                    {
                        "title": "Reading time",
                        "value": "11 min read",
                        "short": true
                    }
                ],
                "ts": 1484236400,
                "from_url": "https:\/\/medium.freecodecamp.com\/recognizing-traffic-lights-with-deep-learning-23dae23287cc#.vvo14vyk0",
                "image_width": 444,
                "image_height": 250,
                "image_bytes": 147928,
                "service_icon": "https:\/\/cdn-images-1.medium.com\/fit\/c\/152\/152\/1*MotlWcSa2n6FrOx3ul89kw.png",
                "id": 1
            }
        ],
        "ts": "1486579069.000075"
    },
    {
        "type": "message",
        "user": "U23DZ7FHV",
        "text": "IDEAS: <https:\/\/www.quora.com\/What-product-breakthroughs-will-recent-advances-in-deep-learning-enable\/answer\/Eric-Jang?srid=Ul>",
        "ts": "1486581038.000077"
    },
    {
        "type": "message",
        "user": "U23DZ7FHV",
        "text": "<https:\/\/medium.com\/@TimSylvester\/one-weird-thing-everyone-gets-wrong-about-autonomous-cars-20a610298a99#.38sxrrsme>",
        "attachments": [
            {
                "service_name": "Medium",
                "title": "One Weird Thing Everyone Gets Wrong About Autonomous Cars",
                "title_link": "https:\/\/medium.com\/@TimSylvester\/one-weird-thing-everyone-gets-wrong-about-autonomous-cars-20a610298a99#.38sxrrsme",
                "text": "What do your phone and computer have in common with driverless cars?",
                "fallback": "Medium: One Weird Thing Everyone Gets Wrong About Autonomous Cars",
                "image_url": "https:\/\/cdn-images-1.medium.com\/max\/1200\/1*Tw7fz0-1b9zQ8FCBYoptyw.jpeg",
                "fields": [
                    {
                        "title": "Reading time",
                        "value": "10 min read",
                        "short": true
                    }
                ],
                "ts": 1484860054,
                "from_url": "https:\/\/medium.com\/@TimSylvester\/one-weird-thing-everyone-gets-wrong-about-autonomous-cars-20a610298a99#.38sxrrsme",
                "image_width": 377,
                "image_height": 250,
                "image_bytes": 154945,
                "service_icon": "https:\/\/cdn-images-1.medium.com\/fit\/c\/152\/152\/1*W0nmth_X8nFKjn6BZ388UQ.png",
                "id": 1
            }
        ],
        "ts": "1486581723.000078"
    },
    {
        "type": "message",
        "user": "U23DZ7FHV",
        "text": "<http:\/\/blog.kaggle.com\/2017\/01\/23\/a-kaggle-master-explains-gradient-boosting\/>",
        "attachments": [
            {
                "service_name": "No Free Hunch",
                "title": "A Kaggle Master Explains Gradient Boosting",
                "title_link": "http:\/\/blog.kaggle.com\/2017\/01\/23\/a-kaggle-master-explains-gradient-boosting\/",
                "text": "If linear regression was a Toyota Camry, then gradient boosting would be a UH-60 Blackhawk Helicopter. A particular implementation of gradient boosting, XGBoost, is consistently used to win [...]",
                "fallback": "No Free Hunch: A Kaggle Master Explains Gradient Boosting",
                "thumb_url": "http:\/\/5047-presscdn.pagely.netdna-cdn.com\/wp-content\/uploads\/2017\/01\/blog_a_kaggle_master_explains_xgboost.png",
                "ts": 1485195002,
                "from_url": "http:\/\/blog.kaggle.com\/2017\/01\/23\/a-kaggle-master-explains-gradient-boosting\/",
                "thumb_width": 1000,
                "thumb_height": 280,
                "id": 1
            }
        ],
        "ts": "1486581925.000082"
    },
    {
        "type": "message",
        "user": "U23DZ7FHV",
        "text": "<http:\/\/blog.yhat.com\/posts\/applied-data-science.html>",
        "attachments": [
            {
                "service_name": "\u0177hat | Blog",
                "title": "\u0177hat | Applied Data Science",
                "title_link": "http:\/\/blog.yhat.com\/posts\/applied-data-science.html",
                "text": "How can data science improve products? What are predictive models? How do you go from insight to prototype to production application? This is an excerpt from",
                "fallback": "\u0177hat | Blog: \u0177hat | Applied Data Science",
                "thumb_url": "http:\/\/blog.yhat.com\/static\/img\/applied-data-science-preview.jpg",
                "from_url": "http:\/\/blog.yhat.com\/posts\/applied-data-science.html",
                "thumb_width": 2550,
                "thumb_height": 3300,
                "id": 1
            }
        ],
        "ts": "1486582171.000084"
    },
    {
        "type": "message",
        "user": "U23DZ7FHV",
        "text": "Muy interesante <http:\/\/blog.dennybritz.com\/2017\/01\/17\/engineering-is-the-bottleneck-in-deep-learning-research\/>",
        "attachments": [
            {
                "service_name": "Denny's Blog",
                "title": "Engineering is the bottleneck in (Deep Learning) Research",
                "title_link": "http:\/\/blog.dennybritz.com\/2017\/01\/17\/engineering-is-the-bottleneck-in-deep-learning-research\/",
                "text": "Warning: This a rant post containing a bunch of unorganized thoughts. When I was in graduate school working on NLP and information extraction I spent most of my time coding up research ideas. That&amp;\u2026",
                "fallback": "Denny's Blog: Engineering is the bottleneck in (Deep Learning) Research",
                "thumb_url": "https:\/\/s0.wp.com\/i\/blank.jpg",
                "ts": 1484696297,
                "from_url": "http:\/\/blog.dennybritz.com\/2017\/01\/17\/engineering-is-the-bottleneck-in-deep-learning-research\/",
                "thumb_width": 200,
                "thumb_height": 200,
                "id": 1
            }
        ],
        "ts": "1486582619.000088"
    },
    {
        "type": "message",
        "user": "U23DZ7FHV",
        "text": "<https:\/\/medium.com\/intuitionmachine\/simgans-applied-to-autonomous-driving-5a8c6676e36b#.4rzmfnj0k> #GANS",
        "attachments": [
            {
                "service_name": "Medium",
                "title": "SimGANs - a game changer in unsupervised learning, self driving cars, and more \u2013 Intuition Machine",
                "title_link": "https:\/\/medium.com\/intuitionmachine\/simgans-applied-to-autonomous-driving-5a8c6676e36b#.4rzmfnj0k",
                "text": "Apple\u2019s Learning from Simulated and Unsupervised Images through Adversarial Training (S+U Learning) lays down the blueprint for training\u2026",
                "fallback": "Medium: SimGANs - a game changer in unsupervised learning, self driving cars, and more \u2013 Intuition Machine",
                "fields": [
                    {
                        "title": "Reading time",
                        "value": "3 min read",
                        "short": true
                    }
                ],
                "ts": 1486275175,
                "from_url": "https:\/\/medium.com\/intuitionmachine\/simgans-applied-to-autonomous-driving-5a8c6676e36b#.4rzmfnj0k",
                "service_icon": "https:\/\/cdn-images-1.medium.com\/fit\/c\/152\/152\/1*aFAoZPtyRYbinkWLv1tZbw.png",
                "id": 1
            }
        ],
        "ts": "1486584770.000095"
    },
    {
        "type": "message",
        "user": "U23DZ7FHV",
        "text": "MUST-READ: <https:\/\/hackernoon.com\/introduction-to-gans-a-boxing-match-b-w-neural-nets-b4e5319cc935#.lkq3a6a3n> #GANS",
        "attachments": [
            {
                "service_name": "Hacker Noon",
                "title": "On the intuition behind deep learning &amp; GANs \u2014 towards a fundamental understanding",
                "title_link": "https:\/\/hackernoon.com\/introduction-to-gans-a-boxing-match-b-w-neural-nets-b4e5319cc935#.lkq3a6a3n",
                "text": "A generative adversarial network (GAN) is composed of two separate networks - the generator and the discriminator. It poses the\u2026",
                "fallback": "Hacker Noon: On the intuition behind deep learning &amp; GANs \u2014 towards a fundamental understanding",
                "image_url": "https:\/\/cdn-images-1.medium.com\/max\/1200\/1*fk6aB6RPwSY3sLIl-waL4g.png",
                "fields": [
                    {
                        "title": "Reading time",
                        "value": "9 min read",
                        "short": true
                    }
                ],
                "ts": 1486350777,
                "from_url": "https:\/\/hackernoon.com\/introduction-to-gans-a-boxing-match-b-w-neural-nets-b4e5319cc935#.lkq3a6a3n",
                "image_width": 333,
                "image_height": 250,
                "image_bytes": 1234295,
                "service_icon": "https:\/\/cdn-images-1.medium.com\/fit\/c\/152\/152\/1*76XiKOa05Yya6_CdYX8pVg.jpeg",
                "id": 1
            }
        ],
        "ts": "1486585489.000097"
    },
    {
        "type": "message",
        "user": "U23DZ7FHV",
        "text": "<https:\/\/techcrunch.com\/2017\/01\/30\/cafe-x-opens-in-san-francisco-bringing-robots-to-the-coffee-shop\/> #AI-CAFE",
        "attachments": [
            {
                "service_name": "TechCrunch",
                "service_url": "http:\/\/techcrunch.com",
                "title": "Cafe X opens in San Francisco, bringing robots to the coffee\u00a0shop",
                "title_link": "https:\/\/techcrunch.com\/2017\/01\/30\/cafe-x-opens-in-san-francisco-bringing-robots-to-the-coffee-shop\/",
                "author_name": "John Mannes",
                "thumb_url": "https:\/\/i0.wp.com\/tctechcrunch2011.files.wordpress.com\/2017\/01\/ws_cafex_close.jpg?fit=200%2C150&ssl=1",
                "thumb_width": 200,
                "thumb_height": 133,
                "text": "The world&rsquo;s first coffee shop opened in Constantinople in 1555. Four hundred and some years later,&nbsp;Cafe X&nbsp;is putting a twist on that old barista model. Opening in San Francisco today, the startup is opting instead to have&nbsp;a large robotic arm craft your caffeinated potions.\nFounder&nbsp;Henry Hu&nbsp;noticed that baristas spent a majority of their time moving cups around while making espresso drinks.&nbsp;So, much like anyone&rsquo;s natural reaction to that epiphany,&nbsp;Hu decided to build a fully mechanized coffee shop.&nbsp;At scale, Cafe X should be able to increase margins within the industry while reducing wait times for hurried patrons.\nThird-wave coffee affectionados dealing in drips and expensive siphons might find fault in Hu&rsquo;s thesis, though a&nbsp;Mitsubishi 6-axis industrial robot is arguably the most &ldquo;elite&rdquo; tool imaginable for making coffee.\n\t\n\t\t\n\t\t\nCustomers visiting Cafe X&rsquo;s first US location&nbsp;at the&nbsp;AMC Metreon in San Francisco will be able to order&nbsp;espresso drinks involving milk and flavorings from on-site kiosks and a dedicated app. Visitors have their choice of beans from&nbsp;AKA Coffee, Verve Roasters and Peet&rsquo;s Coffee. Cafe X&rsquo;s only other location is in the&nbsp;Hong Kong Science Park. The idea is that each new location can source beans locally.\nFounder Henry Hu\nThe entire experiment is backed by a $5 million seed round raised last year from&nbsp;Khosla&nbsp;Ventures, Social Capital, Jason Calacanis, Felicis Ventures, Silicon Valley Bank and The Thiel Foundation.\nThe funding underscores a broader trend in the Valley of VCs backing food and beverage startups using robotics to cut costs. TechCrunch covered Zume Pizza, a robot-assisted pizza delivery service headquartered in Mountain View last September. The Zume team raised its Series A in July 2016.\nBoth Zume and Cafe X benefit from popular interest in automation and robotics. It&rsquo;s not every day that a business innovation simultaneously cuts costs and adds to the marketing budget.\nDespite society&rsquo;s&nbsp;deep-seated facilitation with robots, the perilous transition to a more automated economy still gives many people anxiety.\n&ldquo;We still have to work on the supply chain, recipes, maintenance, and customer support,&rdquo;&nbsp;Hu said when asked about Cafe X&rsquo;s&nbsp;role in this broader trend.\nMore concretely, the startup is looking to build more of its robotic kiosks&nbsp;in the United States in Fremont, California. And as many arguments for automation go, consumers will be directly benefitting from cheaper prices. Cafe X is asking just $2.25 for an 8 oz drink that regularly goes for $4 &ndash; $5 in San Francisco.\nTime will tell whether the grab and go establishment will prosper South of Market, a place dominated by tech folk with a penchant for working remotely and loitering over lattes. But burrowing&nbsp;itself in&nbsp;a space frequented by the curious,&nbsp;without much coffee competition, should help to drive foot traffic to the spot.",
                "fallback": "TechCrunch Link: Cafe X opens in San Francisco, bringing robots to the coffee&nbsp;shop",
                "from_url": "https:\/\/techcrunch.com\/2017\/01\/30\/cafe-x-opens-in-san-francisco-bringing-robots-to-the-coffee-shop\/",
                "service_icon": "https:\/\/s0.wp.com\/wp-content\/themes\/vip\/techcrunch-2013\/assets\/images\/favicon.ico",
                "id": 1
            }
        ],
        "ts": "1486588855.000099"
    },
    {
        "type": "message",
        "user": "U23DZ7FHV",
        "text": "<http:\/\/blog.yhat.com\/posts\/become-a-data-scientist.html>",
        "attachments": [
            {
                "service_name": "\u0177hat | Blog",
                "title": "\u0177hat | Becoming a Data Scientist",
                "title_link": "http:\/\/blog.yhat.com\/posts\/become-a-data-scientist.html",
                "text": "This blogpost is an excerpt of Springboard's free guide to data science jobs and originally appeared on the Springboard blog. Data Science Skills Most data scientists use a combination of skills every day, some of which they have taught themselves on the job or otherwise. They also come from various backgrounds. There isn\u2019t any one specific academic credential that data scientists are required to have. All the skills discussed in this section can be self-learned. We\u2019ve laid ...",
                "fallback": "\u0177hat | Blog: \u0177hat | Becoming a Data Scientist",
                "thumb_url": "http:\/\/blog.yhat.com\/static\/img\/startup-office.jpg",
                "from_url": "http:\/\/blog.yhat.com\/posts\/become-a-data-scientist.html",
                "thumb_width": 600,
                "thumb_height": 350,
                "id": 1
            }
        ],
        "ts": "1486589026.000101"
    },
    {
        "type": "message",
        "user": "U23DZ7FHV",
        "text": "<http:\/\/news.stanford.edu\/2017\/01\/25\/artificial-intelligence-used-identify-skin-cancer\/>",
        "attachments": [
            {
                "service_name": "Stanford News",
                "title": "Artificial intelligence used to identify skin cancer | Stanford News",
                "title_link": "http:\/\/news.stanford.edu\/2017\/01\/25\/artificial-intelligence-used-identify-skin-cancer\/",
                "text": "In hopes of creating better access to medical care, Stanford researchers have trained an algorithm to diagnose skin cancer.",
                "fallback": "Stanford News: Artificial intelligence used to identify skin cancer | Stanford News",
                "image_url": "https:\/\/s3-us-west-1.amazonaws.com\/stanford.ucomm.newsms.media\/wp-content\/uploads\/2017\/01\/24124237\/dermatology_sub.jpg",
                "image_width": 375,
                "image_height": 250,
                "ts": 1485367257,
                "from_url": "http:\/\/news.stanford.edu\/2017\/01\/25\/artificial-intelligence-used-identify-skin-cancer\/",
                "image_bytes": 154981,
                "id": 1
            }
        ],
        "ts": "1486589038.000103"
    },
    {
        "type": "message",
        "user": "U23DZ7FHV",
        "text": "<https:\/\/hackernoon.com\/how-do-gans-intuitively-work-2dda07f247a1#.j0gibjrkg>",
        "attachments": [
            {
                "service_name": "Hacker Noon",
                "title": "How do GANs intuitively work?",
                "title_link": "https:\/\/hackernoon.com\/how-do-gans-intuitively-work-2dda07f247a1#.j0gibjrkg",
                "text": "GANs or Generative Adversarial Networks are a kind of neural networks that is composed of 2 separate deep neural networks competing each\u2026",
                "fallback": "Hacker Noon: How do GANs intuitively work?",
                "image_url": "https:\/\/cdn-images-1.medium.com\/max\/1200\/0*GOZoTG4y1-FroG_C.jpg",
                "fields": [
                    {
                        "title": "Reading time",
                        "value": "8 min read",
                        "short": true
                    }
                ],
                "ts": 1485629711,
                "from_url": "https:\/\/hackernoon.com\/how-do-gans-intuitively-work-2dda07f247a1#.j0gibjrkg",
                "image_width": 250,
                "image_height": 250,
                "image_bytes": 71240,
                "service_icon": "https:\/\/cdn-images-1.medium.com\/fit\/c\/152\/152\/1*76XiKOa05Yya6_CdYX8pVg.jpeg",
                "id": 1
            }
        ],
        "ts": "1486589279.000105"
    },
    {
        "type": "message",
        "user": "U23DZ7FHV",
        "text": "<http:\/\/www.nature.com\/news\/astronomers-explore-uses-for-ai-generated-images-1.21398>",
        "attachments": [
            {
                "service_name": "Nature News &amp; Comment",
                "title": "Astronomers explore uses for AI-generated images",
                "title_link": "http:\/\/www.nature.com\/news\/astronomers-explore-uses-for-ai-generated-images-1.21398",
                "text": "Neural networks produce pictures to train image-recognition programs and scientific software.",
                "fallback": "Nature News &amp; Comment: Astronomers explore uses for AI-generated images",
                "image_url": "http:\/\/www.nature.com\/polopoly_fs\/7.42071.1485880737!\/image\/WEB_lead_Nguyen%20and%20Mandelbaum.jpg_gen\/derivatives\/nature_homepage\/WEB_lead_Nguyen%20and%20Mandelbaum.jpg",
                "from_url": "http:\/\/www.nature.com\/news\/astronomers-explore-uses-for-ai-generated-images-1.21398",
                "image_width": 360,
                "image_height": 200,
                "image_bytes": 35397,
                "service_icon": "http:\/\/www.nature.com\/favicon.ico",
                "id": 1
            }
        ],
        "ts": "1486589454.000107"
    },
    {
        "type": "message",
        "user": "U3Y1DECNN",
        "text": "<https:\/\/arxiv.org\/pdf\/1702.00783.pdf>",
        "ts": "1486602422.000114"
    },
    {
        "type": "message",
        "user": "U23DAGRHT",
        "text": "\/link This ia a test <https:\/\/arxiv.org\/pdf\/1702.00783.pdf>",
        "ts": "1486605088.000116"
    },
    {
        "text": "Thanks scvalencia!, Happy Hacking\nThis ia a test <https:\/\/arxiv.org\/pdf\/1702.00783.pdf>",
        "bot_id": "B42RKF0NP",
        "type": "message",
        "subtype": "bot_message",
        "ts": "1486605088.000117"
    }
]