[
    {
        "type": "message",
        "user": "U248PK4UB",
        "text": "<https:\/\/www.google.com\/amp\/www.theverge.com\/platform\/amp\/2017\/1\/31\/14451616\/ai-libratus-beat-humans-poker-cmu-tournament?client=safari>",
        "attachments": [
            {
                "service_name": "The Verge",
                "title": "AI has definitively bested humans at poker",
                "title_link": "https:\/\/www.google.com\/amp\/www.theverge.com\/platform\/amp\/2017\/1\/31\/14451616\/ai-libratus-beat-humans-poker-cmu-tournament?client=safari",
                "text": "The 20-day poker tournament between four human pros and an artificial intelligence program concluded last night. The AI, named Libratus, was created by researchers at Carnegie Mellon University and...",
                "fallback": "The Verge: AI has definitively bested humans at poker",
                "image_url": "https:\/\/cdn0.vox-cdn.com\/thumbor\/wq15uZalgNrgvYZM2kTGWPe3_qw=\/0x96:3000x1784\/1600x900\/cdn0.vox-cdn.com\/uploads\/chorus_image\/image\/53004389\/71542702.0.jpg",
                "image_width": 444,
                "image_height": 250,
                "ts": 1485874633,
                "from_url": "https:\/\/www.google.com\/amp\/www.theverge.com\/platform\/amp\/2017\/1\/31\/14451616\/ai-libratus-beat-humans-poker-cmu-tournament?client=safari",
                "image_bytes": 249856,
                "service_icon": "https:\/\/cdn2.vox-cdn.com\/uploads\/chorus_asset\/file\/7395359\/ios-icon.0.png",
                "id": 1
            }
        ],
        "ts": "1486001232.000002"
    }
]