[
    {
        "type": "message",
        "user": "U23DZ7FHV",
        "text": "Regresiones en Duolingo:\n<http:\/\/making.duolingo.com\/how-we-learn-how-you-learn>",
        "ts": "1483369214.000036"
    },
    {
        "type": "message",
        "user": "U23DZ7FHV",
        "text": "<https:\/\/medium.com\/udacity\/teaching-a-machine-to-steer-a-car-d73217f2492c#.ssm4y6mn3>",
        "attachments": [
            {
                "service_name": "Medium",
                "title": "Teaching a Machine to Steer a Car \u2013 Udacity Inc",
                "title_link": "https:\/\/medium.com\/udacity\/teaching-a-machine-to-steer-a-car-d73217f2492c#.ssm4y6mn3",
                "text": "We challenged our students &amp; they delivered. All code open sourced!",
                "fallback": "Medium: Teaching a Machine to Steer a Car \u2013 Udacity Inc",
                "image_url": "https:\/\/cdn-images-1.medium.com\/max\/1200\/1*BTGKRLq55y8Hld9pyvarXg.png",
                "fields": [
                    {
                        "title": "Reading time",
                        "value": "9 min read",
                        "short": true
                    }
                ],
                "ts": 1482189886,
                "from_url": "https:\/\/medium.com\/udacity\/teaching-a-machine-to-steer-a-car-d73217f2492c#.ssm4y6mn3",
                "image_width": 397,
                "image_height": 250,
                "image_bytes": 965727,
                "service_icon": "https:\/\/cdn-images-1.medium.com\/fit\/c\/152\/152\/1*cBoKSZ-j31zxTm9ehxTb7w.png",
                "id": 1
            }
        ],
        "ts": "1483370936.000037"
    },
    {
        "type": "message",
        "user": "U23DZ7FHV",
        "text": "Generative Adversarial Networks Tutorial (TensorFlow):\n<http:\/\/blog.aylien.com\/introduction-generative-adversarial-networks-code-tensorflow\/>",
        "attachments": [
            {
                "service_name": "AYLIEN",
                "title": "An introduction to Generative Adversarial Networks (with code in TensorFlow) - AYLIEN",
                "title_link": "http:\/\/blog.aylien.com\/introduction-generative-adversarial-networks-code-tensorflow\/",
                "text": "FacebookTwitterLinkedInThere has been a large resurgence of interest in generative models recently (see this blog post by OpenAI for example). These are models that can learn to create data that is similar to data that we give them. The intuition behind this is that if we can get a model to write high-quality news articles for example, then it must have also learned a lot about news articles in general. Or in other words, the model should also have a good internal representation of news articles. We can then hopefullySEE DETAILS",
                "fallback": "AYLIEN: An introduction to Generative Adversarial Networks (with code in TensorFlow) - AYLIEN",
                "thumb_url": "http:\/\/blog.aylien.com\/wp-content\/uploads\/2016\/08\/gan.png",
                "ts": 1472054014,
                "from_url": "http:\/\/blog.aylien.com\/introduction-generative-adversarial-networks-code-tensorflow\/",
                "thumb_width": 960,
                "thumb_height": 540,
                "service_icon": "http:\/\/blog.aylien.com\/wp-content\/uploads\/2016\/08\/favicon.ico",
                "id": 1
            }
        ],
        "ts": "1483372362.000039"
    },
    {
        "type": "message",
        "user": "U23DZ7FHV",
        "text": "Recurrent Neural Networks Efectiveness: \n<http:\/\/karpathy.github.io\/2015\/05\/21\/rnn-effectiveness\/>",
        "attachments": [
            {
                "title": "The Unreasonable Effectiveness of Recurrent Neural Networks",
                "title_link": "http:\/\/karpathy.github.io\/2015\/05\/21\/rnn-effectiveness\/",
                "text": "Musings of a Computer Scientist.",
                "fallback": "The Unreasonable Effectiveness of Recurrent Neural Networks",
                "from_url": "http:\/\/karpathy.github.io\/2015\/05\/21\/rnn-effectiveness\/",
                "service_name": "karpathy.github.io",
                "id": 1
            }
        ],
        "ts": "1483377963.000041"
    },
    {
        "type": "message",
        "user": "U23DZ7FHV",
        "text": "Neural Turing Machines:\n<http:\/\/blog.talla.com\/neural-turing-machines-perils-and-promise>",
        "attachments": [
            {
                "title": "Neural Turing Machines: Perils and Promise",
                "title_link": "http:\/\/blog.talla.com\/neural-turing-machines-perils-and-promise",
                "text": "This post is a transcript of Daniel Shank's recent talk on Neural Turing Machines from MLconf. He provides a general overview of the architecture, how it's relevant to the future of machine learning, uses, and some exciting extensions to this model.",
                "fallback": "Neural Turing Machines: Perils and Promise",
                "thumb_url": "http:\/\/cdn2.hubspot.net\/hubfs\/2448084\/Blog-Images\/Neural-Turing-Machines\/Slide01.jpg#keepProtocol",
                "from_url": "http:\/\/blog.talla.com\/neural-turing-machines-perils-and-promise",
                "thumb_width": 750,
                "thumb_height": 422,
                "service_icon": "http:\/\/cdn2.hubspot.net\/hubfs\/2448084\/Talla_Aug2016-theme\/Images\/favicon.png?t=1482521077585",
                "service_name": "blog.talla.com",
                "id": 1
            }
        ],
        "ts": "1483382064.000043"
    },
    {
        "type": "message",
        "user": "U23DAGRHT",
        "text": "<https:\/\/www.scientificamerican.com\/article\/how-a-machine-learns-prejudice\/>",
        "attachments": [
            {
                "service_name": "Scientific American",
                "title": "How a Machine Learns Prejudice",
                "title_link": "https:\/\/www.scientificamerican.com\/article\/how-a-machine-learns-prejudice\/",
                "text": "Artificial intelligence picks up bias from human creators&amp;mdash;not from hard, cold logic",
                "fallback": "Scientific American: How a Machine Learns Prejudice",
                "image_url": "https:\/\/www.scientificamerican.com\/sciam\/cache\/file\/956279FC-6A51-465D-A7F5D969E6A9ACBF_agenda.jpg?w=600&h=335",
                "from_url": "https:\/\/www.scientificamerican.com\/article\/how-a-machine-learns-prejudice\/",
                "image_width": 446,
                "image_height": 250,
                "image_bytes": 44912,
                "service_icon": "https:\/\/www.scientificamerican.com\/public\/resources\/favicons\/favicon-196-73208969ab1ed3409bc55e8915ed8bae.png",
                "id": 1
            }
        ],
        "ts": "1483415003.000045"
    }
]