[
    {
        "type": "message",
        "user": "U23DAGRHT",
        "text": "<https:\/\/blogs.microsoft.com\/blog\/2017\/01\/13\/microsoft-acquires-deep-learning-startup-maluuba-ai-pioneer-yoshua-bengio-advisory-role\/#sm.000iqnfvo17q0fjkq4312b3fdz31q>",
        "attachments": [
            {
                "service_name": "The Official Microsoft Blog",
                "title": "Microsoft acquires deep learning startup Maluuba; AI pioneer Yoshua Bengio to have advisory role - The Official Microsoft Blog",
                "title_link": "https:\/\/blogs.microsoft.com\/blog\/2017\/01\/13\/microsoft-acquires-deep-learning-startup-maluuba-ai-pioneer-yoshua-bengio-advisory-role\/#sm.000iqnfvo17q0fjkq4312b3fdz31q",
                "text": "Today is an exciting day for the advancement of AI at Microsoft. We have agreed to acquire Maluuba, a Montreal-based company with one of the world\u2019s most impressive deep learning research labs for natural language understanding. Maluuba\u2019s expertise in deep learning and reinforcement learning for question-answering and decision-making systems will help us advance our strategy to democratize AI and to make it accessible and valuable to everyone \u2014 consumers, businesses \u2026 Read more \u00bb",
                "fallback": "The Official Microsoft Blog: Microsoft acquires deep learning startup Maluuba; AI pioneer Yoshua Bengio to have advisory role - The Official Microsoft Blog",
                "thumb_url": "https:\/\/mscorpmedia.azureedge.net\/mscorpmedia\/2017\/01\/M_logo_white-300x77.png",
                "ts": 1484323273,
                "from_url": "https:\/\/blogs.microsoft.com\/blog\/2017\/01\/13\/microsoft-acquires-deep-learning-startup-maluuba-ai-pioneer-yoshua-bengio-advisory-role\/#sm.000iqnfvo17q0fjkq4312b3fdz31q",
                "thumb_width": 300,
                "thumb_height": 77,
                "service_icon": "https:\/\/blogs.microsoft.com\/wp-content\/themes\/omb\/images\/favicon.ico",
                "id": 1
            }
        ],
        "ts": "1484404170.000002"
    }
]