[
    {
        "type": "message",
        "user": "U23DAGRHT",
        "text": "Avances sobre Programaci\u00f3n Autom\u00e1tica:",
        "ts": "1485085199.000002"
    },
    {
        "type": "message",
        "user": "U23DAGRHT",
        "text": "<https:\/\/www.technologyreview.com\/s\/603381\/ai-software-learns-to-make-ai-software\/>",
        "attachments": [
            {
                "service_name": "MIT Technology Review",
                "title": "Google\u2019s AI software is learning to make AI software",
                "title_link": "https:\/\/www.technologyreview.com\/s\/603381\/ai-software-learns-to-make-ai-software\/",
                "text": "Google and others think software that learns to learn could take over some work done by AI experts.",
                "fallback": "MIT Technology Review: Google\u2019s AI software is learning to make AI software",
                "image_url": "https:\/\/d267cvn3rvuq91.cloudfront.net\/i\/images\/medialab.jpg?cx=0&cy=22&cw=2000&ch=1125&sw=1200",
                "image_width": 444,
                "image_height": 250,
                "from_url": "https:\/\/www.technologyreview.com\/s\/603381\/ai-software-learns-to-make-ai-software\/",
                "image_bytes": 193615,
                "service_icon": "https:\/\/www.technologyreview.com\/favicon.ico",
                "id": 1
            }
        ],
        "ts": "1485085200.000003"
    },
    {
        "type": "message",
        "user": "U23DAGRHT",
        "text": "INCREIBLE!!",
        "ts": "1485107809.000005"
    },
    {
        "type": "message",
        "user": "U23DAGRHT",
        "text": "Por favor leer:",
        "ts": "1485107812.000006"
    },
    {
        "type": "message",
        "user": "U23DAGRHT",
        "text": "<https:\/\/blog.gregbrockman.com\/define-cto-openai>",
        "attachments": [
            {
                "service_name": "Greg Brockman on Svbtle",
                "title": "#define CTO OpenAI",
                "title_link": "https:\/\/blog.gregbrockman.com\/define-cto-openai",
                "text": "It\u2019s been two years since I wrote #define CTO, in which I documented my quest for a role where I could have scalable impact by writing code. I\u2019ve finally found that role, though not by seeking it \u2014 instead, I sought out a problem more important to... | Greg Brockman | Svbtle",
                "fallback": "Greg Brockman on Svbtle: #define CTO OpenAI",
                "thumb_url": "https:\/\/svbtleusercontent.com\/yzuhfxt0alhwrq.jpg",
                "from_url": "https:\/\/blog.gregbrockman.com\/define-cto-openai",
                "thumb_width": 4032,
                "thumb_height": 3024,
                "service_icon": "https:\/\/d1yg14i6wd46hx.cloudfront.net\/assets\/favicon-5ed3591b57f6a4f0d5cb82c6680b33bb1058fe757c71ccb094952824e7e00b17.ico",
                "id": 1
            }
        ],
        "ts": "1485107813.000007"
    }
]