[
    {
        "type": "message",
        "user": "U273A3E21",
        "text": "<https:\/\/www.cbinsights.com\/blog\/artificial-intelligence-startup-us-map\/?utm_term=0_9dc0513989-6bc2226d4c-87434585&amp;utm_content=buffer8f68c&amp;utm_medium=social&amp;utm_source=linkedin.com&amp;utm_campaign=buffer>",
        "attachments": [
            {
                "service_name": "CB Insights - Blog",
                "title": "The United States Of Artificial Intelligence Startups",
                "title_link": "https:\/\/www.cbinsights.com\/blog\/artificial-intelligence-startup-us-map\/?utm_term=0_9dc0513989-6bc2226d4c-87434585&utm_content=buffer8f68c&utm_medium=social&utm_source=linkedin.com&utm_campaign=buffer",
                "text": "Startups in 33 US states have raised funds to apply machine learning algorithms across industries including marketing, healthcare, and retail.",
                "fallback": "CB Insights - Blog: The United States Of Artificial Intelligence Startups",
                "thumb_url": "https:\/\/cbi-blog.s3.amazonaws.com\/blog\/wp-content\/uploads\/2017\/01\/United_States_of_AI_4-featured.png",
                "ts": 1484899200,
                "from_url": "https:\/\/www.cbinsights.com\/blog\/artificial-intelligence-startup-us-map\/?utm_term=0_9dc0513989-6bc2226d4c-87434585&utm_content=buffer8f68c&utm_medium=social&utm_source=linkedin.com&utm_campaign=buffer",
                "thumb_width": 1200,
                "thumb_height": 500,
                "service_icon": "https:\/\/www.cbinsights.com\/favicon.ico",
                "id": 1
            }
        ],
        "ts": "1485706296.000002"
    },
    {
        "type": "message",
        "user": "U248PK4UB",
        "text": "Apple joins Amazon, Facebook, Google, IBM and Microsoft in AI initiative - Futurism\n<https:\/\/apple.news\/AmlTL40bfRtu5WII5F8o78Q>",
        "attachments": [
            {
                "service_name": "Futurism",
                "title": "Apple joins Amazon, Facebook, Google, IBM and Microsoft in AI initiative",
                "title_link": "https:\/\/apple.news\/AmlTL40bfRtu5WII5F8o78Q",
                "text": "Apple joins with other tech giants in the Partnership on AI to Benefit People and Society to help steer the direction of artificial intelligence research. With the absence of regulations in the field, the group will work toward developing standards and ethics around the development and implementation of AI.",
                "fallback": "Futurism: Apple joins Amazon, Facebook, Google, IBM and Microsoft in AI initiative",
                "image_url": "https:\/\/futurism.com\/wp-content\/uploads\/2016\/06\/brain-1-600x315.jpg",
                "image_width": 476,
                "image_height": 250,
                "ts": 1485724630,
                "from_url": "https:\/\/apple.news\/AmlTL40bfRtu5WII5F8o78Q",
                "image_bytes": 45816,
                "service_icon": "http:\/\/futurism.com\/wp-content\/themes\/futurism\/images\/apple-touch-icon-144x144-precomposed.png",
                "id": 1
            }
        ],
        "ts": "1485741729.000004"
    }
]