[
    {
        "type": "message",
        "user": "U23DAGRHT",
        "text": "<http:\/\/www.cloudraker.com\/en\/cloud-co\/montreal-is-leading-the-ai-world-takeover>",
        "attachments": [
            {
                "title": "Montreal is Leading the AI World Takeover - CloudRaker",
                "title_link": "http:\/\/www.cloudraker.com\/en\/cloud-co\/montreal-is-leading-the-ai-world-takeover",
                "text": "Once limited to the realm of fiction, AI is now the technology shaping our world more than ever before. Montreal is at the center of this movement, with some saying it could become the Silicon Valley of AI. This may come as a surprise with all the other tech research and startup hubs out there. Why not New York, London, Boston, or even Silicon Valley? What does Montreal have that they don\u2019t? As it turns out, the largest concentration of independent AI researchers in the world.",
                "fallback": "Montreal is Leading the AI World Takeover - CloudRaker",
                "from_url": "http:\/\/www.cloudraker.com\/en\/cloud-co\/montreal-is-leading-the-ai-world-takeover",
                "service_icon": "http:\/\/www.cloudraker.com\/favicon.ico",
                "service_name": "cloudraker.com",
                "id": 1
            }
        ],
        "ts": "1484595256.000002"
    }
]