[
    {
        "type": "message",
        "user": "U23DAGRHT",
        "text": "<http:\/\/introtodeeplearning.com\/index.html>",
        "attachments": [
            {
                "title": "6.S191 Introduction to Deep Learning",
                "title_link": "http:\/\/introtodeeplearning.com\/index.html",
                "text": "A 1-week extensive survey of deep learning methods and applications.",
                "fallback": "6.S191 Introduction to Deep Learning",
                "image_url": "http:\/\/introtodeeplearning.com\/images\/banner-sc-4.png",
                "from_url": "http:\/\/introtodeeplearning.com\/index.html",
                "image_width": 401,
                "image_height": 250,
                "image_bytes": 2979904,
                "service_icon": "http:\/\/introtodeeplearning.com\/favicon.ico",
                "service_name": "introtodeeplearning.com",
                "id": 1
            }
        ],
        "ts": "1485968653.000002"
    }
]