[
    {
        "type": "message",
        "user": "U23DAGRHT",
        "text": "<https:\/\/cs224d.stanford.edu\/project.html>",
        "ts": "1486061254.000002",
        "reactions": [
            {
                "name": "heart",
                "users": [
                    "U273A3E21"
                ],
                "count": 1
            }
        ]
    },
    {
        "type": "message",
        "user": "U23DAGRHT",
        "text": "Deep Learning for Natural Language Processing",
        "ts": "1486061267.000003"
    }
]