[
    {
        "type": "message",
        "user": "U23DZ7FHV",
        "text": "<http:\/\/yerevann.com\/a-guide-to-deep-learning\/>",
        "attachments": [
            {
                "title": "A Guide to Deep Learning by YerevaNN",
                "title_link": "http:\/\/yerevann.com\/a-guide-to-deep-learning\/",
                "text": "Deep learning is a fast-changing field at the intersection of computer science and mathematics. It is a relatively new branch of a wider field called machine learning.",
                "fallback": "A Guide to Deep Learning by YerevaNN",
                "from_url": "http:\/\/yerevann.com\/a-guide-to-deep-learning\/",
                "service_name": "yerevann.com",
                "id": 1
            }
        ],
        "ts": "1486567662.000002"
    },
    {
        "type": "message",
        "user": "U23DZ7FHV",
        "text": "<https:\/\/github.com\/albahnsen\/PracticalMachineLearningClass>",
        "attachments": [
            {
                "service_name": "GitHub",
                "title": "albahnsen\/PracticalMachineLearningClass",
                "title_link": "https:\/\/github.com\/albahnsen\/PracticalMachineLearningClass",
                "text": "Contribute to PracticalMachineLearningClass development by creating an account on GitHub.",
                "fallback": "GitHub: albahnsen\/PracticalMachineLearningClass",
                "thumb_url": "https:\/\/avatars1.githubusercontent.com\/u\/3617224?v=3&s=400",
                "from_url": "https:\/\/github.com\/albahnsen\/PracticalMachineLearningClass",
                "thumb_width": 400,
                "thumb_height": 400,
                "service_icon": "https:\/\/github.com\/apple-touch-icon.png",
                "id": 1
            }
        ],
        "ts": "1486570438.000004"
    },
    {
        "user": "U3X9A71NX",
        "inviter": "U23DZ7FHV",
        "text": "<@U3X9A71NX|claudiabm777> has joined the channel",
        "type": "message",
        "subtype": "channel_join",
        "ts": "1486575508.000006"
    },
    {
        "user": "U3Y1DECNN",
        "inviter": "U23DZ7FHV",
        "text": "<@U3Y1DECNN|andfoy2> has joined the channel",
        "type": "message",
        "subtype": "channel_join",
        "ts": "1486575508.000007"
    },
    {
        "user": "U3XSJ0AAJ",
        "inviter": "U23DZ7FHV",
        "text": "<@U3XSJ0AAJ|romsearcher_ai> has joined the channel",
        "type": "message",
        "subtype": "channel_join",
        "ts": "1486575508.000008"
    },
    {
        "type": "message",
        "user": "U23DZ7FHV",
        "text": "<http:\/\/ml4a.github.io>",
        "ts": "1486579188.000009"
    }
]