[
    {
        "user": "U23DAGRHT",
        "text": "<@U23DAGRHT|scvalencia> has joined the channel",
        "type": "message",
        "subtype": "channel_join",
        "ts": "1484091083.000002"
    },
    {
        "user": "U23D3AF8E",
        "inviter": "U23DAGRHT",
        "text": "<@U23D3AF8E|cgarciah> has joined the channel",
        "type": "message",
        "subtype": "channel_join",
        "ts": "1484091083.000003"
    },
    {
        "user": "U23DAGRHT",
        "purpose": "Courses, MOOCs, structured learning material",
        "text": "<@U23DAGRHT|scvalencia> set the channel purpose: Courses, MOOCs, structured learning material",
        "type": "message",
        "subtype": "channel_purpose",
        "ts": "1484091083.000004"
    },
    {
        "user": "U23D2HSJ2",
        "inviter": "U23DAGRHT",
        "text": "<@U23D2HSJ2|andfoy> has joined the channel",
        "type": "message",
        "subtype": "channel_join",
        "ts": "1484091084.000005"
    },
    {
        "user": "U23DZ7FHV",
        "inviter": "U23DAGRHT",
        "text": "<@U23DZ7FHV|diegoalejogm> has joined the channel",
        "type": "message",
        "subtype": "channel_join",
        "ts": "1484091084.000006"
    },
    {
        "user": "U248PK4UB",
        "inviter": "U23DAGRHT",
        "text": "<@U248PK4UB|diegomontoyas> has joined the channel",
        "type": "message",
        "subtype": "channel_join",
        "ts": "1484091084.000007"
    },
    {
        "user": "U273A3E21",
        "inviter": "U23DAGRHT",
        "text": "<@U273A3E21|estebanvargas> has joined the channel",
        "type": "message",
        "subtype": "channel_join",
        "ts": "1484091084.000008"
    },
    {
        "user": "U3HHPGYFP",
        "inviter": "U23DAGRHT",
        "text": "<@U3HHPGYFP|meili> has joined the channel",
        "type": "message",
        "subtype": "channel_join",
        "ts": "1484091084.000009"
    },
    {
        "user": "U23E6TXLN",
        "inviter": "U23DAGRHT",
        "text": "<@U23E6TXLN|jcbages> has joined the channel",
        "type": "message",
        "subtype": "channel_join",
        "ts": "1484091084.000010"
    },
    {
        "type": "message",
        "user": "U23DAGRHT",
        "text": "<http:\/\/selfdrivingcars.mit.edu\/>",
        "ts": "1484091086.000011"
    },
    {
        "type": "message",
        "user": "U23DAGRHT",
        "text": "A course on Self driving cars using Deep Learning by MIT:",
        "ts": "1484091103.000012"
    },
    {
        "type": "message",
        "user": "U23DAGRHT",
        "text": "<http:\/\/selfdrivingcars.mit.edu\/>",
        "ts": "1484091104.000013"
    }
]