[
    {
        "type": "message",
        "user": "U23DAGRHT",
        "text": "<https:\/\/www.udacity.com\/course\/machine-learning-engineer-nanodegree--nd009>",
        "attachments": [
            {
                "title": "Machine Learning Engineer Nanodegree | Udacity",
                "title_link": "https:\/\/www.udacity.com\/course\/machine-learning-engineer-nanodegree--nd009",
                "text": "Become a machine learning engineer and apply predictive models to massive data sets in fields like education, finance, healthcare or robotics.",
                "fallback": "Machine Learning Engineer Nanodegree | Udacity",
                "image_url": "https:\/\/s3-us-west-1.amazonaws.com\/udacity-content\/degrees\/catalog-images\/ML.png",
                "image_width": 476,
                "image_height": 250,
                "from_url": "https:\/\/www.udacity.com\/course\/machine-learning-engineer-nanodegree--nd009",
                "image_bytes": 41065,
                "service_icon": "https:\/\/d125fmws0bore1.cloudfront.net\/assets\/udacity_apple_icon-b2fe0e8bc834963f1cf490fdc55bc3170b37f05374e1e4b383af1d755d1893db.png",
                "service_name": "Udacity",
                "id": 1
            }
        ],
        "ts": "1484403905.000002"
    },
    {
        "type": "message",
        "user": "U23DAGRHT",
        "text": "<https:\/\/www.udacity.com\/course\/predictive-analytics-for-business--nd008>",
        "attachments": [
            {
                "title": "Predictive Analytics for Business | Udacity",
                "title_link": "https:\/\/www.udacity.com\/course\/predictive-analytics-for-business--nd008",
                "text": "Predictive analytics is the practice of determining patterns from data to predict future outcomes and trends. Across industries, it enables high-value solutions to important business problems.",
                "fallback": "Predictive Analytics for Business | Udacity",
                "image_url": "https:\/\/s3-us-west-1.amazonaws.com\/udacity-content\/images\/shared\/predictive-analytics-nanodegree.png",
                "image_width": 476,
                "image_height": 250,
                "from_url": "https:\/\/www.udacity.com\/course\/predictive-analytics-for-business--nd008",
                "image_bytes": 564454,
                "service_icon": "https:\/\/d125fmws0bore1.cloudfront.net\/assets\/udacity_apple_icon-b2fe0e8bc834963f1cf490fdc55bc3170b37f05374e1e4b383af1d755d1893db.png",
                "service_name": "Udacity",
                "id": 1
            }
        ],
        "ts": "1484403911.000004"
    },
    {
        "type": "message",
        "user": "U23DAGRHT",
        "text": "<https:\/\/www.udacity.com\/course\/self-driving-car-engineer-nanodegree--nd013>",
        "attachments": [
            {
                "title": "Self-Driving Car Engineer Nanodegree | Udacity",
                "title_link": "https:\/\/www.udacity.com\/course\/self-driving-car-engineer-nanodegree--nd013",
                "text": "In this program, you\u2019ll learn the skills and techniques used by self-driving car teams at the most advanced technology companies in the world.",
                "fallback": "Self-Driving Car Engineer Nanodegree | Udacity",
                "image_url": "https:\/\/s3-us-west-1.amazonaws.com\/udacity-content\/degrees\/catalog-images\/Self-Driving.png",
                "image_width": 476,
                "image_height": 250,
                "from_url": "https:\/\/www.udacity.com\/course\/self-driving-car-engineer-nanodegree--nd013",
                "image_bytes": 34867,
                "service_icon": "https:\/\/d125fmws0bore1.cloudfront.net\/assets\/udacity_apple_icon-b2fe0e8bc834963f1cf490fdc55bc3170b37f05374e1e4b383af1d755d1893db.png",
                "service_name": "Udacity",
                "id": 1
            }
        ],
        "ts": "1484403930.000006"
    },
    {
        "type": "message",
        "user": "U23DAGRHT",
        "text": "<https:\/\/www.udacity.com\/course\/artificial-intelligence-nanodegree--nd889>",
        "attachments": [
            {
                "title": "Artificial Intelligence Nanodegree | Udacity",
                "title_link": "https:\/\/www.udacity.com\/course\/artificial-intelligence-nanodegree--nd889",
                "text": "Learn skills and tools used by the most innovative AI teams, gain experience solving real-world challenges, and prepare for a wide variety of roles in the AI field.",
                "fallback": "Artificial Intelligence Nanodegree | Udacity",
                "image_url": "https:\/\/s3-us-west-1.amazonaws.com\/udacity-content\/degrees\/catalog-images\/nd889.png",
                "image_width": 476,
                "image_height": 250,
                "from_url": "https:\/\/www.udacity.com\/course\/artificial-intelligence-nanodegree--nd889",
                "image_bytes": 29448,
                "service_icon": "https:\/\/d125fmws0bore1.cloudfront.net\/assets\/udacity_apple_icon-b2fe0e8bc834963f1cf490fdc55bc3170b37f05374e1e4b383af1d755d1893db.png",
                "service_name": "Udacity",
                "id": 1
            }
        ],
        "ts": "1484403937.000008"
    },
    {
        "type": "message",
        "user": "U23DAGRHT",
        "text": "<https:\/\/www.udacity.com\/course\/deep-learning-nanodegree-foundation--nd101>",
        "attachments": [
            {
                "title": "Deep Learning Nanodegree Foundation | Udacity",
                "title_link": "https:\/\/www.udacity.com\/course\/deep-learning-nanodegree-foundation--nd101",
                "text": "With Siraj Raval, Udacity provides a dynamic introduction to Deep Learning, using weekly videos, exclusive projects, and expert feedback to teach you the foundations of this future-shaping technology.",
                "fallback": "Deep Learning Nanodegree Foundation | Udacity",
                "image_url": "https:\/\/s3-us-west-1.amazonaws.com\/udacity-content\/degrees\/catalog-images\/nd101.png",
                "image_width": 476,
                "image_height": 250,
                "from_url": "https:\/\/www.udacity.com\/course\/deep-learning-nanodegree-foundation--nd101",
                "image_bytes": 76190,
                "service_icon": "https:\/\/d125fmws0bore1.cloudfront.net\/assets\/udacity_apple_icon-b2fe0e8bc834963f1cf490fdc55bc3170b37f05374e1e4b383af1d755d1893db.png",
                "service_name": "Udacity",
                "id": 1
            }
        ],
        "ts": "1484403947.000010"
    }
]