[
    {
        "user": "U23DAGRHT",
        "text": "<@U23DAGRHT|scvalencia> has joined the channel",
        "type": "message",
        "subtype": "channel_join",
        "ts": "1486396426.000002"
    },
    {
        "user": "U23D3AF8E",
        "inviter": "U23DAGRHT",
        "text": "<@U23D3AF8E|cgarciah> has joined the channel",
        "type": "message",
        "subtype": "channel_join",
        "ts": "1486396427.000003"
    },
    {
        "user": "U23DAGRHT",
        "purpose": "Specifying the tasks and their completion.",
        "text": "<@U23DAGRHT|scvalencia> set the channel purpose: Specifying the tasks and their completion.",
        "type": "message",
        "subtype": "channel_purpose",
        "ts": "1486396427.000004"
    },
    {
        "user": "U3Y1DECNN",
        "inviter": "U23DAGRHT",
        "text": "<@U3Y1DECNN|andfoy2> has joined the channel",
        "type": "message",
        "subtype": "channel_join",
        "ts": "1486396427.000005"
    },
    {
        "user": "U3X9A71NX",
        "inviter": "U23DAGRHT",
        "text": "<@U3X9A71NX|claudiabm777> has joined the channel",
        "type": "message",
        "subtype": "channel_join",
        "ts": "1486396427.000006"
    },
    {
        "user": "U23DZ7FHV",
        "inviter": "U23DAGRHT",
        "text": "<@U23DZ7FHV|diegoalejogm> has joined the channel",
        "type": "message",
        "subtype": "channel_join",
        "ts": "1486396427.000007"
    },
    {
        "user": "U248PK4UB",
        "inviter": "U23DAGRHT",
        "text": "<@U248PK4UB|diegomontoyas> has joined the channel",
        "type": "message",
        "subtype": "channel_join",
        "ts": "1486396427.000008"
    },
    {
        "user": "U23E6TXLN",
        "inviter": "U23DAGRHT",
        "text": "<@U23E6TXLN|jcbages> has joined the channel",
        "type": "message",
        "subtype": "channel_join",
        "ts": "1486396427.000009"
    },
    {
        "user": "U273A3E21",
        "inviter": "U23DAGRHT",
        "text": "<@U273A3E21|estebanvargas> has joined the channel",
        "type": "message",
        "subtype": "channel_join",
        "ts": "1486396427.000010"
    },
    {
        "user": "U3XSJ0AAJ",
        "inviter": "U23DAGRHT",
        "text": "<@U3XSJ0AAJ|romsearcher_ai> has joined the channel",
        "type": "message",
        "subtype": "channel_join",
        "ts": "1486396427.000011"
    },
    {
        "user": "U3HHPGYFP",
        "inviter": "U23DAGRHT",
        "text": "<@U3HHPGYFP|meili> has joined the channel",
        "type": "message",
        "subtype": "channel_join",
        "ts": "1486396427.000012"
    }
]