[
    {
        "type": "message",
        "user": "U23DZ7FHV",
        "text": "\u00c9chenle ojo a esto ",
        "ts": "1473625488.000002"
    },
    {
        "type": "message",
        "user": "U23DZ7FHV",
        "text": "<https:\/\/deepmind.com\/blog\/wavenet-generative-model-raw-audio\/>",
        "attachments": [
            {
                "service_name": "DeepMind",
                "title": "WaveNet: A Generative Model for Raw Audio | DeepMind",
                "title_link": "https:\/\/deepmind.com\/blog\/wavenet-generative-model-raw-audio\/",
                "text": "This post presents WaveNet, a deep generative model of raw audio waveforms. We show that WaveNets are able to generate speech which mimics any human voice and which sounds more natural than the best existing Text-to-Speech systems, reducing the gap with human performance by over 50%. We also demonstrate that the same network can be used to synthesize other audio signals such as music, and present some striking samples of automatically generated piano pieces.",
                "fallback": "DeepMind: WaveNet: A Generative Model for Raw Audio | DeepMind",
                "thumb_url": "https:\/\/storage.googleapis.com\/deepmind-live-cms.google.com.a.appspot.com\/images\/wav.width-600.png",
                "from_url": "https:\/\/deepmind.com\/blog\/wavenet-generative-model-raw-audio\/",
                "thumb_width": 600,
                "thumb_height": 144,
                "service_icon": "https:\/\/deepmind.com\/static\/v0.0.0\/appIcons\/apple-touch-icon.png",
                "id": 1
            }
        ],
        "ts": "1473625491.000003",
        "reactions": [
            {
                "name": "heart",
                "users": [
                    "U273A3E21"
                ],
                "count": 1
            }
        ]
    }
]