[
    {
        "type": "message",
        "user": "U23DZ7FHV",
        "text": "Alguien interesado? <https:\/\/www.kaggle.com\/c\/outbrain-click-prediction>",
        "attachments": [
            {
                "title": "Outbrain Click Prediction | Kaggle",
                "title_link": "https:\/\/www.kaggle.com\/c\/outbrain-click-prediction",
                "text": "Kaggle is your home for data science. Learn new skills, build your career, collaborate with other data scientists, and compete in world-class machine learning challenges.",
                "fallback": "Outbrain Click Prediction | Kaggle",
                "from_url": "https:\/\/www.kaggle.com\/c\/outbrain-click-prediction",
                "service_icon": "https:\/\/www.kaggle.com\/content\/v\/1e4cdaa83f46\/kaggle\/img\/apple-touch-icon.png",
                "service_name": "kaggle.com",
                "id": 1
            }
        ],
        "ts": "1475768373.000002"
    }
]