[
    {
        "type": "message",
        "user": "U23DZ7FHV",
        "text": "Hola",
        "ts": "1479860397.000002"
    },
    {
        "type": "message",
        "user": "U23DZ7FHV",
        "text": "<!everyone> Qu\u00e9 les parece si cuadramos para vernos en Diciembre?",
        "ts": "1479860428.000003"
    },
    {
        "type": "message",
        "user": "U23DZ7FHV",
        "text": "Un sitio bueno de Podcasts sobre ML :   <http:\/\/www.thetalkingmachines.com>",
        "ts": "1479860439.000004"
    },
    {
        "type": "message",
        "user": "U23DZ7FHV",
        "text": "Foro de ML:  <http:\/\/www.datatau.com>",
        "ts": "1479860499.000005"
    },
    {
        "type": "message",
        "user": "U23DZ7FHV",
        "text": "Sitio con tutoriales para visualizaci\u00f3n de Datos: <http:\/\/flowingdata.com>",
        "attachments": [
            {
                "title": "FlowingData",
                "title_link": "http:\/\/flowingdata.com",
                "text": "Strength in Numbers",
                "fallback": "FlowingData",
                "thumb_url": "http:\/\/s0.wp.com\/i\/blank.jpg",
                "from_url": "http:\/\/flowingdata.com",
                "thumb_width": 200,
                "thumb_height": 200,
                "service_name": "flowingdata.com",
                "id": 1
            }
        ],
        "ts": "1479860751.000006"
    },
    {
        "type": "message",
        "user": "U23DZ7FHV",
        "text": "Un sitio buen\u00edsimo para aprender de ML: <http:\/\/fastml.com>",
        "attachments": [
            {
                "title": "FastML",
                "title_link": "http:\/\/fastml.com",
                "text": "In R community, there\u2019s this one guy, Hadley Wickam, who by himself made R great again. One of the many, many things he came up with - so many \u2026",
                "fallback": "FastML",
                "from_url": "http:\/\/fastml.com",
                "service_name": "fastml.com",
                "id": 1
            }
        ],
        "ts": "1479861992.000008"
    },
    {
        "type": "message",
        "user": "U23DAGRHT",
        "text": "Hola, estoy de acuerdo!",
        "ts": "1479862203.000010"
    },
    {
        "type": "message",
        "user": "U23DAGRHT",
        "text": "Ser\u00eda bueno retormar ya que podemos",
        "ts": "1479862212.000011"
    },
    {
        "type": "message",
        "user": "U23D3AF8E",
        "text": "Muchas gracias por todos los links! Me parece super buena idea. ",
        "ts": "1479865780.000012"
    },
    {
        "type": "message",
        "user": "U23D3AF8E",
        "text": "Como que fecha les parece?? ",
        "ts": "1479865868.000013"
    },
    {
        "type": "message",
        "user": "U23DZ7FHV",
        "text": "<!everyone>  Todos est\u00e1n en Bogot\u00e1 entre el 5 y 10 de Diciembre?",
        "ts": "1479866555.000014"
    },
    {
        "type": "message",
        "user": "U273A3E21",
        "text": "S\u00ed",
        "ts": "1479868062.000015"
    },
    {
        "type": "message",
        "user": "U273A3E21",
        "text": "Me voy el 6, lo podriamos hacer el 5 si es por mi",
        "ts": "1479868076.000016"
    }
]