[
    {
        "type": "message",
        "user": "U23D3AF8E",
        "text": "Me parece buenisimo",
        "ts": "1482242566.000017"
    },
    {
        "type": "message",
        "user": "U23D3AF8E",
        "text": "Y el nombre tambien me gusta",
        "ts": "1482242578.000018"
    },
    {
        "type": "message",
        "user": "U23E6TXLN",
        "text": "super :slightly_smiling_face: y el resto que piensan? <!everyone>",
        "ts": "1482250875.000019"
    },
    {
        "type": "message",
        "user": "U23DAGRHT",
        "text": "Uo estoy de acuerdo con JC",
        "ts": "1482250958.000020"
    },
    {
        "type": "message",
        "user": "U248PK4UB",
        "text": "Listo :+1:",
        "ts": "1482261777.000021"
    },
    {
        "type": "message",
        "user": "U23DZ7FHV",
        "text": "De acuerdo ",
        "ts": "1482262306.000022"
    },
    {
        "type": "message",
        "user": "U23DZ7FHV",
        "text": "Pues opino que decirles a los que hab\u00edamos mencionado que sabemos que le est\u00e1n dando duro a AI",
        "ts": "1482262327.000023"
    },
    {
        "type": "message",
        "user": "U23DZ7FHV",
        "text": "Y al profesor para tener contacto entre profesores. ",
        "ts": "1482262340.000024"
    }
]