[
    {
        "type": "message",
        "user": "U23DZ7FHV",
        "text": "Hola",
        "ts": "1481223370.000002"
    },
    {
        "type": "message",
        "user": "U23DZ7FHV",
        "text": "Qu\u00e9 les parece si nos vemos?",
        "ts": "1481223379.000003"
    },
    {
        "type": "message",
        "user": "U23DZ7FHV",
        "text": "<!everyone>",
        "ts": "1481223382.000004"
    },
    {
        "type": "message",
        "user": "U248PK4UB",
        "text": "Hola, cu\u00e1ndo?",
        "ts": "1481225757.000005"
    }
]