[
    {
        "type": "message",
        "user": "U23DZ7FHV",
        "text": "Bueno muchachos, olvidamos decirles que el nombre nuevo del grupo es \u2018AI Society'",
        "ts": "1482113606.000002"
    },
    {
        "type": "message",
        "user": "U23DZ7FHV",
        "text": "Qu\u00e9 opinan los que no estuvieron?",
        "ts": "1482113612.000003"
    },
    {
        "type": "message",
        "user": "U23E6TXLN",
        "text": "Parte de la motivaci\u00f3n del nombre estaba en desligarnos de la universidad y hacerlo en ingles para tener mucho mas alcance",
        "ts": "1482122000.000004"
    },
    {
        "type": "message",
        "user": "U23E6TXLN",
        "text": "Les iba a comentar dos cosas ",
        "ts": "1482122008.000005"
    },
    {
        "type": "message",
        "user": "U23E6TXLN",
        "text": "La primera era que Meili una amiga que estaba antes en e grupo de wa y no la metieron en slack pues quiere seguir en el grupo entonces qe si les parec\u00eda que la meta al grupo",
        "ts": "1482122059.000006"
    },
    {
        "type": "message",
        "user": "U23E6TXLN",
        "text": "La otra cosa es que pensaba cuando dec\u00edamos de meter arta gente que era mejor mantenerlo as\u00ed peque\u00f1o mientras empezamos a hacer cosas",
        "ts": "1482122112.000007"
    },
    {
        "type": "message",
        "user": "U23E6TXLN",
        "text": "Porque si ya coordinar a 7 personas ha sido una cosa loca",
        "ts": "1482122133.000008"
    },
    {
        "type": "message",
        "user": "U23E6TXLN",
        "text": "Pues dif\u00edcil ",
        "ts": "1482122148.000009"
    },
    {
        "type": "message",
        "user": "U23E6TXLN",
        "text": "Entonces si somos 10, 12 o mas y as\u00ed ",
        "ts": "1482122164.000010"
    },
    {
        "type": "message",
        "user": "U23E6TXLN",
        "text": "Pues se va a volver imposible reunirnos",
        "ts": "1482122173.000011"
    },
    {
        "type": "message",
        "user": "U23E6TXLN",
        "text": "Entonces mi propuesta era como los que estamos y pues digamos Meili como excepci\u00f3n porque estaba desde que armaron wa",
        "ts": "1482122199.000012"
    },
    {
        "type": "message",
        "user": "U23E6TXLN",
        "text": "Dejemos as\u00ed mientras",
        "ts": "1482122207.000013"
    },
    {
        "type": "message",
        "user": "U23E6TXLN",
        "text": "Todos con un perfil como de fundadores pues empezar a crecer y hacer cosas ya que podemos reunirnos algo mas f\u00e1cil siendo que ya es dificil",
        "ts": "1482122252.000014"
    },
    {
        "type": "message",
        "user": "U23E6TXLN",
        "text": "Y luego si con mas cosas hechas empezar a meter a miembros que quieran parucipar ya con perfil de participantes o miembros y as\u00ed somos mas \"escalables\" en cuanto a organizarnos ahora que vamos empezando",
        "ts": "1482122335.000015"
    },
    {
        "type": "message",
        "user": "U23E6TXLN",
        "text": "Me cuentan que opinan",
        "ts": "1482122352.000016"
    }
]