[
    {
        "type": "message",
        "user": "U23DZ7FHV",
        "text": "<@U23D3AF8E> faltas t\u00fa",
        "ts": "1480528005.000010"
    },
    {
        "type": "message",
        "user": "U23DZ7FHV",
        "text": "Aqu\u00ed hay un paper en el funcionamiento de word2vec (skip-gram), para hacer an\u00e1lisis sem\u00e1ntico de textos",
        "ts": "1480528085.000011"
    },
    {
        "type": "message",
        "user": "U23DZ7FHV",
        "text": "<https:\/\/arxiv.org\/pdf\/1402.3722v1.pdf>",
        "ts": "1480528088.000012"
    }
]