[
    {
        "type": "message",
        "user": "U23DAGRHT",
        "text": "Feliz navidad para todos :slightly_smiling_face:",
        "ts": "1482627537.000002"
    },
    {
        "type": "message",
        "user": "U23DZ7FHV",
        "text": " Gracias! Feliz Navidad ",
        "ts": "1482633993.000002"
    },
    {
        "type": "message",
        "user": "U23E6TXLN",
        "text": "Feliz navidad muchachones y muchachonas <!everyone> :grimacing: :grimacing: :grimacing: :grimacing: :grimacing: :grimacing: ",
        "ts": "1482635206.000002"
    }
]