[
    {
        "type": "message",
        "user": "U23DZ7FHV",
        "text": "Muchachos",
        "ts": "1483216921.000002"
    },
    {
        "type": "message",
        "user": "U23DZ7FHV",
        "text": "Qu\u00e9 les parece un proyecto como este?\n<https:\/\/github.com\/Kyubyong\/sudoku>",
        "attachments": [
            {
                "service_name": "GitHub",
                "title": "Kyubyong\/sudoku",
                "title_link": "https:\/\/github.com\/Kyubyong\/sudoku",
                "text": "sudoku - Can Convolutional Neural Networks Crack Sudoku Puzzles?",
                "fallback": "GitHub: Kyubyong\/sudoku",
                "thumb_url": "https:\/\/avatars0.githubusercontent.com\/u\/13579986?v=3&s=400",
                "from_url": "https:\/\/github.com\/Kyubyong\/sudoku",
                "thumb_width": 400,
                "thumb_height": 400,
                "service_icon": "https:\/\/github.com\/apple-touch-icon.png",
                "id": 1
            }
        ],
        "ts": "1483216928.000003"
    },
    {
        "type": "message",
        "user": "U23E6TXLN",
        "text": "Hola a todos! Yo la verdad no voy mucho con esto de las metas de cada a\u00f1o y as\u00ed pero siguiendo la fecha espero 2017 sea el gran a\u00f1o para AI Society ",
        "ts": "1483252953.000005"
    },
    {
        "type": "message",
        "user": "U23E6TXLN",
        "text": ":grimacing: :grimacing: :grimacing: :grimacing: ",
        "ts": "1483252956.000006"
    }
]