[
    {
        "type": "message",
        "user": "U273A3E21",
        "text": "A qui\u00e9n le interese, me encontr\u00e9 este meetup <https:\/\/www.meetup.com\/es-ES\/Big-Data-Science-Bogota\/events\/233975872\/>",
        "attachments": [
            {
                "service_name": "Meetup",
                "title": "Big Data &amp; Data Science | Bogot\u00e1",
                "title_link": "https:\/\/www.meetup.com\/es-ES\/Big-Data-Science-Bogota\/events\/233975872\/",
                "text": "En Septiembre, presentamos una introducci\u00f3n a Deep Learning usando la librer\u00eda TensorFlow. Por otro lado veremos como usando Modelamiento Bayesiano se &amp;nbsp;pueden hacer predicciones electorales.&amp;nbsp",
                "fallback": "Meetup: Big Data &amp; Data Science | Bogot\u00e1",
                "thumb_url": "https:\/\/a248.e.akamai.net\/secure.meetupstatic.com\/photos\/event\/2\/b\/8\/9\/highres_439031145.jpeg",
                "from_url": "https:\/\/www.meetup.com\/es-ES\/Big-Data-Science-Bogota\/events\/233975872\/",
                "thumb_width": 582,
                "thumb_height": 582,
                "service_icon": "https:\/\/a248.e.akamai.net\/secure.meetupstatic.com\/s\/img\/44824024200340517185\/m\/ios\/Icon-60pt@2x.png",
                "id": 1
            }
        ],
        "ts": "1473431513.000002"
    },
    {
        "type": "message",
        "user": "U23DZ7FHV",
        "text": "Acabando Supervised learning, con ensemble of learners, boosting y inductive Bayes. ",
        "ts": "1473431931.000004"
    },
    {
        "type": "message",
        "user": "U23DZ7FHV",
        "text": "Ahora sigo con el proyecto. ",
        "ts": "1473431944.000005"
    }
]