[
    {
        "type": "message",
        "user": "U23E6TXLN",
        "text": "Pueden hoy?",
        "ts": "1481033318.000002"
    },
    {
        "type": "message",
        "user": "U23DZ7FHV",
        "text": "Hola. Yo s\u00ed. ",
        "ts": "1481038697.000002"
    },
    {
        "type": "message",
        "user": "U248PK4UB",
        "text": "Hola. Yo no podr\u00eda",
        "ts": "1481038748.000003"
    },
    {
        "type": "message",
        "user": "U248PK4UB",
        "text": "Estoy terminando tesis :pensive:",
        "ts": "1481038800.000004"
    },
    {
        "type": "message",
        "user": "U23E6TXLN",
        "text": "Ammm y el resto no est\u00e1n? ",
        "ts": "1481051869.000002"
    },
    {
        "type": "message",
        "user": "U23E6TXLN",
        "text": ":(",
        "ts": "1481051877.000003"
    },
    {
        "type": "message",
        "user": "U23D3AF8E",
        "text": "Hola! Yo hoy no puedo, tengo que hacer una vuelta en la tarde :(",
        "ts": "1481053175.000002"
    },
    {
        "type": "message",
        "user": "U23DZ7FHV",
        "text": "Ma\u00f1ana en la tarde pueden todos?",
        "ts": "1481061442.000002"
    },
    {
        "type": "message",
        "user": "U23DAGRHT",
        "text": "Yo si!",
        "ts": "1481077876.000003"
    },
    {
        "type": "message",
        "user": "U23DZ7FHV",
        "text": "<!everyone>: hola",
        "ts": "1481079185.000004"
    },
    {
        "type": "message",
        "user": "U248PK4UB",
        "text": "Hola",
        "edited": {
            "user": "U248PK4UB",
            "ts": "1481080120.000000"
        },
        "ts": "1481080115.000005"
    }
]