[
    {
        "type": "message",
        "user": "U23DZ7FHV",
        "text": "<!everyone> El resto?",
        "ts": "1480432103.000004"
    },
    {
        "type": "message",
        "user": "U23D3AF8E",
        "text": "Que edgar si",
        "ts": "1480432215.000005"
    },
    {
        "type": "message",
        "user": "U23DAGRHT",
        "text": "Preliminarmente puedo",
        "ts": "1480435493.000006"
    },
    {
        "type": "message",
        "user": "U23DZ7FHV",
        "text": "Listo, entonces queda ese d\u00eda",
        "ts": "1480451859.000002"
    },
    {
        "type": "message",
        "user": "U23DZ7FHV",
        "text": "Carrera 47A 113 - 30 apto 504 int. 8",
        "ts": "1480451878.000003"
    },
    {
        "type": "message",
        "user": "U23DZ7FHV",
        "text": "<!everyone> porfa p\u00e1senme sus correos (preferiblemente GMAIL)",
        "ts": "1480452654.000004"
    },
    {
        "type": "message",
        "user": "U23D2HSJ2",
        "text": "<mailto:andfoy@gmail.com|andfoy@gmail.com>",
        "ts": "1480452666.000005"
    },
    {
        "type": "message",
        "user": "U23DAGRHT",
        "text": "sc.valencia606 at <http:\/\/gmail.com|gmail.com>",
        "ts": "1480454207.000006"
    },
    {
        "type": "message",
        "user": "U273A3E21",
        "text": "estebanvargas94",
        "ts": "1480455237.000007"
    },
    {
        "type": "message",
        "user": "U23DZ7FHV",
        "text": "<!everyone>: el resto?",
        "ts": "1480460423.000008"
    },
    {
        "type": "message",
        "user": "U23E6TXLN",
        "text": "<mailto:jcbages95@gmail.com|jcbages95@gmail.com>",
        "ts": "1480461683.000009"
    }
]