[
    {
        "type": "message",
        "user": "U23DZ7FHV",
        "text": "Lunes puedo",
        "ts": "1481505374.000002"
    },
    {
        "type": "message",
        "user": "U23DAGRHT",
        "text": "Igual yo",
        "ts": "1481506123.000003"
    },
    {
        "type": "message",
        "user": "U23DAGRHT",
        "text": "Yo puedo cualquier d\u00eda en la semana",
        "ts": "1481506130.000004"
    },
    {
        "type": "message",
        "user": "U23DAGRHT",
        "text": "Ojal\u00e1 haya disposici\u00f3n esta vez",
        "ts": "1481506734.000005"
    },
    {
        "type": "message",
        "user": "U23DZ7FHV",
        "text": "Y en resto?",
        "ts": "1481507280.000006"
    },
    {
        "type": "message",
        "user": "U23E6TXLN",
        "text": " Nadie est\u00e1 conectado :sob::sob::sob::sob::sob::sob:",
        "ts": "1481508590.000007"
    },
    {
        "type": "message",
        "user": "U248PK4UB",
        "text": "Hola ",
        "ts": "1481510273.000008"
    },
    {
        "type": "message",
        "user": "U248PK4UB",
        "text": "Yo preferir\u00eda el martes si es posible ",
        "ts": "1481510289.000009"
    },
    {
        "type": "message",
        "user": "U248PK4UB",
        "text": "O mentira. En realidad cualquier d\u00eda ",
        "ts": "1481510309.000010"
    },
    {
        "type": "message",
        "user": "U23E6TXLN",
        "text": "Y que opinan el buen Edgar, la buena Camila y el buen Esteban? :grimacing:",
        "ts": "1481513054.000011"
    },
    {
        "type": "message",
        "user": "U23DZ7FHV",
        "text": "<!everyone>: ",
        "ts": "1481515325.000012"
    }
]