[
    {
        "type": "message",
        "user": "U23DZ7FHV",
        "text": "Hola",
        "ts": "1481582427.000002"
    },
    {
        "type": "message",
        "user": "U23DZ7FHV",
        "text": "Porfadigan cu\u00e1ndo pueden",
        "ts": "1481582430.000003"
    },
    {
        "type": "message",
        "user": "U23DZ7FHV",
        "text": "Y cuadramos bien un d\u00eda de esta semana cuando la mayor\u00eda pueda",
        "ts": "1481582449.000004"
    },
    {
        "type": "message",
        "user": "U23DAGRHT",
        "text": "Hola puedo ma\u00f1ana o el jueves despu\u00e9s de las 5",
        "ts": "1481591879.000005"
    },
    {
        "type": "message",
        "user": "U248PK4UB",
        "text": "Yo no podr\u00eda ma\u00f1ana, de resto s\u00ed en principio ",
        "ts": "1481592483.000006"
    },
    {
        "type": "message",
        "user": "U23DAGRHT",
        "text": "Yo puedo confirmar si el Miercoles puedo",
        "ts": "1481592501.000007"
    },
    {
        "type": "message",
        "user": "U23DAGRHT",
        "text": "Ma\u00f1ana confirmo entonces",
        "ts": "1481592511.000008"
    },
    {
        "type": "message",
        "user": "U23E6TXLN",
        "text": "Yo puedo como todos los d\u00edas",
        "ts": "1481599816.000009"
    },
    {
        "type": "message",
        "user": "U23E6TXLN",
        "text": "pero pues si queda dificil acordar una donde todos podamos una opcion seria por hangouts o algo asi no?",
        "ts": "1481599845.000010"
    },
    {
        "type": "message",
        "user": "U23DZ7FHV",
        "text": "Pues el d\u00eda que la mayor\u00eda pueda en f\u00edsico nos reunimos",
        "ts": "1481604235.000011"
    },
    {
        "type": "message",
        "user": "U23DZ7FHV",
        "text": "Y los que no por videollamada",
        "ts": "1481604241.000012"
    }
]