[
    {
        "type": "message",
        "user": "U23DZ7FHV",
        "text": "Hoa muchachos, c\u00f3mo van?",
        "ts": "1473384600.000002"
    },
    {
        "type": "message",
        "user": "U23DZ7FHV",
        "text": "Hace rato no nos vemos y hablamos de cosas de AI",
        "ts": "1473384632.000003"
    },
    {
        "type": "message",
        "user": "U23DZ7FHV",
        "text": "Encontr\u00e9 esta p\u00e1gina, con informaci\u00f3n muy completa acerca de Machine Learning",
        "ts": "1473384658.000004"
    },
    {
        "type": "message",
        "user": "U23DZ7FHV",
        "text": "\u00c9chenle una mirada. <https:\/\/pythonprogramming.net\/machine-learning-tutorial-python-introduction\/>\n\nYo ando actualmente avanzando el Machine Learning Nanodegree en Udacity",
        "attachments": [
            {
                "title": "Python Programming Tutorials",
                "title_link": "https:\/\/pythonprogramming.net\/machine-learning-tutorial-python-introduction\/",
                "text": "Python Programming tutorials from beginner to advanced on a massive variety of topics. All video and text tutorials are free.",
                "fallback": "Python Programming Tutorials",
                "from_url": "https:\/\/pythonprogramming.net\/machine-learning-tutorial-python-introduction\/",
                "service_icon": "https:\/\/pythonprogramming.net\/static\/favicon.ico",
                "service_name": "pythonprogramming.net",
                "id": 1
            }
        ],
        "ts": "1473384700.000005"
    },
    {
        "type": "message",
        "user": "U273A3E21",
        "text": "En qu\u00e9 parte del nanodegree vas?",
        "ts": "1473386188.000007"
    },
    {
        "type": "message",
        "user": "U273A3E21",
        "text": "Yo estoy haciendo los ejercicios de Lesson 2 de Intro to Data Science",
        "ts": "1473386357.000008"
    }
]