[
    {
        "type": "message",
        "user": "U23DAGRHT",
        "text": "Gracias!",
        "ts": "1480776854.000002"
    },
    {
        "type": "message",
        "user": "U23D2HSJ2",
        "text": "<@U23DZ7FHV> No creo que pueda asistir a la reuni\u00f3n hoy",
        "ts": "1480777606.000003"
    },
    {
        "type": "message",
        "user": "U23DAGRHT",
        "text": "Les parece si la corremos?",
        "ts": "1480778273.000004"
    },
    {
        "type": "message",
        "user": "U23DAGRHT",
        "text": "Para la otra semana?",
        "ts": "1480778281.000005"
    },
    {
        "type": "message",
        "user": "U23DAGRHT",
        "text": "Yo puedo cualquier d\u00eda despu\u00e9s de las 5:30",
        "ts": "1480778339.000006"
    },
    {
        "type": "message",
        "user": "U23DAGRHT",
        "text": "Entre semana",
        "ts": "1480778342.000007"
    },
    {
        "type": "message",
        "user": "U23DAGRHT",
        "text": "O el fin de semana despu\u00e9s de las 10AM",
        "ts": "1480778369.000008"
    },
    {
        "type": "message",
        "user": "U23E6TXLN",
        "text": " A mi me parece bien entre semana para no esperar toda una semana",
        "ts": "1480778412.000009"
    },
    {
        "type": "message",
        "user": "U23E6TXLN",
        "text": "Igual Ya salimos de todo no? o tienen pendientes?",
        "ts": "1480778432.000010"
    },
    {
        "type": "message",
        "user": "U23D2HSJ2",
        "text": "Yo s\u00f3lo tengo pendiente un par de calificaciones, que saldr\u00edan este fin de semana",
        "ts": "1480778717.000011"
    },
    {
        "type": "message",
        "user": "U23D2HSJ2",
        "text": "Pero podr\u00eda ser entresemana",
        "ts": "1480778724.000012"
    },
    {
        "type": "message",
        "user": "U23DZ7FHV",
        "text": "Est\u00e1 bien",
        "ts": "1480778943.000013"
    },
    {
        "type": "message",
        "user": "U23DZ7FHV",
        "text": "Si todos est\u00e1n de acuerdo",
        "ts": "1480778952.000014"
    },
    {
        "type": "message",
        "user": "U23DZ7FHV",
        "text": "<!everyone> Entonces?",
        "ts": "1480783805.000015"
    },
    {
        "type": "message",
        "user": "U23DAGRHT",
        "text": "Yo puedo entre semana!",
        "ts": "1480786551.000002"
    },
    {
        "type": "message",
        "user": "U23DAGRHT",
        "text": "Juan Camilo, Camila, Diego, Esteban?",
        "ts": "1480786567.000003"
    },
    {
        "type": "message",
        "user": "U23D3AF8E",
        "text": "Sii yo tambien puedo",
        "ts": "1480786579.000004"
    },
    {
        "type": "message",
        "user": "U23DAGRHT",
        "text": "Juan Camilo puede tambi\u00e9n",
        "ts": "1480786636.000005"
    },
    {
        "type": "message",
        "user": "U23DZ7FHV",
        "text": "<!everyone>  Y ning\u00fano puede hoy?",
        "ts": "1480787306.000006"
    },
    {
        "type": "message",
        "user": "U248PK4UB",
        "text": "A m\u00ed tambi\u00e9n me quedar\u00eda mejor en la pr\u00f3xima semana la verdad",
        "ts": "1480790730.000007"
    },
    {
        "type": "message",
        "user": "U248PK4UB",
        "text": "porque tengo dos entregas entre ma\u00f1ana y el lunes",
        "ts": "1480790748.000008"
    },
    {
        "type": "message",
        "user": "U248PK4UB",
        "text": "Perd\u00f3n que no hab\u00eda respondido antes pero por alguna raz\u00f3n se me hab\u00eda borrado el equipo en Slack y no me llegaba ninguna notificaci\u00f3n desde hace un buen tiempo... ",
        "edited": {
            "user": "U248PK4UB",
            "ts": "1480791281.000000"
        },
        "ts": "1480791252.000009"
    },
    {
        "type": "message",
        "user": "U273A3E21",
        "text": "Yo me voy el martes pero no dependan de mi",
        "ts": "1480822714.000002"
    }
]