[
    {
        "type": "message",
        "user": "U23DAGRHT",
        "text": "<https:\/\/research.googleblog.com\/2016\/08\/text-summarization-with-tensorflow.html>",
        "ts": "1472069522.000002"
    },
    {
        "type": "message",
        "user": "U23DZ7FHV",
        "text": "Est\u00e1 bien interesante",
        "ts": "1472070849.000002"
    },
    {
        "type": "message",
        "subtype": "file_share",
        "text": "<@U23E6TXLN|jcbages> uploaded a file: <https:\/\/ai-society.slack.com\/files\/jcbages\/F24MLJ97B\/screen_shot_2016-08-24_at_5.14.01_pm.png|guialanding.png>",
        "file": {
            "id": "F24MLJ97B",
            "created": 1472076987,
            "timestamp": 1472076987,
            "name": "Screen Shot 2016-08-24 at 5.14.01 PM.png",
            "title": "guialanding.png",
            "mimetype": "image\/png",
            "filetype": "png",
            "pretty_type": "PNG",
            "user": "U23E6TXLN",
            "editable": false,
            "size": 91391,
            "mode": "hosted",
            "is_external": false,
            "external_type": "",
            "is_public": true,
            "public_url_shared": false,
            "display_as_bot": false,
            "username": "",
            "url_private": "https:\/\/files.slack.com\/files-pri\/T23D2HSEA-F24MLJ97B\/screen_shot_2016-08-24_at_5.14.01_pm.png?t=xoxe-71444604486-139137108116-139058809970-55720f8321",
            "url_private_download": "https:\/\/files.slack.com\/files-pri\/T23D2HSEA-F24MLJ97B\/download\/screen_shot_2016-08-24_at_5.14.01_pm.png?t=xoxe-71444604486-139137108116-139058809970-55720f8321",
            "thumb_64": "https:\/\/files.slack.com\/files-tmb\/T23D2HSEA-F24MLJ97B-c4d0b403a5\/screen_shot_2016-08-24_at_5.14.01_pm_64.png?t=xoxe-71444604486-139137108116-139058809970-55720f8321",
            "thumb_80": "https:\/\/files.slack.com\/files-tmb\/T23D2HSEA-F24MLJ97B-c4d0b403a5\/screen_shot_2016-08-24_at_5.14.01_pm_80.png?t=xoxe-71444604486-139137108116-139058809970-55720f8321",
            "thumb_360": "https:\/\/files.slack.com\/files-tmb\/T23D2HSEA-F24MLJ97B-c4d0b403a5\/screen_shot_2016-08-24_at_5.14.01_pm_360.png?t=xoxe-71444604486-139137108116-139058809970-55720f8321",
            "thumb_360_w": 360,
            "thumb_360_h": 202,
            "thumb_480": "https:\/\/files.slack.com\/files-tmb\/T23D2HSEA-F24MLJ97B-c4d0b403a5\/screen_shot_2016-08-24_at_5.14.01_pm_480.png?t=xoxe-71444604486-139137108116-139058809970-55720f8321",
            "thumb_480_w": 480,
            "thumb_480_h": 270,
            "thumb_160": "https:\/\/files.slack.com\/files-tmb\/T23D2HSEA-F24MLJ97B-c4d0b403a5\/screen_shot_2016-08-24_at_5.14.01_pm_160.png?t=xoxe-71444604486-139137108116-139058809970-55720f8321",
            "thumb_720": "https:\/\/files.slack.com\/files-tmb\/T23D2HSEA-F24MLJ97B-c4d0b403a5\/screen_shot_2016-08-24_at_5.14.01_pm_720.png?t=xoxe-71444604486-139137108116-139058809970-55720f8321",
            "thumb_720_w": 720,
            "thumb_720_h": 405,
            "thumb_960": "https:\/\/files.slack.com\/files-tmb\/T23D2HSEA-F24MLJ97B-c4d0b403a5\/screen_shot_2016-08-24_at_5.14.01_pm_960.png?t=xoxe-71444604486-139137108116-139058809970-55720f8321",
            "thumb_960_w": 960,
            "thumb_960_h": 540,
            "thumb_1024": "https:\/\/files.slack.com\/files-tmb\/T23D2HSEA-F24MLJ97B-c4d0b403a5\/screen_shot_2016-08-24_at_5.14.01_pm_1024.png?t=xoxe-71444604486-139137108116-139058809970-55720f8321",
            "thumb_1024_w": 1024,
            "thumb_1024_h": 576,
            "image_exif_rotation": 1,
            "original_w": 1366,
            "original_h": 768,
            "permalink": "https:\/\/ai-society.slack.com\/files\/jcbages\/F24MLJ97B\/screen_shot_2016-08-24_at_5.14.01_pm.png",
            "permalink_public": "https:\/\/slack-files.com\/T23D2HSEA-F24MLJ97B-fa039bc2ff",
            "channels": [
                "C23D0APRS"
            ],
            "groups": [],
            "ims": [],
            "comments_count": 0
        },
        "user": "U23E6TXLN",
        "upload": true,
        "display_as_bot": false,
        "username": "<@U23E6TXLN|jcbages>",
        "bot_id": null,
        "ts": "1472076990.000002"
    },
    {
        "type": "message",
        "user": "U23E6TXLN",
        "text": "wuu landing page :smile: jajaja",
        "ts": "1472076996.000003"
    },
    {
        "type": "message",
        "user": "U23E6TXLN",
        "text": "<http:\/\/neuralnetworksanddeeplearning.com\/chap1.html> -&gt; libro super peque\u00f1o para aprender neural networks que salio recomendado en un correo de udacity",
        "ts": "1472083036.000002"
    },
    {
        "type": "message",
        "user": "U23E6TXLN",
        "text": "<http:\/\/www.deeplearningbook.org\/> -&gt; libro de deep learning tambien peque\u00f1o que recomendaron en la pagina del primer libro",
        "ts": "1472083055.000003"
    },
    {
        "type": "message",
        "user": "U23DAGRHT",
        "text": "Muchas gracuas!!",
        "ts": "1472094252.000002"
    }
]