[
    {
        "type": "message",
        "user": "U23E6TXLN",
        "text": "Hola hola, finalmente nos veremos hoy? Si es as\u00ed les parece si nos vemos por el d\u00eda ? :) <!everyone> ",
        "ts": "1482758256.000002"
    },
    {
        "type": "message",
        "user": "U3HHPGYFP",
        "text": "Hola! No sab\u00eda que se iban a reunir hoy, yo hoy no puedo :pensive:",
        "ts": "1482767933.000002"
    },
    {
        "type": "message",
        "user": "U248PK4UB",
        "text": "Yo tampoco puedo hoy...",
        "ts": "1482768016.000003"
    },
    {
        "type": "message",
        "user": "U248PK4UB",
        "text": ":(",
        "ts": "1482768020.000004"
    }
]