[
    {
        "type": "message",
        "user": "U23DZ7FHV",
        "text": "Practical ML en Python:  <https:\/\/pythonprogramming.net\/machine-learning-tutorial-python-introduction\/>",
        "attachments": [
            {
                "title": "Python Programming Tutorials",
                "title_link": "https:\/\/pythonprogramming.net\/machine-learning-tutorial-python-introduction\/",
                "text": "Python Programming tutorials from beginner to advanced on a massive variety of topics. All video and text tutorials are free.",
                "fallback": "Python Programming Tutorials",
                "from_url": "https:\/\/pythonprogramming.net\/machine-learning-tutorial-python-introduction\/",
                "service_icon": "https:\/\/pythonprogramming.net\/static\/favicon.ico",
                "service_name": "pythonprogramming.net",
                "id": 1
            }
        ],
        "ts": "1475688205.000002"
    }
]