[
    {
        "type": "message",
        "user": "U23DZ7FHV",
        "text": "Hola, c\u00f3mo van?",
        "ts": "1471922229.000002"
    },
    {
        "type": "message",
        "user": "U23DZ7FHV",
        "text": "En general lo que hablamos ayer es de semi-formalizar este grupo, donde todos tenemos alg\u00fan tipo de inter\u00e9s por la IA.",
        "ts": "1471922268.000003"
    },
    {
        "type": "message",
        "user": "U23DZ7FHV",
        "text": "Entonces quedamos en hacer lo siguiente:\n1. Crear una p\u00e1gina de FB para subir art\u00edculos, videos, o informaci\u00f3n relevante que encontremos de IA. (seguro alguien interesado podr\u00e1 informarse con lo que coloquemos)\n2. Hablar con profesores para saber que contamos con ellos.\n3. Planear charlas dadas por profesores o por nosotros para ense\u00f1ar y fomentar la AI (que tambi\u00e9n nos sirven para aprender de forma m\u00e1s profunda los temas)\n4. Hacer proyectos individuales y reunirnos cada 2 semanas para discutir lo que cada uno ha aprendido, as\u00ed aprendemos todos de todo.",
        "ts": "1471922409.000004"
    },
    {
        "type": "message",
        "user": "U23DZ7FHV",
        "text": "Qu\u00e9 les parece?",
        "ts": "1471922411.000005"
    }
]