[
    {
        "type": "message",
        "user": "U23DZ7FHV",
        "text": "Muchachos, si les gusta programar en Java les interesar\u00e1 esto: <https:\/\/github.com\/cheng-li\/pyramid>",
        "attachments": [
            {
                "service_name": "GitHub",
                "title": "cheng-li\/pyramid",
                "title_link": "https:\/\/github.com\/cheng-li\/pyramid",
                "text": "pyramid - Open source Machine Learning library written in Java",
                "fallback": "GitHub: cheng-li\/pyramid",
                "thumb_url": "https:\/\/avatars3.githubusercontent.com\/u\/4728127?v=3&s=400",
                "from_url": "https:\/\/github.com\/cheng-li\/pyramid",
                "thumb_width": 394,
                "thumb_height": 394,
                "service_icon": "https:\/\/github.com\/apple-touch-icon.png",
                "id": 1
            }
        ],
        "ts": "1475102188.000002"
    },
    {
        "type": "message",
        "user": "U23DZ7FHV",
        "text": "Es una librer\u00eda OS de ML en Java",
        "ts": "1475102203.000004"
    },
    {
        "type": "message",
        "user": "U23DZ7FHV",
        "text": "Alguno ha hecho\/usado Gradient Boosting o Random Forests ?",
        "ts": "1475102973.000005"
    },
    {
        "type": "message",
        "user": "U23DZ7FHV",
        "text": "Encontr\u00e9 una librer\u00eda para distribuir (paralelizar)  Boosted Trees  <https:\/\/github.com\/dmlc\/xgboost>",
        "attachments": [
            {
                "service_name": "GitHub",
                "title": "dmlc\/xgboost",
                "title_link": "https:\/\/github.com\/dmlc\/xgboost",
                "text": "xgboost - Scalable, Portable and Distributed Gradient Boosting (GBDT, GBRT or GBM) Library, for Python, R, Java, Scala, C++ and more. Runs on single machine, Hadoop, Spark, Flink and DataFlow",
                "fallback": "GitHub: dmlc\/xgboost",
                "thumb_url": "https:\/\/avatars0.githubusercontent.com\/u\/11508361?v=3&s=400",
                "from_url": "https:\/\/github.com\/dmlc\/xgboost",
                "thumb_width": 227,
                "thumb_height": 227,
                "service_icon": "https:\/\/github.com\/apple-touch-icon.png",
                "id": 1
            }
        ],
        "ts": "1475102996.000006"
    }
]