[
    {
        "type": "message",
        "user": "U23E6TXLN",
        "text": " Yo igual (\u00f3sea hoy)",
        "ts": "1481722003.000002"
    },
    {
        "type": "message",
        "user": "U23DZ7FHV",
        "text": "<!everyone> Bueno, nos reunimos en mi casa",
        "ts": "1481727035.000002"
    },
    {
        "type": "message",
        "user": "U23DZ7FHV",
        "text": "<@U23DAGRHT> A qu\u00e9 horas sale del trabajo ?",
        "ts": "1481727045.000003"
    },
    {
        "type": "message",
        "user": "U23E6TXLN",
        "text": "El sale como a las 4 algo as\u00ed pero por all\u00e1 de portal el dorado",
        "ts": "1481727367.000004"
    },
    {
        "type": "message",
        "user": "U23E6TXLN",
        "text": "Entonces yo creo que ser\u00eda pasaditas las 5 ",
        "ts": "1481727546.000005"
    },
    {
        "type": "message",
        "user": "U23DZ7FHV",
        "text": "Listo",
        "ts": "1481727895.000006"
    },
    {
        "type": "message",
        "user": "U23DZ7FHV",
        "text": "Entonces 5:30 ac\u00e1",
        "ts": "1481727900.000007"
    },
    {
        "type": "message",
        "user": "U23DZ7FHV",
        "text": "<!everyone>: porfa confirmen ",
        "ts": "1481730766.000008"
    },
    {
        "type": "message",
        "user": "U23E6TXLN",
        "text": "de una :slightly_smiling_face:",
        "ts": "1481730776.000009"
    },
    {
        "type": "message",
        "user": "U23E6TXLN",
        "text": "nos repite la direccion porfa?",
        "ts": "1481730931.000010"
    },
    {
        "type": "message",
        "user": "U23DAGRHT",
        "text": "Confirmo",
        "ts": "1481732616.000011"
    },
    {
        "type": "message",
        "user": "U23DAGRHT",
        "text": "yo salgo de ac\u00e1 a las 4:30",
        "ts": "1481732633.000012"
    },
    {
        "type": "message",
        "user": "U23DAGRHT",
        "text": "Cojo la ruta de la autopista y a eso de las 5:15 debo estar all\u00e1",
        "ts": "1481732649.000013"
    },
    {
        "type": "message",
        "user": "U23DAGRHT",
        "text": "Pero m\u00e1s que confirmado",
        "ts": "1481732655.000014"
    },
    {
        "type": "message",
        "user": "U23D2HSJ2",
        "text": "Entonces 5:20-5:30pm",
        "ts": "1481732877.000015"
    },
    {
        "type": "message",
        "user": "U23DZ7FHV",
        "text": "Carrera 47a 113 30",
        "ts": "1481733390.000016"
    },
    {
        "type": "message",
        "user": "U23D2HSJ2",
        "text": "Me result\u00f3 un asunto de \u00faltimo minuto y no alcanzo a llegar a la reuni\u00f3n, presento mis excusas. Me encuentro atento a las decisiones que tomen",
        "ts": "1481753900.000017"
    },
    {
        "type": "message",
        "user": "U23DAGRHT",
        "text": "Juan Camilo tampco alcanza a esa hora, me acaba de decir",
        "ts": "1481754169.000018"
    },
    {
        "type": "message",
        "user": "U23DZ7FHV",
        "text": "Hm",
        "ts": "1481754176.000019"
    },
    {
        "type": "message",
        "user": "U23DAGRHT",
        "text": "Edgar, ud puede m\u00e1s tarde?",
        "ts": "1481754184.000020"
    },
    {
        "type": "message",
        "user": "U23DZ7FHV",
        "text": "6:30 puede los 2?",
        "ts": "1481754186.000021"
    },
    {
        "type": "message",
        "user": "U23DZ7FHV",
        "text": "O m\u00e1s tarde?",
        "ts": "1481754190.000022"
    },
    {
        "type": "message",
        "user": "U23DAGRHT",
        "text": "U otro d\u00eda seguro?",
        "ts": "1481754191.000023"
    },
    {
        "type": "message",
        "user": "U23D2HSJ2",
        "text": "Viernes!",
        "ts": "1481754199.000024"
    },
    {
        "type": "message",
        "user": "U23DAGRHT",
        "text": "Enfatio: SEGURO",
        "ts": "1481754203.000025"
    },
    {
        "type": "message",
        "user": "U23DAGRHT",
        "text": "jajajajaja",
        "ts": "1481754205.000026"
    },
    {
        "type": "message",
        "user": "U23D2HSJ2",
        "text": "SEGURO",
        "ts": "1481754211.000027"
    },
    {
        "type": "message",
        "user": "U23DAGRHT",
        "text": "Que dice Diego?",
        "ts": "1481754219.000028"
    },
    {
        "type": "message",
        "user": "U23DAGRHT",
        "text": "Y los dem\u00e1s?",
        "ts": "1481754227.000029"
    },
    {
        "type": "message",
        "user": "U23DZ7FHV",
        "text": "Si JCBages puede hoy, m\u00e1s tarde, hag\u00e1mosla de una vez",
        "ts": "1481754239.000030"
    },
    {
        "type": "message",
        "user": "U23DZ7FHV",
        "text": "Llevamos mucho aplazandola",
        "ts": "1481754246.000031"
    },
    {
        "type": "message",
        "user": "U23DZ7FHV",
        "text": "Y ya va a ser navidad",
        "ts": "1481754253.000032"
    },
    {
        "type": "message",
        "user": "U23D2HSJ2",
        "text": "H\u00e1galan hoy",
        "ts": "1481754258.000033"
    },
    {
        "type": "message",
        "user": "U23DAGRHT",
        "text": "Demasiado tiempo apalzandola",
        "ts": "1481754259.000034"
    },
    {
        "type": "message",
        "user": "U23DAGRHT",
        "text": "No se ve mucho \u00e1nimo, la verdad",
        "ts": "1481754266.000035"
    },
    {
        "type": "message",
        "user": "U248PK4UB",
        "text": "yo ya estoy donde Diego",
        "edited": {
            "user": "U248PK4UB",
            "ts": "1481754281.000000"
        },
        "ts": "1481754271.000036"
    },
    {
        "type": "message",
        "user": "U248PK4UB",
        "text": "hace unas horas :stuck_out_tongue:",
        "ts": "1481754300.000038"
    },
    {
        "type": "message",
        "user": "U23D2HSJ2",
        "text": "Sigan adelante",
        "ts": "1481754317.000039"
    },
    {
        "type": "message",
        "user": "U23DAGRHT",
        "text": "Le voy a preguntar a Juan Camilo",
        "ts": "1481754327.000040"
    },
    {
        "type": "message",
        "user": "U23DAGRHT",
        "text": "No tiene datos",
        "ts": "1481754332.000041"
    },
    {
        "type": "message",
        "user": "U23DAGRHT",
        "text": "\u00e9l",
        "ts": "1481754334.000042"
    },
    {
        "type": "message",
        "user": "U23DAGRHT",
        "text": "Edgar",
        "ts": "1481754483.000043"
    },
    {
        "type": "message",
        "user": "U23DAGRHT",
        "text": "Puede virtual?",
        "ts": "1481754490.000044"
    },
    {
        "type": "message",
        "user": "U23DAGRHT",
        "text": "Juan Camilo est\u00e1 en una entrevista, no presupuestaba tanta demora",
        "ts": "1481754514.000045"
    },
    {
        "type": "message",
        "user": "U23D2HSJ2",
        "text": "Yo les avis\u00f3, en este momento estoy atendiendo una llamada",
        "ts": "1481754582.000046"
    },
    {
        "type": "message",
        "user": "U23DAGRHT",
        "text": "ok, ok",
        "ts": "1481754588.000047"
    },
    {
        "type": "message",
        "user": "U23DZ7FHV",
        "text": "Lleg\u00f3 JC Bages",
        "ts": "1481757506.000002"
    },
    {
        "type": "message",
        "user": "U23E6TXLN",
        "text": "Hey muchachos muy buena reuni\u00f3n :slightly_smiling_face:",
        "ts": "1481784460.000002"
    },
    {
        "type": "message",
        "user": "U23E6TXLN",
        "text": "Ahi en random pongo a diegodiego lo de codigo de barras en swift",
        "ts": "1481784483.000003",
        "reactions": [
            {
                "name": "+1",
                "users": [
                    "U248PK4UB"
                ],
                "count": 1
            }
        ]
    }
]