[
    {
        "type": "message",
        "subtype": "file_share",
        "text": "<@U23DZ7FHV|diegoalejogm> uploaded a file: <https:\/\/ai-society.slack.com\/files\/diegoalejogm\/F2KE7J9B7\/slack_for_ios_upload.jpg|Slack for iOS Upload> and commented: Acaba de abrir este curso. Alguien ya lo hizo o que lo piense hacer?",
        "file": {
            "id": "F2KE7J9B7",
            "created": 1475637914,
            "timestamp": 1475637914,
            "name": "Slack for iOS Upload.jpg",
            "title": "Slack for iOS Upload",
            "mimetype": "image\/jpeg",
            "filetype": "jpg",
            "pretty_type": "JPEG",
            "user": "U23DZ7FHV",
            "editable": false,
            "size": 167775,
            "mode": "hosted",
            "is_external": false,
            "external_type": "",
            "is_public": true,
            "public_url_shared": false,
            "display_as_bot": false,
            "username": "",
            "url_private": "https:\/\/files.slack.com\/files-pri\/T23D2HSEA-F2KE7J9B7\/slack_for_ios_upload.jpg?t=xoxe-71444604486-139137108116-139058809970-55720f8321",
            "url_private_download": "https:\/\/files.slack.com\/files-pri\/T23D2HSEA-F2KE7J9B7\/download\/slack_for_ios_upload.jpg?t=xoxe-71444604486-139137108116-139058809970-55720f8321",
            "thumb_64": "https:\/\/files.slack.com\/files-tmb\/T23D2HSEA-F2KE7J9B7-4ea9c49e40\/slack_for_ios_upload_64.jpg?t=xoxe-71444604486-139137108116-139058809970-55720f8321",
            "thumb_80": "https:\/\/files.slack.com\/files-tmb\/T23D2HSEA-F2KE7J9B7-4ea9c49e40\/slack_for_ios_upload_80.jpg?t=xoxe-71444604486-139137108116-139058809970-55720f8321",
            "thumb_360": "https:\/\/files.slack.com\/files-tmb\/T23D2HSEA-F2KE7J9B7-4ea9c49e40\/slack_for_ios_upload_360.jpg?t=xoxe-71444604486-139137108116-139058809970-55720f8321",
            "thumb_360_w": 202,
            "thumb_360_h": 360,
            "thumb_480": "https:\/\/files.slack.com\/files-tmb\/T23D2HSEA-F2KE7J9B7-4ea9c49e40\/slack_for_ios_upload_480.jpg?t=xoxe-71444604486-139137108116-139058809970-55720f8321",
            "thumb_480_w": 270,
            "thumb_480_h": 480,
            "thumb_160": "https:\/\/files.slack.com\/files-tmb\/T23D2HSEA-F2KE7J9B7-4ea9c49e40\/slack_for_ios_upload_160.jpg?t=xoxe-71444604486-139137108116-139058809970-55720f8321",
            "thumb_720": "https:\/\/files.slack.com\/files-tmb\/T23D2HSEA-F2KE7J9B7-4ea9c49e40\/slack_for_ios_upload_720.jpg?t=xoxe-71444604486-139137108116-139058809970-55720f8321",
            "thumb_720_w": 405,
            "thumb_720_h": 720,
            "thumb_960": "https:\/\/files.slack.com\/files-tmb\/T23D2HSEA-F2KE7J9B7-4ea9c49e40\/slack_for_ios_upload_960.jpg?t=xoxe-71444604486-139137108116-139058809970-55720f8321",
            "thumb_960_w": 540,
            "thumb_960_h": 960,
            "thumb_1024": "https:\/\/files.slack.com\/files-tmb\/T23D2HSEA-F2KE7J9B7-4ea9c49e40\/slack_for_ios_upload_1024.jpg?t=xoxe-71444604486-139137108116-139058809970-55720f8321",
            "thumb_1024_w": 576,
            "thumb_1024_h": 1024,
            "image_exif_rotation": 1,
            "original_w": 750,
            "original_h": 1334,
            "permalink": "https:\/\/ai-society.slack.com\/files\/diegoalejogm\/F2KE7J9B7\/slack_for_ios_upload.jpg",
            "permalink_public": "https:\/\/slack-files.com\/T23D2HSEA-F2KE7J9B7-5334f3d4f8",
            "channels": [
                "C23D0APRS"
            ],
            "groups": [],
            "ims": [],
            "comments_count": 1,
            "initial_comment": {
                "id": "Fc2KCK66JX",
                "created": 1475637914,
                "timestamp": 1475637914,
                "user": "U23DZ7FHV",
                "is_intro": true,
                "comment": "Acaba de abrir este curso. Alguien ya lo hizo o que lo piense hacer?",
                "channel": ""
            }
        },
        "user": "U23DZ7FHV",
        "upload": true,
        "display_as_bot": false,
        "username": "<@U23DZ7FHV|diegoalejogm>",
        "bot_id": null,
        "ts": "1475637918.000002"
    }
]