[
    {
        "type": "message",
        "user": "U23DZ7FHV",
        "text": "Progressive neural networks ",
        "ts": "1475525489.000002"
    },
    {
        "type": "message",
        "user": "U23DZ7FHV",
        "text": "<http:\/\/www.techworld.com\/big-data\/inside-deepminds-latest-attempts-achieve-general-artificial-intelligence-3646730\/>",
        "attachments": [
            {
                "service_name": "Techworld",
                "title": "Inside Google DeepMind's Latest Attempts to Achieve a General Artificial Intelligence",
                "title_link": "http:\/\/www.techworld.com\/big-data\/inside-deepminds-latest-attempts-achieve-general-artificial-intelligence-3646730\/",
                "text": "Google DeepMind is working on progressive neural networks to bring us closer to a multi-functional 'general' artificial intelligence (AI), but we are still some distance away",
                "fallback": "Techworld: Inside Google DeepMind's Latest Attempts to Achieve a General Artificial Intelligence",
                "image_url": "https:\/\/cdn4.techworld.com\/cmsdata\/features\/3646730\/artificial_intelligence_2_thumb800.jpg",
                "from_url": "http:\/\/www.techworld.com\/big-data\/inside-deepminds-latest-attempts-achieve-general-artificial-intelligence-3646730\/",
                "image_width": 388,
                "image_height": 250,
                "image_bytes": 68668,
                "service_icon": "http:\/\/cdn2.techworld.com\/graphics\/appleicon57.png",
                "id": 1
            }
        ],
        "ts": "1475525494.000003"
    },
    {
        "type": "message",
        "user": "U23DZ7FHV",
        "text": "NN in theano",
        "ts": "1475527589.000002"
    },
    {
        "type": "message",
        "user": "U23DZ7FHV",
        "text": "<http:\/\/blog.asidatascience.com\/training-neural-networks-with-theano\/>",
        "attachments": [
            {
                "service_name": "ASI News and Events",
                "title": "Training Neural Networks with Theano",
                "title_link": "http:\/\/blog.asidatascience.com\/training-neural-networks-with-theano\/",
                "text": "Training neural networks involves quite a few tricky bits. We try to make everything clear and easy to understand, to get you training your neural networks as quickly as possible. Theano allows us to write relatively concise code that follows the structure of the underlying maths. To run the code",
                "fallback": "ASI News and Events: Training Neural Networks with Theano",
                "image_url": "http:\/\/blog.asidatascience.com\/content\/images\/2016\/09\/Screenshot-2016-09-14-16.14.14.png",
                "image_width": 339,
                "image_height": 250,
                "fields": [
                    {
                        "title": "Written by",
                        "value": "Nick Robinson",
                        "short": true
                    }
                ],
                "ts": 1473851293,
                "from_url": "http:\/\/blog.asidatascience.com\/training-neural-networks-with-theano\/",
                "image_bytes": 894130,
                "service_icon": "http:\/\/blog.asidatascience.com\/assets\/img\/favicon\/apple-icon-57x57.png?v=b9c96fa8f3",
                "id": 1
            }
        ],
        "ts": "1475527593.000003"
    },
    {
        "type": "message",
        "user": "U23DZ7FHV",
        "text": "<https:\/\/www.quora.com\/How-do-I-learn-deep-learning-in-2-months\/answer\/Vivek-Kumar-893?srid=pfsl&amp;share=69e05d16> tutorial ",
        "ts": "1475527772.000005"
    },
    {
        "type": "message",
        "user": "U23DZ7FHV",
        "text": "CNN: <https:\/\/adeshpande3.github.io\/adeshpande3.github.io\/The-9-Deep-Learning-Papers-You-Need-To-Know-About.html>",
        "attachments": [
            {
                "title": "The 9 Deep Learning Papers You Need To Know About (Understanding CNNs Part 3)",
                "title_link": "https:\/\/adeshpande3.github.io\/adeshpande3.github.io\/The-9-Deep-Learning-Papers-You-Need-To-Know-About.html",
                "text": "Summarizing and explaining the most impactful CNN papers over the last 5 years",
                "fallback": "The 9 Deep Learning Papers You Need To Know About (Understanding CNNs Part 3)",
                "from_url": "https:\/\/adeshpande3.github.io\/adeshpande3.github.io\/The-9-Deep-Learning-Papers-You-Need-To-Know-About.html",
                "service_name": "adeshpande3.github.io",
                "id": 1
            }
        ],
        "ts": "1475532692.000002"
    },
    {
        "type": "message",
        "user": "U23DZ7FHV",
        "text": "Top 15 recursos para aprender ML",
        "ts": "1475538267.000002"
    },
    {
        "type": "message",
        "user": "U23DZ7FHV",
        "text": "<http:\/\/blog.kaggle.com\/2016\/09\/13\/what-were-reading-data-science-resources\/>",
        "attachments": [
            {
                "service_name": "No Free Hunch",
                "title": "What We're Reading: 15 Favorite Data Science Resources",
                "title_link": "http:\/\/blog.kaggle.com\/2016\/09\/13\/what-were-reading-data-science-resources\/",
                "text": "Following the 15 blogs, newsletters, and podcasts shared in this post will keep you tuned into topics in machine learning, data visualization, and industry trends in the wide world of data [...]",
                "fallback": "No Free Hunch: What We're Reading: 15 Favorite Data Science Resources",
                "thumb_url": "http:\/\/5047-presscdn.pagely.netdna-cdn.com\/wp-content\/uploads\/2016\/09\/data-science-resources.png",
                "ts": 1473785196,
                "from_url": "http:\/\/blog.kaggle.com\/2016\/09\/13\/what-were-reading-data-science-resources\/",
                "thumb_width": 1000,
                "thumb_height": 280,
                "id": 1
            }
        ],
        "ts": "1475538268.000003"
    },
    {
        "type": "message",
        "user": "U23E6TXLN",
        "text": "waaa estan muy geniales esos articulos",
        "ts": "1475553043.000005"
    },
    {
        "type": "message",
        "user": "U23E6TXLN",
        "text": "en especial el de los papers",
        "ts": "1475553048.000006"
    },
    {
        "type": "message",
        "user": "U23E6TXLN",
        "text": "con 150 capas en una red",
        "ts": "1475553063.000007"
    },
    {
        "type": "message",
        "user": "U23E6TXLN",
        "text": "ahi salia un proyecto que le creamos repo de github y no empezamos, el que describe imagenes con lenguaje naturas",
        "ts": "1475553084.000008"
    },
    {
        "type": "message",
        "user": "U23E6TXLN",
        "text": "natural*",
        "ts": "1475553085.000009"
    }
]