[
    {
        "type": "message",
        "user": "U273A3E21",
        "text": "Esta semana nos reunimos a la misma hora y el mismo lugar?",
        "ts": "1485713158.000014"
    },
    {
        "type": "message",
        "user": "U273A3E21",
        "text": "Y mostramos nuestros avances del blog y el tic-tac-toe?",
        "ts": "1485713181.000015"
    },
    {
        "type": "message",
        "user": "U23DZ7FHV",
        "text": "Yeah",
        "ts": "1485717553.000016"
    },
    {
        "user": "U3Y1DECNN",
        "text": "<@U3Y1DECNN|andfoy2> has joined the channel",
        "type": "message",
        "subtype": "channel_join",
        "ts": "1485735047.000017"
    },
    {
        "type": "message",
        "user": "U23E6TXLN",
        "text": "Me parece :grimacing: ",
        "ts": "1485735190.000018"
    },
    {
        "type": "message",
        "user": "U23DAGRHT",
        "text": "agree",
        "ts": "1485736022.000019"
    },
    {
        "type": "message",
        "user": "U248PK4UB",
        "text": "Yo este jueves no podr\u00eda... :grimacing:",
        "ts": "1485748343.000020"
    },
    {
        "type": "message",
        "user": "U23E6TXLN",
        "text": "que dias podria <@U248PK4UB>",
        "ts": "1485748527.000021"
    }
]