[
    {
        "user": "U3X9A71NX",
        "text": "<@U3X9A71NX|claudiabm777> has joined the channel",
        "type": "message",
        "subtype": "channel_join",
        "ts": "1485519487.000002"
    },
    {
        "type": "message",
        "user": "U3X9A71NX",
        "text": "<https:\/\/www.youtube.com\/watch?v=fsF7enQY8uI>",
        "attachments": [
            {
                "service_name": "YouTube",
                "service_url": "https:\/\/www.youtube.com\/",
                "title": "Robot beats \"I am not a Robot\" Captcha",
                "title_link": "https:\/\/www.youtube.com\/watch?v=fsF7enQY8uI",
                "author_name": "Matt Unsworth",
                "author_link": "https:\/\/www.youtube.com\/user\/skyforce6",
                "thumb_url": "https:\/\/i.ytimg.com\/vi\/fsF7enQY8uI\/hqdefault.jpg",
                "thumb_width": 480,
                "thumb_height": 360,
                "fallback": "YouTube Video: Robot beats \"I am not a Robot\" Captcha",
                "video_html": "<iframe width=\"400\" height=\"225\" src=\"https:\/\/www.youtube.com\/embed\/fsF7enQY8uI?feature=oembed&autoplay=1&iv_load_policy=3\" frameborder=\"0\" allowfullscreen><\/iframe>",
                "video_html_width": 400,
                "video_html_height": 225,
                "from_url": "https:\/\/www.youtube.com\/watch?v=fsF7enQY8uI",
                "service_icon": "https:\/\/a.slack-edge.com\/2089\/img\/unfurl_icons\/youtube.png",
                "id": 1
            }
        ],
        "ts": "1485540681.000002"
    },
    {
        "type": "message",
        "user": "U23DZ7FHV",
        "text": "Muchachos. Los que est\u00e1n trabajando en el blog: ",
        "ts": "1485548997.000004"
    },
    {
        "type": "message",
        "subtype": "file_share",
        "text": "<@U23DZ7FHV|diegoalejogm> uploaded a file: <https:\/\/ai-society.slack.com\/files\/diegoalejogm\/F3Y9JKEPQ\/image_uploaded_from_ios.jpg|Image uploaded from iOS>",
        "file": {
            "id": "F3Y9JKEPQ",
            "created": 1485549020,
            "timestamp": 1485549020,
            "name": "Image uploaded from iOS.jpg",
            "title": "Image uploaded from iOS",
            "mimetype": "image\/jpeg",
            "filetype": "jpg",
            "pretty_type": "JPEG",
            "user": "U23DZ7FHV",
            "editable": false,
            "size": 218083,
            "mode": "hosted",
            "is_external": false,
            "external_type": "",
            "is_public": true,
            "public_url_shared": false,
            "display_as_bot": false,
            "username": "",
            "url_private": "https:\/\/files.slack.com\/files-pri\/T23D2HSEA-F3Y9JKEPQ\/image_uploaded_from_ios.jpg?t=xoxe-71444604486-139137108116-139058809970-55720f8321",
            "url_private_download": "https:\/\/files.slack.com\/files-pri\/T23D2HSEA-F3Y9JKEPQ\/download\/image_uploaded_from_ios.jpg?t=xoxe-71444604486-139137108116-139058809970-55720f8321",
            "thumb_64": "https:\/\/files.slack.com\/files-tmb\/T23D2HSEA-F3Y9JKEPQ-6862244029\/image_uploaded_from_ios_64.jpg?t=xoxe-71444604486-139137108116-139058809970-55720f8321",
            "thumb_80": "https:\/\/files.slack.com\/files-tmb\/T23D2HSEA-F3Y9JKEPQ-6862244029\/image_uploaded_from_ios_80.jpg?t=xoxe-71444604486-139137108116-139058809970-55720f8321",
            "thumb_360": "https:\/\/files.slack.com\/files-tmb\/T23D2HSEA-F3Y9JKEPQ-6862244029\/image_uploaded_from_ios_360.jpg?t=xoxe-71444604486-139137108116-139058809970-55720f8321",
            "thumb_360_w": 360,
            "thumb_360_h": 202,
            "thumb_480": "https:\/\/files.slack.com\/files-tmb\/T23D2HSEA-F3Y9JKEPQ-6862244029\/image_uploaded_from_ios_480.jpg?t=xoxe-71444604486-139137108116-139058809970-55720f8321",
            "thumb_480_w": 480,
            "thumb_480_h": 270,
            "thumb_160": "https:\/\/files.slack.com\/files-tmb\/T23D2HSEA-F3Y9JKEPQ-6862244029\/image_uploaded_from_ios_160.jpg?t=xoxe-71444604486-139137108116-139058809970-55720f8321",
            "thumb_720": "https:\/\/files.slack.com\/files-tmb\/T23D2HSEA-F3Y9JKEPQ-6862244029\/image_uploaded_from_ios_720.jpg?t=xoxe-71444604486-139137108116-139058809970-55720f8321",
            "thumb_720_w": 720,
            "thumb_720_h": 405,
            "thumb_960": "https:\/\/files.slack.com\/files-tmb\/T23D2HSEA-F3Y9JKEPQ-6862244029\/image_uploaded_from_ios_960.jpg?t=xoxe-71444604486-139137108116-139058809970-55720f8321",
            "thumb_960_w": 960,
            "thumb_960_h": 540,
            "thumb_1024": "https:\/\/files.slack.com\/files-tmb\/T23D2HSEA-F3Y9JKEPQ-6862244029\/image_uploaded_from_ios_1024.jpg?t=xoxe-71444604486-139137108116-139058809970-55720f8321",
            "thumb_1024_w": 1024,
            "thumb_1024_h": 576,
            "image_exif_rotation": 1,
            "original_w": 1334,
            "original_h": 750,
            "permalink": "https:\/\/ai-society.slack.com\/files\/diegoalejogm\/F3Y9JKEPQ\/image_uploaded_from_ios.jpg",
            "permalink_public": "https:\/\/slack-files.com\/T23D2HSEA-F3Y9JKEPQ-94c94376df",
            "channels": [
                "C23D0APRS"
            ],
            "groups": [],
            "ims": [],
            "comments_count": 0
        },
        "user": "U23DZ7FHV",
        "upload": true,
        "display_as_bot": false,
        "username": "<@U23DZ7FHV|diegoalejogm>",
        "bot_id": null,
        "upload_reply_to": "A0EADF7B-B7DE-4355-87D4-6D18F1F6B961",
        "ts": "1485549020.000005"
    },
    {
        "type": "message",
        "user": "U23DZ7FHV",
        "text": "Lean drafts ",
        "ts": "1485549026.000006"
    },
    {
        "type": "message",
        "user": "U23DZ7FHV",
        "text": "<!everyone>: qu\u00e9 se les ocurre para publicar los links que tenemos en el slack? ",
        "ts": "1485552358.000007"
    },
    {
        "type": "message",
        "user": "U23DZ7FHV",
        "text": "A d\u00f3nde en el blog los subimos?",
        "ts": "1485552383.000008"
    },
    {
        "type": "message",
        "user": "U23E6TXLN",
        "text": "Ammm seria como hacer un tab o algo asi",
        "ts": "1485558641.000009"
    },
    {
        "type": "message",
        "user": "U23E6TXLN",
        "text": "De resourced",
        "ts": "1485558646.000010"
    }
]