[
    {
        "type": "message",
        "user": "U23DZ7FHV",
        "text": "<@U3HHPGYFP> qu\u00e9 versi\u00f3n del curso utilizaron",
        "ts": "1483989433.000008"
    },
    {
        "type": "message",
        "user": "U248PK4UB",
        "text": "Hola, perd\u00f3n no haber respondido tampoco. Estaba de viaje tambi\u00e9n y llegu\u00e9 ayer. Yo la verdad estoy un poco corto de tiempo entonces no creo que pueda estar sincronizando. Me toca de a poquitos.",
        "ts": "1483990289.000009"
    },
    {
        "type": "message",
        "user": "U3HHPGYFP",
        "text": "<@U23DZ7FHV>: segu\u00edamos las lectures que est\u00e1n en la p\u00e1gina de berkeley, creo que eran del 2012 y las tareas eran los Pacman Proyects que estaban en edx",
        "ts": "1483998353.000010"
    }
]