[
    {
        "type": "message",
        "user": "U23DAGRHT",
        "text": "No es AI, pero es un art\u00edculo demasiado interesante:",
        "ts": "1483883491.000005"
    },
    {
        "type": "message",
        "user": "U23DAGRHT",
        "text": "<http:\/\/blog.orange.tw\/2017\/01\/bug-bounty-github-enterprise-sql-injection.html?m=1>",
        "attachments": [
            {
                "title": "[Bug Bounty] GitHub Enterprise SQL Injection",
                "title_link": "http:\/\/blog.orange.tw\/2017\/01\/bug-bounty-github-enterprise-sql-injection.html?m=1",
                "text": "Before GitHub Enterprise is the on-premises version of <http:\/\/GitHub.com|GitHub.com> that you can deploy a whole GitHub service in your private network for ...",
                "fallback": "[Bug Bounty] GitHub Enterprise SQL Injection",
                "image_url": "https:\/\/2.bp.blogspot.com\/-oFUmuiyNlpA\/WG9B5qsxAtI\/AAAAAAAADwc\/niqsWzjX5kISpwR0v3adPbFibyxBD91OQCLcB\/w1200-h630-p-nu\/15826310_1553744114640382_453020543574430330_n%255B1%255D.jpg",
                "from_url": "http:\/\/blog.orange.tw\/2017\/01\/bug-bounty-github-enterprise-sql-injection.html?m=1",
                "image_width": 477,
                "image_height": 250,
                "image_bytes": 114810,
                "service_icon": "http:\/\/blog.orange.tw\/favicon.ico",
                "service_name": "blog.orange.tw",
                "id": 1
            }
        ],
        "ts": "1483883491.000006"
    }
]