[
    {
        "type": "message",
        "user": "U273A3E21",
        "text": "Ma\u00f1ana en la tarde, cierto <@U23DZ7FHV> ?",
        "ts": "1485377903.000024"
    },
    {
        "type": "message",
        "user": "U23DZ7FHV",
        "text": "A qu\u00e9 hora?",
        "ts": "1485384358.000025"
    },
    {
        "type": "message",
        "user": "U23E6TXLN",
        "text": "A las  6?",
        "ts": "1485399119.000026"
    },
    {
        "type": "message",
        "user": "U23E6TXLN",
        "text": "O 5",
        "ts": "1485399134.000027"
    },
    {
        "type": "message",
        "user": "U23DZ7FHV",
        "text": "5-7",
        "ts": "1485399378.000028"
    },
    {
        "type": "message",
        "user": "U23DZ7FHV",
        "text": "<@U23DZ7FHV>: fijo quienes?",
        "ts": "1485399392.000029",
        "reactions": [
            {
                "name": "point_up",
                "users": [
                    "U248PK4UB",
                    "U23DAGRHT"
                ],
                "count": 2
            }
        ]
    },
    {
        "type": "message",
        "user": "U23E6TXLN",
        "text": "Vale vale",
        "ts": "1485399393.000030"
    },
    {
        "type": "message",
        "user": "U23DZ7FHV",
        "text": "O 7-9",
        "ts": "1485399398.000031"
    },
    {
        "type": "message",
        "user": "U23E6TXLN",
        "text": "En su casa?",
        "ts": "1485399403.000032"
    },
    {
        "type": "message",
        "user": "U23DZ7FHV",
        "text": "S\u00ed ",
        "ts": "1485399805.000033"
    },
    {
        "type": "message",
        "user": "U23E6TXLN",
        "text": "bueno yo me apunto!!",
        "ts": "1485402229.000034"
    },
    {
        "type": "message",
        "user": "U23E6TXLN",
        "text": "digan la hora y alla llego :slightly_smiling_face:",
        "ts": "1485402236.000035"
    },
    {
        "type": "message",
        "user": "U23E6TXLN",
        "text": "y el resto pueden ? <!everyone>",
        "ts": "1485402243.000036"
    }
]