[
    {
        "type": "message",
        "user": "U23E6TXLN",
        "text": "Voy en camino :) ya pronto llego",
        "ts": "1486332000.000002"
    },
    {
        "type": "message",
        "user": "U3Y1DECNN",
        "text": "Yo tambi\u00e9n ya voy de salida",
        "ts": "1486332319.000003"
    },
    {
        "type": "message",
        "user": "U3Y1DECNN",
        "text": "<https:\/\/halite.io\/>",
        "ts": "1486335834.000004"
    },
    {
        "type": "message",
        "user": "U273A3E21",
        "text": "<https:\/\/docs.google.com\/document\/d\/1YCWm1-nq8ccojEV3FTE9B86Pc_6dD06Eh2K5Zp8P47o\/edit?usp=sharing>",
        "ts": "1486339070.000005"
    },
    {
        "type": "message",
        "user": "U23DAGRHT",
        "text": "Papers we love",
        "ts": "1486340414.000007"
    },
    {
        "type": "message",
        "user": "U23DAGRHT",
        "text": "Live coding",
        "ts": "1486340421.000008"
    },
    {
        "type": "message",
        "user": "U23DAGRHT",
        "text": "Intervie",
        "ts": "1486340562.000009"
    },
    {
        "type": "message",
        "user": "U3Y1DECNN",
        "text": "Youtube",
        "ts": "1486340654.000010"
    },
    {
        "type": "message",
        "user": "U3Y1DECNN",
        "text": "Hackathon \u2192 Largo plazo",
        "ts": "1486340685.000011"
    },
    {
        "type": "message",
        "user": "U3Y1DECNN",
        "text": "(Internas)",
        "ts": "1486340693.000012"
    },
    {
        "type": "message",
        "user": "U3HHPGYFP",
        "text": "Muchas gracias por todo! Perd\u00f3n haberme llegado\/ido tarde!",
        "ts": "1486349289.000013"
    },
    {
        "type": "message",
        "user": "U23E6TXLN",
        "text": "Hey <!everyone> muy buena reuni\u00f3n :) vamos a darle con toda :grin: :grin: :grin: :grin: :grin: ",
        "ts": "1486354135.000014"
    },
    {
        "type": "message",
        "user": "U23DAGRHT",
        "text": "Esoooo",
        "ts": "1486354263.000015"
    }
]