[
    {
        "type": "message",
        "user": "U273A3E21",
        "text": "Qu\u00e9 tal ma\u00f1ana?",
        "ts": "1485167956.000004"
    },
    {
        "type": "message",
        "user": "U23DAGRHT",
        "text": "De una, por la tarde puedo!",
        "ts": "1485178545.000005"
    },
    {
        "type": "message",
        "user": "U3HHPGYFP",
        "text": "Listo, yo tambi\u00e9n",
        "ts": "1485185454.000006"
    },
    {
        "type": "message",
        "user": "U23E6TXLN",
        "text": "holaaa yo no se si pueda jajaj :disappointed:",
        "ts": "1485185475.000007"
    },
    {
        "type": "message",
        "user": "U23E6TXLN",
        "text": "por vainas de trabajo osea aun no estoy confirmado pero es probable que no :disappointed:",
        "ts": "1485185496.000008"
    },
    {
        "type": "message",
        "user": "U23DZ7FHV",
        "text": "Todos pueden en la tarde?",
        "ts": "1485185509.000009"
    }
]