[
    {
        "type": "message",
        "user": "U23DZ7FHV",
        "text": "<https:\/\/www.youtube.com\/watch?v=HgLplBRpRcs&amp;feature=em-lss>",
        "attachments": [
            {
                "service_name": "YouTube",
                "service_url": "https:\/\/www.youtube.com\/",
                "title": "Live Q&amp;A with the Deep Learning Foundations Team",
                "title_link": "https:\/\/www.youtube.com\/watch?v=HgLplBRpRcs&amp;feature=em-lss",
                "author_name": "Udacity",
                "author_link": "https:\/\/www.youtube.com\/user\/Udacity",
                "thumb_url": "https:\/\/i.ytimg.com\/vi\/HgLplBRpRcs\/hqdefault.jpg",
                "thumb_width": 480,
                "thumb_height": 360,
                "fallback": "YouTube Video: Live Q&A with the Deep Learning Foundations Team",
                "video_html": "<iframe width=\"400\" height=\"225\" src=\"https:\/\/www.youtube.com\/embed\/HgLplBRpRcs?feature=oembed&autoplay=1&iv_load_policy=3\" frameborder=\"0\" allowfullscreen><\/iframe>",
                "video_html_width": 400,
                "video_html_height": 225,
                "from_url": "https:\/\/www.youtube.com\/watch?v=HgLplBRpRcs&amp;feature=em-lss",
                "service_icon": "https:\/\/a.slack-edge.com\/2089\/img\/unfurl_icons\/youtube.png",
                "id": 1
            }
        ],
        "ts": "1486174332.000002"
    },
    {
        "type": "message",
        "user": "U23DZ7FHV",
        "text": "Estan en un live con Siraj y Udacity",
        "ts": "1486174341.000004"
    },
    {
        "type": "message",
        "user": "U23DZ7FHV",
        "text": "<!everyone> La hackaton puede ser con Kaggle tambi\u00e9n! (ideas)",
        "ts": "1486174841.000005"
    },
    {
        "type": "message",
        "user": "U23DAGRHT",
        "text": "Question on @Quora: Before it was Bell Labs. Now it\u2019s Google, Facebook, Uber, etc. What's the next big company peop\u2026 <https:\/\/www.quora.com\/Before-it-was-Bell-Labs-Now-it%E2%80%99s-Google-Facebook-Uber-etc-Whats-the-next-big-company-people-will-want-to-work-for?srid=pMoq&amp;share=5e7fd4ee>",
        "ts": "1486180892.000006"
    },
    {
        "type": "message",
        "user": "U23DAGRHT",
        "text": "La respuesta top a esta pregunta es\u00e1 genial",
        "ts": "1486182462.000007",
        "reactions": [
            {
                "name": "+1",
                "users": [
                    "U23DAGRHT",
                    "U23DZ7FHV"
                ],
                "count": 2
            }
        ]
    }
]