[
    {
        "type": "message",
        "user": "U273A3E21",
        "text": "O pues un poquito m\u00e1s tarde, qu\u00e9 tal a las 5?",
        "ts": "1485871316.000002"
    },
    {
        "type": "message",
        "user": "U23DAGRHT",
        "text": "Para mi cualquier hora del d\u00eda indicado est\u00e1 bien!",
        "ts": "1485875229.000003"
    },
    {
        "type": "message",
        "user": "U23E6TXLN",
        "text": " Tambi\u00e9n me ajusto a la hora facil",
        "ts": "1485876285.000004"
    },
    {
        "type": "message",
        "user": "U23E6TXLN",
        "text": "Al menos ya cuadramos el d\u00eda Que era un rango m\u00e1s grande jaja",
        "ts": "1485876304.000005",
        "reactions": [
            {
                "name": "joy",
                "users": [
                    "U273A3E21"
                ],
                "count": 1
            }
        ]
    },
    {
        "type": "message",
        "user": "U273A3E21",
        "text": "Vale chicos",
        "ts": "1485890656.000006"
    },
    {
        "type": "message",
        "user": "U273A3E21",
        "text": "Se los juro que a pesar de mi jodedera les voy a llegar con un blog post ch\u00e9vere",
        "ts": "1485890688.000007"
    },
    {
        "type": "message",
        "user": "U23DAGRHT",
        "text": "<https:\/\/ai-society.github.io\/> :slightly_smiling_face:",
        "attachments": [
            {
                "title": "AI Society \u2013 Artificial Intelligence Hacking Group",
                "title_link": "https:\/\/ai-society.github.io\/",
                "text": "Artificial Intelligence Hacking Group",
                "fallback": "AI Society \u2013 Artificial Intelligence Hacking Group",
                "from_url": "https:\/\/ai-society.github.io\/",
                "service_name": "ai-society.github.io",
                "id": 1
            }
        ],
        "ts": "1485910293.000008"
    },
    {
        "type": "message",
        "user": "U23DAGRHT",
        "text": "<http:\/\/scpd.stanford.edu\/public\/category\/courseCategoryCertificateProfile.do?method=load&amp;certificateId=1226717>",
        "attachments": [
            {
                "title": "Artificial Intelligence Graduate Certificate | Stanford Center for Professional Development",
                "title_link": "http:\/\/scpd.stanford.edu\/public\/category\/courseCategoryCertificateProfile.do?method=load&certificateId=1226717",
                "text": "Take online computer science courses in artificial intelligence principles and technologies. Earn an online graduate certificate from Stanford.",
                "fallback": "Artificial Intelligence Graduate Certificate | Stanford Center for Professional Development",
                "from_url": "http:\/\/scpd.stanford.edu\/public\/category\/courseCategoryCertificateProfile.do?method=load&certificateId=1226717",
                "service_icon": "http:\/\/scpd.stanford.edu\/favicon.ico",
                "service_name": "scpd.stanford.edu",
                "id": 1
            }
        ],
        "ts": "1485910409.000010"
    },
    {
        "type": "message",
        "user": "U273A3E21",
        "text": "Est\u00e1 caribe pero el curriculum est\u00e1 muy completo",
        "ts": "1485913781.000012"
    },
    {
        "type": "message",
        "user": "U23DAGRHT",
        "text": "Demasiado caro!",
        "ts": "1485914539.000013"
    },
    {
        "type": "message",
        "user": "U23E6TXLN",
        "text": "Juemadres! Yo ni un ri\u00f1\u00f3n vendo as\u00ed jaja :sweat_smile: pero si pinta genial!",
        "ts": "1485914963.000014"
    }
]