[
    {
        "type": "message",
        "user": "U23E6TXLN",
        "text": "<https:\/\/medium.com\/@jcbages>",
        "attachments": [
            {
                "title": "Juan Camilo Bages Prada \u2013 Medium",
                "title_link": "https:\/\/medium.com\/@jcbages",
                "text": "Read writing from Juan Camilo Bages Prada on Medium. . Every day, Juan Camilo Bages Prada and thousands of other voices read, write, and share important stories on Medium.",
                "fallback": "Juan Camilo Bages Prada \u2013 Medium",
                "thumb_url": "https:\/\/cdn-images-1.medium.com\/max\/1200\/0*U8tRRz-fMo28_GsO.",
                "from_url": "https:\/\/medium.com\/@jcbages",
                "thumb_width": 50,
                "thumb_height": 50,
                "service_icon": "https:\/\/cdn-images-1.medium.com\/fit\/c\/152\/152\/1*W0nmth_X8nFKjn6BZ388UQ.png",
                "service_name": "medium.com",
                "id": 1
            }
        ],
        "ts": "1486495986.000002"
    },
    {
        "type": "message",
        "user": "U273A3E21",
        "text": "Ya podemos postear y difundir? O estamos esperando algo?",
        "ts": "1486496009.000004"
    },
    {
        "type": "message",
        "user": "U23E6TXLN",
        "text": "hey todos <!everyone> una cosa peque\u00f1a que me dejo pensando cuando deciamos lo del dominio pensabamos en pasar de ai-society en aisociety. Entonces era que estaba viendo y en github y en medium esta disponible aisociety asi sin el guion",
        "ts": "1486506130.000005"
    },
    {
        "type": "message",
        "user": "U273A3E21",
        "text": "Uy muchomejor, sobre todo por SEO",
        "ts": "1486506159.000006"
    }
]