[
    {
        "type": "message",
        "subtype": "file_share",
        "text": "<@U23DZ7FHV|diegoalejogm> uploaded a file: <https:\/\/ai-society.slack.com\/files\/diegoalejogm\/F41V9MTC1\/0_nrtexvz20zybam3g..png|0*nrtEXVz20ZYBAM3g..png> and commented: Interesante",
        "file": {
            "id": "F41V9MTC1",
            "created": 1486564118,
            "timestamp": 1486564118,
            "name": "0*nrtEXVz20ZYBAM3g..png",
            "title": "0*nrtEXVz20ZYBAM3g..png",
            "mimetype": "image\/png",
            "filetype": "png",
            "pretty_type": "PNG",
            "user": "U23DZ7FHV",
            "editable": false,
            "size": 46415,
            "mode": "hosted",
            "is_external": false,
            "external_type": "",
            "is_public": true,
            "public_url_shared": false,
            "display_as_bot": false,
            "username": "",
            "url_private": "https:\/\/files.slack.com\/files-pri\/T23D2HSEA-F41V9MTC1\/0_nrtexvz20zybam3g..png?t=xoxe-71444604486-139137108116-139058809970-55720f8321",
            "url_private_download": "https:\/\/files.slack.com\/files-pri\/T23D2HSEA-F41V9MTC1\/download\/0_nrtexvz20zybam3g..png?t=xoxe-71444604486-139137108116-139058809970-55720f8321",
            "thumb_64": "https:\/\/files.slack.com\/files-tmb\/T23D2HSEA-F41V9MTC1-e631fc1d97\/0_nrtexvz20zybam3g._64.png?t=xoxe-71444604486-139137108116-139058809970-55720f8321",
            "thumb_80": "https:\/\/files.slack.com\/files-tmb\/T23D2HSEA-F41V9MTC1-e631fc1d97\/0_nrtexvz20zybam3g._80.png?t=xoxe-71444604486-139137108116-139058809970-55720f8321",
            "thumb_360": "https:\/\/files.slack.com\/files-tmb\/T23D2HSEA-F41V9MTC1-e631fc1d97\/0_nrtexvz20zybam3g._360.png?t=xoxe-71444604486-139137108116-139058809970-55720f8321",
            "thumb_360_w": 360,
            "thumb_360_h": 185,
            "thumb_480": "https:\/\/files.slack.com\/files-tmb\/T23D2HSEA-F41V9MTC1-e631fc1d97\/0_nrtexvz20zybam3g._480.png?t=xoxe-71444604486-139137108116-139058809970-55720f8321",
            "thumb_480_w": 480,
            "thumb_480_h": 247,
            "thumb_160": "https:\/\/files.slack.com\/files-tmb\/T23D2HSEA-F41V9MTC1-e631fc1d97\/0_nrtexvz20zybam3g._160.png?t=xoxe-71444604486-139137108116-139058809970-55720f8321",
            "thumb_720": "https:\/\/files.slack.com\/files-tmb\/T23D2HSEA-F41V9MTC1-e631fc1d97\/0_nrtexvz20zybam3g._720.png?t=xoxe-71444604486-139137108116-139058809970-55720f8321",
            "thumb_720_w": 720,
            "thumb_720_h": 371,
            "image_exif_rotation": 1,
            "original_w": 800,
            "original_h": 412,
            "permalink": "https:\/\/ai-society.slack.com\/files\/diegoalejogm\/F41V9MTC1\/0_nrtexvz20zybam3g..png",
            "permalink_public": "https:\/\/slack-files.com\/T23D2HSEA-F41V9MTC1-ffe9a02a68",
            "channels": [
                "C23D0APRS"
            ],
            "groups": [],
            "ims": [],
            "comments_count": 1,
            "initial_comment": {
                "id": "Fc41UG8HH6",
                "created": 1486564118,
                "timestamp": 1486564118,
                "user": "U23DZ7FHV",
                "is_intro": true,
                "comment": "Interesante",
                "channel": ""
            }
        },
        "user": "U23DZ7FHV",
        "upload": true,
        "display_as_bot": false,
        "username": "<@U23DZ7FHV|diegoalejogm>",
        "bot_id": null,
        "ts": "1486564120.000007"
    },
    {
        "type": "message",
        "user": "U23DAGRHT",
        "text": "\u00e9ste forato se me hace genial:",
        "ts": "1486566658.000008"
    },
    {
        "type": "message",
        "user": "U23DAGRHT",
        "text": "<https:\/\/www.youtube.com\/watch?v=EiWsPd6JDoo>",
        "attachments": [
            {
                "service_name": "YouTube",
                "service_url": "https:\/\/www.youtube.com\/",
                "title": "How Does Apache Kafka Work? [Diagram]",
                "title_link": "https:\/\/www.youtube.com\/watch?v=EiWsPd6JDoo",
                "author_name": "Big Data & Brews",
                "author_link": "https:\/\/www.youtube.com\/channel\/UCB4TQJyhwYxZZ6m4rI9-LyQ",
                "thumb_url": "https:\/\/i.ytimg.com\/vi\/EiWsPd6JDoo\/hqdefault.jpg",
                "thumb_width": 480,
                "thumb_height": 360,
                "fallback": "YouTube Video: How Does Apache Kafka Work? [Diagram]",
                "video_html": "<iframe width=\"400\" height=\"225\" src=\"https:\/\/www.youtube.com\/embed\/EiWsPd6JDoo?feature=oembed&autoplay=1&iv_load_policy=3\" frameborder=\"0\" allowfullscreen><\/iframe>",
                "video_html_width": 400,
                "video_html_height": 225,
                "from_url": "https:\/\/www.youtube.com\/watch?v=EiWsPd6JDoo",
                "service_icon": "https:\/\/a.slack-edge.com\/2089\/img\/unfurl_icons\/youtube.png",
                "id": 1
            }
        ],
        "ts": "1486566659.000009",
        "reactions": [
            {
                "name": "+1",
                "users": [
                    "U23DZ7FHV"
                ],
                "count": 1
            }
        ]
    },
    {
        "type": "message",
        "user": "U23DZ7FHV",
        "text": "<!everyone> Qu\u00e9 les parece esto? <https:\/\/tianchi.shuju.aliyun.com\/mini\/ijcai-contest.htm?utm_campaign=ijcai&amp;utm_medium=&amp;utm_source=udaInland&amp;utm_content=m_9039>",
        "thread_ts": "1486582016.000012",
        "reply_count": 1,
        "replies": [
            {
                "user": "U23DAGRHT",
                "ts": "1486587047.000016"
            }
        ],
        "ts": "1486582016.000012"
    },
    {
        "type": "message",
        "user": "U23DZ7FHV",
        "text": "<http:\/\/pjreddie.com\/darknet\/hardware-guide\/>",
        "attachments": [
            {
                "title": "Hardware Guide: Neural Networks on GPUs (Updated 2016-1-30)",
                "title_link": "http:\/\/pjreddie.com\/darknet\/hardware-guide\/",
                "text": "I've had a number of people ask me what hardware I would recommend for training neural networks for vision applications. Here are some of my thoughts.",
                "fallback": "Hardware Guide: Neural Networks on GPUs (Updated 2016-1-30)",
                "from_url": "http:\/\/pjreddie.com\/darknet\/hardware-guide\/",
                "service_name": "pjreddie.com",
                "id": 1
            }
        ],
        "ts": "1486586023.000014"
    },
    {
        "type": "message",
        "user": "U23DAGRHT",
        "text": "diegoalejogm: Est\u00e1 genial, pero no entiendo muy bien el problema, es gen\u00e9rico o es algo espec\u00edfico. Igual muy cool, la soluci\u00f3n ganadora sera desplegada.",
        "thread_ts": "1486582016.000012",
        "parent_user_id": "U23DZ7FHV",
        "ts": "1486587047.000016"
    },
    {
        "type": "message",
        "user": "U23DAGRHT",
        "text": "<!everyone> Hola, ya implement\u00e9 el server para subir los links a un server Play! + PostgreSQL",
        "ts": "1486594555.000018",
        "reactions": [
            {
                "name": "beers",
                "users": [
                    "U248PK4UB"
                ],
                "count": 1
            }
        ]
    },
    {
        "type": "message",
        "user": "U23DAGRHT",
        "text": "Para enviar el link, deben hacer lo siguiente:",
        "ts": "1486594567.000019"
    },
    {
        "type": "message",
        "user": "U23DAGRHT",
        "text": "El server extrae los links del mensaje",
        "ts": "1486594609.000021"
    },
    {
        "type": "message",
        "user": "U23DAGRHT",
        "text": "Solo suban uno cada vez",
        "ts": "1486594614.000022"
    },
    {
        "type": "message",
        "user": "U23DAGRHT",
        "text": "En el server se guarda el canal, quien lo subi\u00f3, el link y el texto",
        "ts": "1486594635.000023"
    },
    {
        "type": "message",
        "user": "U23DZ7FHV",
        "text": "Nice",
        "ts": "1486594648.000024"
    },
    {
        "type": "message",
        "subtype": "file_share",
        "text": "<@U23DAGRHT|scvalencia> uploaded a file: <https:\/\/ai-society.slack.com\/files\/scvalencia\/F43KFRHB8\/screen_shot_2017-02-08_at_5.57.33_pm.png|Screen Shot 2017-02-08 at 5.57.33 PM.png>",
        "file": {
            "id": "F43KFRHB8",
            "created": 1486594684,
            "timestamp": 1486594684,
            "name": "Screen Shot 2017-02-08 at 5.57.33 PM.png",
            "title": "Screen Shot 2017-02-08 at 5.57.33 PM.png",
            "mimetype": "image\/png",
            "filetype": "png",
            "pretty_type": "PNG",
            "user": "U23DAGRHT",
            "editable": false,
            "size": 113754,
            "mode": "hosted",
            "is_external": false,
            "external_type": "",
            "is_public": true,
            "public_url_shared": false,
            "display_as_bot": false,
            "username": "",
            "url_private": "https:\/\/files.slack.com\/files-pri\/T23D2HSEA-F43KFRHB8\/screen_shot_2017-02-08_at_5.57.33_pm.png?t=xoxe-71444604486-139137108116-139058809970-55720f8321",
            "url_private_download": "https:\/\/files.slack.com\/files-pri\/T23D2HSEA-F43KFRHB8\/download\/screen_shot_2017-02-08_at_5.57.33_pm.png?t=xoxe-71444604486-139137108116-139058809970-55720f8321",
            "thumb_64": "https:\/\/files.slack.com\/files-tmb\/T23D2HSEA-F43KFRHB8-c80c0dd62c\/screen_shot_2017-02-08_at_5.57.33_pm_64.png?t=xoxe-71444604486-139137108116-139058809970-55720f8321",
            "thumb_80": "https:\/\/files.slack.com\/files-tmb\/T23D2HSEA-F43KFRHB8-c80c0dd62c\/screen_shot_2017-02-08_at_5.57.33_pm_80.png?t=xoxe-71444604486-139137108116-139058809970-55720f8321",
            "thumb_360": "https:\/\/files.slack.com\/files-tmb\/T23D2HSEA-F43KFRHB8-c80c0dd62c\/screen_shot_2017-02-08_at_5.57.33_pm_360.png?t=xoxe-71444604486-139137108116-139058809970-55720f8321",
            "thumb_360_w": 360,
            "thumb_360_h": 62,
            "thumb_480": "https:\/\/files.slack.com\/files-tmb\/T23D2HSEA-F43KFRHB8-c80c0dd62c\/screen_shot_2017-02-08_at_5.57.33_pm_480.png?t=xoxe-71444604486-139137108116-139058809970-55720f8321",
            "thumb_480_w": 480,
            "thumb_480_h": 82,
            "thumb_160": "https:\/\/files.slack.com\/files-tmb\/T23D2HSEA-F43KFRHB8-c80c0dd62c\/screen_shot_2017-02-08_at_5.57.33_pm_160.png?t=xoxe-71444604486-139137108116-139058809970-55720f8321",
            "thumb_720": "https:\/\/files.slack.com\/files-tmb\/T23D2HSEA-F43KFRHB8-c80c0dd62c\/screen_shot_2017-02-08_at_5.57.33_pm_720.png?t=xoxe-71444604486-139137108116-139058809970-55720f8321",
            "thumb_720_w": 720,
            "thumb_720_h": 123,
            "thumb_960": "https:\/\/files.slack.com\/files-tmb\/T23D2HSEA-F43KFRHB8-c80c0dd62c\/screen_shot_2017-02-08_at_5.57.33_pm_960.png?t=xoxe-71444604486-139137108116-139058809970-55720f8321",
            "thumb_960_w": 960,
            "thumb_960_h": 164,
            "thumb_1024": "https:\/\/files.slack.com\/files-tmb\/T23D2HSEA-F43KFRHB8-c80c0dd62c\/screen_shot_2017-02-08_at_5.57.33_pm_1024.png?t=xoxe-71444604486-139137108116-139058809970-55720f8321",
            "thumb_1024_w": 1024,
            "thumb_1024_h": 175,
            "image_exif_rotation": 1,
            "original_w": 2880,
            "original_h": 492,
            "permalink": "https:\/\/ai-society.slack.com\/files\/scvalencia\/F43KFRHB8\/screen_shot_2017-02-08_at_5.57.33_pm.png",
            "permalink_public": "https:\/\/slack-files.com\/T23D2HSEA-F43KFRHB8-c019f1e337",
            "channels": [
                "C23D0APRS"
            ],
            "groups": [],
            "ims": [],
            "comments_count": 0
        },
        "user": "U23DAGRHT",
        "upload": true,
        "display_as_bot": false,
        "username": "<@U23DAGRHT|scvalencia>",
        "bot_id": null,
        "ts": "1486594687.000025"
    },
    {
        "type": "message",
        "user": "U23DAGRHT",
        "text": "Considero que un link es suficiente, qu\u00e9 opinan",
        "ts": "1486594714.000026"
    },
    {
        "type": "message",
        "user": "U23DZ7FHV",
        "text": "Ya se subieron los que est\u00e1n en Slack?",
        "ts": "1486594726.000027"
    },
    {
        "type": "message",
        "user": "U23DAGRHT",
        "text": "M\u00e1s adelante la idea es construir un \u00edndice de links para evitar repetici\u00f3n de links, qu\u00e9 opinan",
        "ts": "1486594736.000028"
    },
    {
        "type": "message",
        "user": "U23DAGRHT",
        "text": "?",
        "ts": "1486594738.000029"
    },
    {
        "type": "message",
        "user": "U23DAGRHT",
        "text": "No, a\u00fan no",
        "ts": "1486594742.000030"
    },
    {
        "type": "message",
        "user": "U23DAGRHT",
        "text": "Eso funcionar\u00e1 de ahora en adelante",
        "ts": "1486594749.000031"
    },
    {
        "type": "message",
        "user": "U23DAGRHT",
        "text": "Siempre y cuando \u201cprependan\u201d \/link",
        "ts": "1486594766.000032"
    },
    {
        "type": "message",
        "user": "U248PK4UB",
        "text": "Genial",
        "ts": "1486602384.000037"
    },
    {
        "type": "message",
        "user": "U23DAGRHT",
        "text": "\/link Esta es una prueba <http:\/\/www.ai.com|www.ai.com>",
        "ts": "1486607211.000038"
    },
    {
        "text": "Thanks scvalencia!, Happy Hacking\nEsta es una prueba <http:\/\/www.ai.com|www.ai.com>",
        "bot_id": "B42RKF0NP",
        "type": "message",
        "subtype": "bot_message",
        "ts": "1486607211.000039"
    },
    {
        "type": "message",
        "user": "U273A3E21",
        "text": "<http:\/\/medium.com\/@baristaGeek\/jkljlj-7d6e699895c4#.gc2sh5x9i|medium.com\/@baristaGeek\/jkljlj-7d6e699895c4#.gc2sh5x9i>",
        "ts": "1486607336.000040",
        "reactions": [
            {
                "name": "ok_hand",
                "users": [
                    "U23DAGRHT",
                    "U23E6TXLN"
                ],
                "count": 2
            }
        ]
    },
    {
        "type": "message",
        "user": "U273A3E21",
        "text": "Primer post",
        "ts": "1486607343.000041"
    },
    {
        "user": "U42V35APM",
        "text": "<@U42V35APM|mariacamilarg> has joined the channel",
        "type": "message",
        "subtype": "channel_join",
        "ts": "1486608327.000044"
    },
    {
        "type": "message",
        "user": "U3Y1DECNN",
        "text": "Tenemos una nueva miembro de la Sociedad! <@U42V35APM>",
        "ts": "1486608391.000045"
    },
    {
        "type": "message",
        "user": "U42V35APM",
        "text": "Jaja, hola a todos :slightly_smiling_face: Gracias!",
        "ts": "1486608407.000046"
    },
    {
        "type": "message",
        "user": "U23DAGRHT",
        "text": "Bienvenida",
        "ts": "1486608413.000047"
    },
    {
        "type": "message",
        "user": "U23DAGRHT",
        "text": "Pres\u00e9ntate jajajaja",
        "ts": "1486608418.000048"
    },
    {
        "type": "message",
        "user": "U42V35APM",
        "text": "jaja \u00bfque digo?",
        "ts": "1486608510.000049"
    }
]