[
    {
        "type": "message",
        "user": "U23DAGRHT",
        "text": "Can!",
        "ts": "1485434088.000037",
        "reactions": [
            {
                "name": "dog2",
                "users": [
                    "U23DZ7FHV",
                    "U23DAGRHT",
                    "U23E6TXLN"
                ],
                "count": 3
            }
        ]
    },
    {
        "type": "message",
        "user": "U23DAGRHT",
        "text": "jajajaja",
        "ts": "1485447175.000002"
    },
    {
        "type": "message",
        "user": "U3HHPGYFP",
        "text": "Yo tengo clase hasta tarde, lo siento!",
        "ts": "1485448889.000002"
    },
    {
        "type": "message",
        "user": "U23DZ7FHV",
        "text": "De 6-8 pueden todos?",
        "ts": "1485449113.000003"
    },
    {
        "type": "message",
        "user": "U23DAGRHT",
        "text": "can!",
        "ts": "1485449122.000004"
    },
    {
        "type": "message",
        "user": "U23E6TXLN",
        "text": "hasta que hora tienes clase amiguita ? <@U3HHPGYFP>",
        "ts": "1485449135.000005"
    },
    {
        "type": "message",
        "user": "U3HHPGYFP",
        "text": "6:30",
        "ts": "1485449564.000006"
    },
    {
        "type": "message",
        "user": "U23E6TXLN",
        "text": "y despues de tu clase podrias?",
        "ts": "1485450908.000007"
    },
    {
        "type": "message",
        "user": "U23E6TXLN",
        "text": "Nos vemos a las 7? <!everyone> ",
        "ts": "1485465330.000008"
    },
    {
        "type": "message",
        "user": "U23E6TXLN",
        "text": "7-9",
        "ts": "1485465334.000009"
    },
    {
        "type": "message",
        "user": "U23E6TXLN",
        "text": "Si?",
        "ts": "1485465339.000010"
    },
    {
        "type": "message",
        "user": "U23DZ7FHV",
        "text": "A las 6 no pueden?",
        "ts": "1485465524.000011"
    },
    {
        "type": "message",
        "user": "U248PK4UB",
        "text": "a la que digan",
        "ts": "1485466694.000012"
    },
    {
        "type": "message",
        "user": "U23E6TXLN",
        "text": "Vale vale de una",
        "ts": "1485466694.000013"
    },
    {
        "type": "message",
        "user": "U248PK4UB",
        "text": "Levanten una mano blanca si pueden a las 6 y una negra si les queda mejor a las 7 jaja.",
        "edited": {
            "user": "U248PK4UB",
            "ts": "1485467761.000000"
        },
        "ts": "1485467722.000014",
        "reactions": [
            {
                "name": "point_up::skin-tone-2",
                "users": [
                    "U248PK4UB",
                    "U23E6TXLN"
                ],
                "count": 2
            },
            {
                "name": "grinning",
                "users": [
                    "U23E6TXLN"
                ],
                "count": 1
            },
            {
                "name": "point_up::skin-tone-4",
                "users": [
                    "U23E6TXLN"
                ],
                "count": 1
            }
        ]
    },
    {
        "type": "message",
        "user": "U23E6TXLN",
        "text": "Levante ambas jaja",
        "ts": "1485467827.000016"
    },
    {
        "type": "message",
        "user": "U248PK4UB",
        "text": "Se me olvidaba esto...",
        "ts": "1485467838.000017"
    },
    {
        "text": "",
        "bot_id": "B3NDA2MJS",
        "attachments": [
            {
                "fallback": "Open Slack to cast your vote in this Simple Poll",
                "title": "6 o 7",
                "id": 1,
                "color": "6ecadc",
                "fields": [
                    {
                        "title": "",
                        "value": ":one: 6    `2`\ndiegomontoyas, jcbages\n\n",
                        "short": false
                    },
                    {
                        "title": "",
                        "value": ":two: 7    `2`\ndiegomontoyas, jcbages\n\n",
                        "short": false
                    }
                ],
                "mrkdwn_in": [
                    "fields"
                ]
            },
            {
                "callback_id": "f9953a4f-08aa-40ba-8ca5-f88bce250ec9",
                "fallback": "Open Slack to cast your vote in this Simple Poll",
                "id": 2,
                "color": "6ecadc",
                "actions": [
                    {
                        "id": "1",
                        "name": "vote",
                        "text": ":one:",
                        "type": "button",
                        "value": "1",
                        "style": ""
                    },
                    {
                        "id": "2",
                        "name": "vote",
                        "text": ":two:",
                        "type": "button",
                        "value": "2",
                        "style": ""
                    }
                ]
            },
            {
                "callback_id": "f9953a4f-08aa-40ba-8ca5-f88bce250ec9",
                "fallback": "Open Slack to cast your vote in this Simple Poll",
                "footer": "Simple Poll        <https:\/\/simplepoll.rocks\/dashboard\/guia-ai\/settings\/|Edit Settings>",
                "id": 3,
                "footer_icon": "https:\/\/simplepoll.rocks\/static\/main\/favicon.png",
                "color": "6ecadc"
            }
        ],
        "type": "message",
        "subtype": "bot_message",
        "ts": "1485467852.000018"
    },
    {
        "type": "message",
        "user": "U23E6TXLN",
        "text": "Lleguemos a las 6 y ya",
        "ts": "1485468018.000024"
    },
    {
        "type": "message",
        "user": "U23E6TXLN",
        "text": "Que si no pasa como el martes y no se da jaja",
        "ts": "1485468028.000025"
    },
    {
        "type": "message",
        "user": "U23E6TXLN",
        "text": ":)",
        "ts": "1485468030.000026"
    },
    {
        "type": "message",
        "user": "U23DZ7FHV",
        "text": " 6:30 por alg\u00fan motivo? Para que alguien alcance a llegar?",
        "ts": "1485468084.000031"
    },
    {
        "type": "message",
        "user": "U23DZ7FHV",
        "text": "Si no, 6.",
        "ts": "1485468094.000032"
    },
    {
        "type": "message",
        "user": "U273A3E21",
        "text": "<http:\/\/scigen.csail.mit.edu\/scicache\/115\/scimakelatex.28894.Esteban+Vargas.Diego+Montoya.Diego+Gmez.Juan+Camilo+Bages.Sebastian+Valencia.html>",
        "ts": "1485477847.000033"
    },
    {
        "type": "message",
        "user": "U273A3E21",
        "text": "<https:\/\/docs.google.com\/document\/d\/12MaQzQnAC6g0HA3vK1-Tg7jv-dQxyizLuLiI1U0Pg2s\/edit?usp=sharing>",
        "ts": "1485479216.000034"
    },
    {
        "type": "message",
        "user": "U273A3E21",
        "text": "Ideas de proyectos",
        "ts": "1485479224.000036"
    },
    {
        "user": "U3XSJ0AAJ",
        "text": "<@U3XSJ0AAJ|romsearcher_ai> has joined the channel",
        "type": "message",
        "subtype": "channel_join",
        "ts": "1485479997.000037"
    },
    {
        "type": "message",
        "user": "U23D2HSJ2",
        "text": "Voy a iniciar a escribir una librer\u00eda de Visi\u00f3n Computacional, por si a alguno le interesa",
        "ts": "1485487853.000038",
        "reactions": [
            {
                "name": "white_check_mark",
                "users": [
                    "U23DZ7FHV"
                ],
                "count": 1
            }
        ]
    }
]