[
    {
        "type": "message",
        "user": "U23DZ7FHV",
        "text": "Alguien en el lab de maratones?",
        "ts": "1485786034.000002"
    },
    {
        "type": "message",
        "user": "U23E6TXLN",
        "text": "a mi me llama la atencion ir",
        "ts": "1485786071.000003"
    },
    {
        "type": "message",
        "user": "U23E6TXLN",
        "text": "aunque es el dia de nuestra reunion",
        "ts": "1485786078.000004"
    },
    {
        "type": "message",
        "user": "U23E6TXLN",
        "text": "a menos que la movamos jajaja",
        "ts": "1485786081.000005"
    },
    {
        "type": "message",
        "user": "U23DZ7FHV",
        "text": "Hm",
        "ts": "1485787653.000006"
    },
    {
        "type": "message",
        "user": "U23DZ7FHV",
        "text": "Miercoles",
        "ts": "1485787656.000007"
    },
    {
        "type": "message",
        "user": "U248PK4UB",
        "text": "Mi\u00e9rcoles est\u00e1 bien para m\u00ed ",
        "ts": "1485789913.000008"
    },
    {
        "type": "message",
        "user": "U248PK4UB",
        "text": "Pero est\u00e1 dif\u00edcil para m\u00ed avanzar en las cosas de la reuni\u00f3n por tiempo... ",
        "edited": {
            "user": "U248PK4UB",
            "ts": "1485789966.000000"
        },
        "ts": "1485789949.000009"
    },
    {
        "type": "message",
        "user": "U248PK4UB",
        "text": ":(",
        "ts": "1485789982.000011"
    },
    {
        "type": "message",
        "user": "U248PK4UB",
        "text": "Lo que pasa es que estoy en lo que les cont\u00e9 que estaba haciendo y estoy un poco afanado con eso. ",
        "ts": "1485790039.000012"
    },
    {
        "type": "message",
        "user": "U23E6TXLN",
        "text": "lo de estudiar para las entrevistas??",
        "ts": "1485790054.000013"
    },
    {
        "type": "message",
        "user": "U248PK4UB",
        "text": "Ajam ",
        "ts": "1485790065.000014"
    },
    {
        "type": "message",
        "user": "U23E6TXLN",
        "text": "dale dale y cuando son fechas de eso?",
        "ts": "1485790089.000015"
    },
    {
        "type": "message",
        "user": "U248PK4UB",
        "text": "Marzo en principio",
        "ts": "1485790116.000016"
    },
    {
        "type": "message",
        "user": "U248PK4UB",
        "text": "Principios de marzo ",
        "ts": "1485790123.000017"
    },
    {
        "type": "message",
        "user": "U23E6TXLN",
        "text": "Igual si logras sacarle asi sea un tiempito para empezar a curiosear del tema seria super. AI society debe ser super increible para la CV",
        "ts": "1485790124.000018"
    },
    {
        "type": "message",
        "user": "U23E6TXLN",
        "text": "aaa microsoft? yo tambien necesito estudiar por si me llegan a aceptar algo jaja :sweat_smile:",
        "ts": "1485790141.000019"
    },
    {
        "type": "message",
        "user": "U248PK4UB",
        "text": "Sii, lo s\u00e9...",
        "ts": "1485790155.000020"
    },
    {
        "type": "message",
        "user": "U248PK4UB",
        "text": "Yo voy a intentar adelantar el art\u00edculo bastante  ",
        "ts": "1485790190.000021"
    },
    {
        "type": "message",
        "user": "U248PK4UB",
        "text": "Pero no s\u00e9 si logre darle al triqui tambi\u00e9n",
        "ts": "1485790211.000022"
    },
    {
        "type": "message",
        "user": "U23E6TXLN",
        "text": "eso eso dale a lo que puedas, igual si uno se pone juicioso y saca di tu media hora al dia avanzas resto :smile:",
        "ts": "1485790252.000023"
    },
    {
        "type": "message",
        "user": "U23E6TXLN",
        "text": "ahi de a pocos se va sacando",
        "ts": "1485790261.000024"
    },
    {
        "type": "message",
        "user": "U248PK4UB",
        "text": "Listo listo :+1::skin-tone-3:",
        "ts": "1485790348.000025"
    },
    {
        "type": "message",
        "user": "U248PK4UB",
        "text": "Es que la cosa es que como yo ya me gradu\u00e9 ya el asunto es un poco diferente porque yo estoy buscando tiempo completo y no pr\u00e1ctica",
        "ts": "1485790397.000026"
    },
    {
        "type": "message",
        "user": "U248PK4UB",
        "text": "Entonces es ligeramente m\u00e1s estresante",
        "ts": "1485790428.000027"
    },
    {
        "type": "message",
        "user": "U23E6TXLN",
        "text": "siii obvio, dale con toda a las entrevistas porque ahorita buscar tiempo completo es mas factible, por ejemplo en microsoft las entrevistas son como las de interns hasta un a\u00f1o despues de graduarte, ya despues se ponen mas tensas",
        "ts": "1485790458.000028"
    },
    {
        "type": "message",
        "user": "U248PK4UB",
        "text": "Porque tengo que moverme r\u00e1pido ",
        "ts": "1485790463.000029"
    },
    {
        "type": "message",
        "user": "U23E6TXLN",
        "text": "Por ahi vi un video que un tipo decia que hacian como simulaciones de entrevista en grupitos. Si algo podemos hacer algo asi para practicar todos los interesados :slightly_smiling_face:",
        "ts": "1485790529.000030"
    },
    {
        "type": "message",
        "user": "U248PK4UB",
        "text": "Esooo",
        "ts": "1485790549.000031"
    },
    {
        "type": "message",
        "user": "U23E6TXLN",
        "text": "eso eso, con cual andas estudiando? por ahi vi que hackerrank, cracking the code y leetcode son super",
        "ts": "1485790677.000032"
    },
    {
        "type": "message",
        "user": "U248PK4UB",
        "text": "Si si. Estoy usando ahorita interview bit principalmente ",
        "ts": "1485790824.000033"
    },
    {
        "type": "message",
        "user": "U248PK4UB",
        "text": " lo otro que me han dicho mucho es que es muy importante no dejar vac\u00edos laborales en la hoja de vida ",
        "ts": "1485790869.000034"
    },
    {
        "type": "message",
        "user": "U248PK4UB",
        "text": "Porque eso no es bien visto ",
        "ts": "1485790877.000035"
    },
    {
        "type": "message",
        "user": "U248PK4UB",
        "text": "Y en Marzo son los grados ",
        "ts": "1485790952.000036"
    },
    {
        "type": "message",
        "user": "U248PK4UB",
        "text": "Entonces hasta Marzo tengo como un colch\u00f3n digamos, por eso es tambi\u00e9n dec\u00eda lo de Marzo ",
        "ts": "1485791003.000037"
    },
    {
        "type": "message",
        "user": "U23E6TXLN",
        "text": "mmmm si entiendo entiendo, dale entonces con toda cualquier cosa nos reunimos a practicar a los que les suene :slightly_smiling_face:",
        "ts": "1485792985.000038"
    },
    {
        "type": "message",
        "user": "U248PK4UB",
        "text": "me parece",
        "ts": "1485797764.000039"
    },
    {
        "type": "message",
        "user": "U23DAGRHT",
        "text": "It sounds to me :slightly_smiling_face:",
        "ts": "1485803607.000040"
    },
    {
        "type": "message",
        "user": "U273A3E21",
        "text": "Entonces las pasamos de Jueves a Mi\u00e9rcoles por maratones?",
        "ts": "1485809539.000041"
    },
    {
        "type": "message",
        "user": "U23DZ7FHV",
        "text": "S",
        "ts": "1485810537.000042"
    },
    {
        "type": "message",
        "user": "U23DZ7FHV",
        "text": "\u00ed",
        "ts": "1485810539.000043"
    },
    {
        "type": "message",
        "user": "U23DZ7FHV",
        "text": "S\u00ed",
        "ts": "1485810542.000044"
    },
    {
        "type": "message",
        "user": "U23E6TXLN",
        "text": "de una!",
        "ts": "1485815065.000045"
    },
    {
        "type": "message",
        "user": "U3X9A71NX",
        "text": "yo no podr\u00eda :disappointed: tengo clase hasta los 8 :disappointed:",
        "ts": "1485815630.000046"
    },
    {
        "type": "message",
        "user": "U3X9A71NX",
        "text": "las 8*",
        "ts": "1485815679.000047"
    },
    {
        "type": "message",
        "user": "U273A3E21",
        "text": "Martes?",
        "ts": "1485820561.000048"
    },
    {
        "type": "message",
        "user": "U273A3E21",
        "text": "Lunes?",
        "ts": "1485820563.000049"
    },
    {
        "type": "message",
        "user": "U273A3E21",
        "text": "Domingo?",
        "ts": "1485820575.000050"
    },
    {
        "type": "message",
        "user": "U23DAGRHT",
        "text": "Y el s\u00e1bado o el vienres?",
        "ts": "1485823375.000051"
    },
    {
        "type": "message",
        "user": "U273A3E21",
        "text": "Tambi\u00e9n",
        "ts": "1485823393.000052"
    },
    {
        "type": "message",
        "user": "U3X9A71NX",
        "text": "puedo el viernes y sabado :slightly_smiling_face:",
        "ts": "1485823427.000053"
    },
    {
        "type": "message",
        "user": "U23E6TXLN",
        "text": "El viernes es con Julian <@U23DAGRHT> ",
        "ts": "1485824802.000054"
    },
    {
        "type": "message",
        "user": "U23DAGRHT",
        "text": "Lo olvidada, lo siento",
        "ts": "1485825165.000055"
    },
    {
        "type": "message",
        "user": "U23DAGRHT",
        "text": "S\u00e1bado?",
        "ts": "1485825177.000056"
    },
    {
        "type": "message",
        "user": "U23E6TXLN",
        "text": "Y que tal si el jueves jajaja a fin de cuentas los laboratorios no son tan buenos eeeee",
        "ts": "1485825776.000057"
    },
    {
        "type": "message",
        "user": "U3X9A71NX",
        "text": "igual si no pueden, v\u00e9anse el mi\u00e9rcoles y luego miramos otro d\u00eda :slightly_smiling_face:",
        "ts": "1485825945.000058"
    },
    {
        "type": "message",
        "user": "U23DZ7FHV",
        "text": "Jueves esta vez si est\u00e1n de acuerdo",
        "ts": "1485827555.000059"
    },
    {
        "type": "message",
        "user": "U23DZ7FHV",
        "text": "Y dejamos los viernes",
        "ts": "1485827557.000060"
    },
    {
        "type": "message",
        "user": "U23DZ7FHV",
        "text": "De ah\u00ed en adelante",
        "ts": "1485827561.000061"
    },
    {
        "type": "message",
        "user": "U23DZ7FHV",
        "text": "<!everyone>",
        "ts": "1485827572.000062"
    },
    {
        "type": "message",
        "user": "U273A3E21",
        "text": "Yo s\u00ed quiero ir a ver como es el lab el jueves, pero si quieren me cuentan que igual yo estoy avanzando en mis cosas. Eso s\u00ed, mucho mejor un d\u00eda que yo pueda :slightly_smiling_face:",
        "ts": "1485827615.000063"
    },
    {
        "type": "message",
        "user": "U23DZ7FHV",
        "text": "S\u00e1bado?",
        "ts": "1485827986.000064",
        "reactions": [
            {
                "name": "+1",
                "users": [
                    "U273A3E21",
                    "U3X9A71NX"
                ],
                "count": 2
            }
        ]
    },
    {
        "type": "message",
        "user": "U3X9A71NX",
        "text": "la desventaja de este jueves es el d\u00eda sin carro, y pues maratones, pero podr\u00eda ir",
        "ts": "1485827999.000065"
    },
    {
        "type": "message",
        "user": "U3X9A71NX",
        "text": "el sabado si puedo",
        "ts": "1485828003.000066"
    },
    {
        "type": "message",
        "user": "U23DZ7FHV",
        "text": "Creo que yo no",
        "ts": "1485828164.000067"
    },
    {
        "type": "message",
        "user": "U23DZ7FHV",
        "text": "El domingo?",
        "ts": "1485828168.000068",
        "reactions": [
            {
                "name": "+1",
                "users": [
                    "U273A3E21",
                    "U3X9A71NX",
                    "U23E6TXLN",
                    "U23DAGRHT",
                    "U248PK4UB"
                ],
                "count": 5
            }
        ]
    },
    {
        "type": "message",
        "user": "U23E6TXLN",
        "text": "Me gusta el domingo",
        "ts": "1485828526.000069"
    },
    {
        "type": "message",
        "user": "U23E6TXLN",
        "text": "Es poco trafico y nada qr hacer jaja :grimacing: :grimacing: :grimacing: ",
        "ts": "1485828549.000070"
    },
    {
        "type": "message",
        "user": "U273A3E21",
        "text": "Es esto una decisi\u00f3n un\u00e1nime?",
        "ts": "1485831005.000071"
    },
    {
        "type": "message",
        "user": "U23DAGRHT",
        "text": "jajajajajajajajajaja",
        "ts": "1485831114.000072"
    },
    {
        "type": "message",
        "user": "U23DAGRHT",
        "text": "Faltan <@U3HHPGYFP>, <@U3Y1DECNN>, <@U23D3AF8E>, y <@U3XSJ0AAJ>",
        "ts": "1485831155.000073"
    },
    {
        "type": "message",
        "user": "U3HHPGYFP",
        "text": "Los domingos a qu\u00e9 hora?",
        "ts": "1485831176.000074"
    },
    {
        "type": "message",
        "user": "U3HHPGYFP",
        "text": "Yo creo que a m\u00ed me queda bien",
        "ts": "1485831184.000075"
    },
    {
        "type": "message",
        "user": "U23DAGRHT",
        "text": ":smile:",
        "ts": "1485831187.000076"
    },
    {
        "type": "message",
        "user": "U23DAGRHT",
        "text": ":tada:",
        "ts": "1485831207.000077"
    },
    {
        "type": "message",
        "user": "U23DZ7FHV",
        "text": "Despu\u00e9s de almuerzo ",
        "ts": "1485834396.000078"
    },
    {
        "type": "message",
        "user": "U23DZ7FHV",
        "text": "~3",
        "ts": "1485834402.000079"
    },
    {
        "type": "message",
        "user": "U273A3E21",
        "text": "Damn otra discusi\u00f3n",
        "ts": "1485834425.000080"
    },
    {
        "type": "message",
        "user": "U3X9A71NX",
        "text": "jajajaajaja",
        "ts": "1485834429.000081"
    },
    {
        "type": "message",
        "user": "U273A3E21",
        "text": "Qu\u00e9 tal de noche? Como para que compartamos pizza o algo asi",
        "ts": "1485834443.000082"
    },
    {
        "type": "message",
        "user": "U23DZ7FHV",
        "text": "Propongan",
        "ts": "1485835362.000083"
    },
    {
        "type": "message",
        "user": "U23DZ7FHV",
        "text": "Yo lo digo porque algunos trabajan",
        "ts": "1485835368.000084"
    }
]