[
    {
        "type": "message",
        "user": "U23DAGRHT",
        "text": "Hola, ma\u00f1ana nos veremos entonces?",
        "ts": "1486226033.000002"
    },
    {
        "type": "message",
        "user": "U23DZ7FHV",
        "text": "S\u00ed",
        "ts": "1486226049.000003"
    },
    {
        "type": "message",
        "user": "U23DZ7FHV",
        "text": "5pm",
        "ts": "1486226052.000004"
    },
    {
        "type": "message",
        "user": "U23DAGRHT",
        "text": "De una",
        "ts": "1486226063.000005"
    },
    {
        "type": "message",
        "user": "U23DZ7FHV",
        "text": "<!everyone> puede?",
        "ts": "1486226065.000006"
    },
    {
        "type": "message",
        "user": "U23DAGRHT",
        "text": "Confirmo!",
        "ts": "1486226068.000007"
    },
    {
        "type": "message",
        "user": "U3X9A71NX",
        "text": "yo si :slightly_smiling_face:",
        "ts": "1486226107.000008"
    },
    {
        "type": "message",
        "user": "U23E6TXLN",
        "text": "siiiii",
        "ts": "1486226751.000009"
    },
    {
        "type": "message",
        "user": "U3XSJ0AAJ",
        "text": "Si! ",
        "ts": "1486226916.000010"
    },
    {
        "type": "message",
        "user": "U3Y1DECNN",
        "text": "Yo puedo inicialmente",
        "ts": "1486230472.000011"
    },
    {
        "type": "message",
        "user": "U248PK4UB",
        "text": "Yo tambi\u00e9n ",
        "ts": "1486231554.000012"
    },
    {
        "type": "message",
        "user": "U3HHPGYFP",
        "text": "Yo voy",
        "ts": "1486233503.000013",
        "reactions": [
            {
                "name": "ghost",
                "users": [
                    "U23E6TXLN"
                ],
                "count": 1
            }
        ]
    },
    {
        "type": "message",
        "user": "U23DZ7FHV",
        "text": "Carrera 47A # 113 - 30",
        "ts": "1486270122.000014"
    },
    {
        "type": "message",
        "user": "U23DZ7FHV",
        "text": "5pm",
        "ts": "1486270125.000015",
        "reactions": [
            {
                "name": "+1",
                "users": [
                    "U273A3E21",
                    "U23DAGRHT"
                ],
                "count": 2
            }
        ]
    },
    {
        "type": "message",
        "user": "U23DZ7FHV",
        "text": "<!everyone>",
        "ts": "1486270130.000016"
    }
]