[
    {
        "type": "message",
        "user": "U273A3E21",
        "text": "Tarde-noche",
        "ts": "1485260965.000010"
    },
    {
        "type": "message",
        "user": "U273A3E21",
        "text": "A las 6 se puede?",
        "ts": "1485260985.000011"
    },
    {
        "type": "message",
        "user": "U3HHPGYFP",
        "text": "Por m\u00ed est\u00e1 bien en la tarde",
        "ts": "1485263556.000012"
    },
    {
        "type": "message",
        "user": "U23DZ7FHV",
        "text": "Yo puedo :raising_hand::skin-tone-2:\u200d\u2642\ufe0f",
        "ts": "1485271860.000013"
    },
    {
        "type": "message",
        "user": "U248PK4UB",
        "text": "Hola. Yo tambi\u00e9n puedo!",
        "edited": {
            "user": "U248PK4UB",
            "ts": "1485274603.000000"
        },
        "ts": "1485274577.000014"
    },
    {
        "type": "message",
        "user": "U273A3E21",
        "text": "Entonces donde Diego?",
        "ts": "1485288540.000016"
    },
    {
        "type": "message",
        "user": "U23DZ7FHV",
        "text": "Bueno entonces hoy quienes?",
        "ts": "1485288872.000017"
    },
    {
        "type": "message",
        "user": "U23DZ7FHV",
        "text": "<!everyone>: porfa confirmen los que puedan hoy ",
        "ts": "1485288935.000018"
    },
    {
        "type": "message",
        "user": "U23E6TXLN",
        "text": "yo hoy no puedo :confused:",
        "ts": "1485288949.000019"
    },
    {
        "type": "message",
        "user": "U23E6TXLN",
        "text": "pero reunanse y me cuentan que se concluye",
        "ts": "1485288958.000020"
    },
    {
        "type": "message",
        "user": "U23E6TXLN",
        "text": "<!everyone> Hola! Me dijeron que no hubo reuni\u00f3n. La hacemos jueves o viernes?",
        "ts": "1485313911.000021"
    },
    {
        "type": "message",
        "user": "U23E6TXLN",
        "text": "Si si pueden digan hora y nos vemos en mi casa o en la de Diego. Creo que la de el les queda mas cerca pero donde prefieran",
        "ts": "1485313978.000022"
    },
    {
        "type": "message",
        "user": "U23E6TXLN",
        "text": "Que opinan? :grimacing: ",
        "ts": "1485313998.000023"
    }
]