[
    {
        "type": "message",
        "user": "U23E6TXLN",
        "text": "siii veamonos ammm pero me parece mejor un punto mas como cerca a donde vivamos no? como una casa o algo",
        "ts": "1484940377.000002"
    },
    {
        "type": "message",
        "user": "U23E6TXLN",
        "text": "si quieren en la mia aunque yo vivo por la 170 jaja",
        "ts": "1484940390.000003"
    },
    {
        "type": "message",
        "user": "U23DZ7FHV",
        "text": "La m\u00eda tambi\u00e9n puede ser, es en la 116 con autop.",
        "ts": "1484953458.000002"
    }
]