[
    {
        "type": "message",
        "user": "U23DAGRHT",
        "text": "C\u00f3mo as\u00ed Drrafts?",
        "ts": "1485629956.000011"
    },
    {
        "type": "message",
        "user": "U23DZ7FHV",
        "text": "Para colocar los art\u00edculos que se est\u00e1n escribiendo y a\u00fan no est\u00e1n terminados ",
        "ts": "1485637874.000012"
    },
    {
        "type": "message",
        "user": "U23DAGRHT",
        "text": "Ahhh listo!De una",
        "ts": "1485653483.000013"
    }
]