[
    {
        "type": "message",
        "user": "U23DAGRHT",
        "text": "Tuve un problema con mi estad\u00edstica y no recordaba unas cosas que necesitaba para mi post, al fnial de \u00e9sta semana deer\u00eda estar listo!",
        "ts": "1483536030.000002"
    },
    {
        "type": "message",
        "user": "U23DZ7FHV",
        "text": "Muchachos, c\u00f3mo est\u00e1n?",
        "ts": "1483580010.000002"
    },
    {
        "type": "message",
        "user": "U23DZ7FHV",
        "text": "Alguien interesado en hacer el curso de Machine Learning de Berkeley que est\u00e1 en EdX?",
        "ts": "1483580024.000003"
    },
    {
        "type": "message",
        "user": "U23DZ7FHV",
        "text": "interesado\/a",
        "ts": "1483580031.000004"
    },
    {
        "type": "message",
        "user": "U23DZ7FHV",
        "text": "<!everyone>",
        "ts": "1483580036.000005"
    },
    {
        "type": "message",
        "user": "U23E6TXLN",
        "text": "Como se llama?",
        "ts": "1483580372.000006"
    },
    {
        "type": "message",
        "user": "U23E6TXLN",
        "text": "O tienes el link ah\u00ed ?",
        "ts": "1483580380.000007"
    },
    {
        "type": "message",
        "user": "U23DZ7FHV",
        "text": "Intenta con este link:\n<https:\/\/courses.edx.org\/courses\/BerkeleyX\/CS188x_1\/1T2013\/>",
        "ts": "1483580472.000008"
    },
    {
        "type": "message",
        "user": "U23E6TXLN",
        "text": "Aa el de AI",
        "ts": "1483580565.000009"
    },
    {
        "type": "message",
        "user": "U23E6TXLN",
        "text": "A mi me llama la atenci\u00f3n. Incluso la parte dos esta en la pagina de berkley",
        "ts": "1483580602.000010"
    },
    {
        "type": "message",
        "user": "U23DZ7FHV",
        "text": "S\u00ed, me equivoqu\u00e9.",
        "ts": "1483580799.000011"
    },
    {
        "type": "message",
        "user": "U23DZ7FHV",
        "text": "Cu\u00e1l es el link de la parte 2?",
        "ts": "1483580809.000012"
    },
    {
        "type": "message",
        "user": "U23DAGRHT",
        "text": "Alguno de uds lo va a hacer?",
        "ts": "1483581748.000013"
    },
    {
        "type": "message",
        "user": "U23DAGRHT",
        "text": "He escuchado de dos personas de IELE que es muy ch\u00e9vere",
        "ts": "1483581762.000014"
    },
    {
        "type": "message",
        "user": "U23E6TXLN",
        "text": "<http:\/\/ai.berkeley.edu\/home.html>",
        "ts": "1483581767.000015"
    },
    {
        "type": "message",
        "user": "U23E6TXLN",
        "text": "ahi esta parte 1 y dos",
        "ts": "1483581771.000016"
    },
    {
        "type": "message",
        "user": "U23E6TXLN",
        "text": "juntas",
        "ts": "1483581773.000017"
    },
    {
        "type": "message",
        "user": "U23DAGRHT",
        "text": "Y es un enfoque cl\u00e1sico, lo cual lo hace tres veces genial",
        "ts": "1483581776.000018"
    },
    {
        "type": "message",
        "user": "U23E6TXLN",
        "text": "son como los grabados de clase",
        "ts": "1483581778.000019"
    },
    {
        "type": "message",
        "user": "U23E6TXLN",
        "text": "jaja si se animan a hacerlo podemos hacerlo y pues entre los que lo hagamos nos motivamos a cumplir los deadlines y asi",
        "ts": "1483581798.000020"
    },
    {
        "type": "message",
        "user": "U23E6TXLN",
        "text": "yo me le mido, es como uno de esos MOOCS clasicos",
        "ts": "1483581810.000021"
    },
    {
        "type": "message",
        "user": "U23DAGRHT",
        "text": "Esa es una muy muy muy buena idea",
        "ts": "1483581813.000022"
    },
    {
        "type": "message",
        "user": "U23DAGRHT",
        "text": "Yo me le mido",
        "ts": "1483581818.000023"
    },
    {
        "type": "message",
        "user": "U23DAGRHT",
        "text": "\u00e9ste a\u00f1o tambi\u00e9n se viene la especializaci\u00f3n de AI de Columbia en edX",
        "ts": "1483581843.000024"
    },
    {
        "type": "message",
        "user": "U23E6TXLN",
        "text": "hey si la vi, me parece que se ve muy buena",
        "ts": "1483581862.000025"
    },
    {
        "type": "message",
        "user": "U23DZ7FHV",
        "text": "La quieren hacer?",
        "ts": "1483585216.000026"
    },
    {
        "type": "message",
        "user": "U23DZ7FHV",
        "text": "Yo ya le estoy dando",
        "ts": "1483585222.000027"
    },
    {
        "type": "message",
        "user": "U23DZ7FHV",
        "text": "S\u00ed!",
        "ts": "1483585223.000028"
    },
    {
        "type": "message",
        "user": "U23DZ7FHV",
        "text": "Pero esa cuesta",
        "ts": "1483585226.000029"
    },
    {
        "type": "message",
        "user": "U23DZ7FHV",
        "text": "Qui\u00e9nes quieren unirse? El de EdX tiene para correcci\u00f3n autom\u00e1tica de los proyectos y quices",
        "ts": "1483585246.000030"
    },
    {
        "type": "message",
        "user": "U23DZ7FHV",
        "text": "Podemos hacer los ex\u00e1menes entre nosotros o al menos comentarlos",
        "ts": "1483585261.000031"
    },
    {
        "type": "message",
        "user": "U23DZ7FHV",
        "text": "<!everyone> Se le miden?",
        "ts": "1483585278.000032"
    },
    {
        "type": "message",
        "user": "U23DZ7FHV",
        "text": "Los proyectos son bacanos. Uno va mejorando un PacMan para que sesa cada vez m\u00e1s inteligente. As\u00ed es en la parte 1",
        "ts": "1483585311.000033"
    },
    {
        "type": "message",
        "user": "U23DAGRHT",
        "text": "Me le mido",
        "ts": "1483586091.000034"
    },
    {
        "type": "message",
        "user": "U23E6TXLN",
        "text": "yo tambien me le mido",
        "ts": "1483587128.000035"
    },
    {
        "type": "message",
        "user": "U23E6TXLN",
        "text": "no pero esa de columbia tambien tiene gratis, yo me uni a uno asi gratis",
        "ts": "1483587140.000036"
    },
    {
        "type": "message",
        "user": "U23E6TXLN",
        "text": "hay unos xseries que si son solo pagos",
        "ts": "1483587147.000037"
    },
    {
        "type": "message",
        "user": "U23E6TXLN",
        "text": "en que semana va del de berkley diego?",
        "ts": "1483587669.000038"
    },
    {
        "type": "message",
        "user": "U23DZ7FHV",
        "text": "Entonces la de columbia es la que empieza en 2 semanas",
        "ts": "1483593501.000039"
    },
    {
        "type": "message",
        "user": "U23DZ7FHV",
        "text": "Voy en la semana 1",
        "ts": "1483593506.000040"
    },
    {
        "type": "message",
        "user": "U23DZ7FHV",
        "text": "Acabando",
        "ts": "1483593508.000041"
    },
    {
        "type": "message",
        "user": "U23DZ7FHV",
        "text": "Haciendo todas las tareas y ejercicios que eval\u00faan",
        "ts": "1483593519.000042"
    }
]