[
    {
        "type": "message",
        "user": "U23DZ7FHV",
        "text": "Muchachos, una charla online de AI con gente de ACM en el mundo, incluendo Peter Norvig:\n<https:\/\/goo.gl\/WcyJdg>",
        "ts": "1484863727.000002"
    },
    {
        "type": "message",
        "user": "U23DZ7FHV",
        "text": "Qu\u00e9 les parace si nos vemos la otra semana?",
        "ts": "1484863832.000003"
    },
    {
        "type": "message",
        "user": "U23DZ7FHV",
        "text": "<!everyone>",
        "ts": "1484884335.000002"
    },
    {
        "type": "message",
        "user": "U23E6TXLN",
        "text": "hey pinta genial",
        "ts": "1484887055.000003"
    },
    {
        "type": "message",
        "user": "U23E6TXLN",
        "text": "aunque aun queda como 1 semana verdad?",
        "ts": "1484887064.000004"
    },
    {
        "type": "message",
        "user": "U273A3E21",
        "text": "En la U o donde?",
        "ts": "1484892035.000005"
    }
]