[
    {
        "type": "message",
        "user": "U273A3E21",
        "text": "Qu\u00e9 tal ven este proyecto como base para el tic tac toe?",
        "ts": "1485994984.000002"
    },
    {
        "type": "message",
        "user": "U273A3E21",
        "text": "<https:\/\/github.com\/ReekenX\/python-tic-tac-toe>",
        "attachments": [
            {
                "service_name": "GitHub",
                "title": "ReekenX\/python-tic-tac-toe",
                "title_link": "https:\/\/github.com\/ReekenX\/python-tic-tac-toe",
                "text": "python-tic-tac-toe - Yep, another implementation of this game written in Python. Console game.",
                "fallback": "GitHub: ReekenX\/python-tic-tac-toe",
                "thumb_url": "https:\/\/avatars0.githubusercontent.com\/u\/242010?v=3&s=400",
                "from_url": "https:\/\/github.com\/ReekenX\/python-tic-tac-toe",
                "thumb_width": 400,
                "thumb_height": 400,
                "service_icon": "https:\/\/github.com\/apple-touch-icon.png",
                "id": 1
            }
        ],
        "ts": "1485994985.000003"
    },
    {
        "type": "message",
        "user": "U273A3E21",
        "text": "O recomiendan alg\u00fan otro?",
        "ts": "1485994991.000005"
    },
    {
        "type": "message",
        "user": "U23E6TXLN",
        "text": "\/aiupload ",
        "ts": "1486012830.000006"
    },
    {
        "text": "I'm afraid I don't know how to \/aiupload yet.",
        "bot_id": "B3Z5VT68H",
        "type": "message",
        "subtype": "bot_message",
        "ts": "1486012830.000007"
    }
]