[
    {
        "type": "message",
        "user": "U23E6TXLN",
        "text": " De una, entonces pongamos deadline de la semana uno",
        "ts": "1483629650.000002"
    },
    {
        "type": "message",
        "user": "U23DAGRHT",
        "text": "agree",
        "ts": "1483630045.000003"
    },
    {
        "type": "message",
        "user": "U23DZ7FHV",
        "text": "Cuando quieran",
        "ts": "1483630057.000004"
    },
    {
        "type": "message",
        "user": "U23E6TXLN",
        "text": "Y el resto del equipo no se animan? No andan por ah\u00ed? Eee :(( <!everyone> ",
        "ts": "1483630307.000005"
    },
    {
        "type": "message",
        "user": "U23E6TXLN",
        "text": "Pues hoy es jueves",
        "ts": "1483630318.000006"
    },
    {
        "type": "message",
        "user": "U23DAGRHT",
        "text": "Edgar me dijo que si",
        "ts": "1483630325.000007"
    },
    {
        "type": "message",
        "user": "U23DAGRHT",
        "text": "Que el se apunta",
        "ts": "1483630330.000008"
    },
    {
        "type": "message",
        "user": "U23DZ7FHV",
        "text": "Yo estoy planeando hacer 2 \u201csemanas\u201d por semana",
        "ts": "1483630335.000009"
    },
    {
        "type": "message",
        "user": "U23E6TXLN",
        "text": "Entonces tengamos para el mi\u00e9rcoles\/jueves que viene las dos primeras semanas",
        "ts": "1483630373.000010"
    },
    {
        "type": "message",
        "user": "U23DZ7FHV",
        "text": "Pues miremos si todos pueden a ese ritmo",
        "ts": "1483630385.000011"
    },
    {
        "type": "message",
        "user": "U23E6TXLN",
        "text": "O prefiere antes Diego?",
        "ts": "1483630388.000012"
    },
    {
        "type": "message",
        "user": "U23E6TXLN",
        "text": "Vale vale pues que opinan, tienen para hablar con Diego swift y Camila? Yo le digo a Meili ",
        "ts": "1483630439.000013"
    },
    {
        "type": "message",
        "user": "U23E6TXLN",
        "text": "Y sebas pues preg\u00fantale a Edgar",
        "ts": "1483630446.000014"
    },
    {
        "type": "message",
        "user": "U23E6TXLN",
        "text": "Ah y a Esteban",
        "ts": "1483630474.000015"
    },
    {
        "type": "message",
        "user": "U23DAGRHT",
        "text": "Ok",
        "ts": "1483630504.000016"
    },
    {
        "text": "",
        "bot_id": "B3NDA2MJS",
        "attachments": [
            {
                "fallback": "Open Slack to cast your vote in this Simple Poll",
                "title": "Para cu\u00e1ndo dejamos la semana 1?",
                "id": 1,
                "color": "6ecadc",
                "fields": [
                    {
                        "title": "",
                        "value": ":one: Martes 10    `2`\nscvalencia, diegoalejogm\n\n",
                        "short": false
                    },
                    {
                        "title": "",
                        "value": ":two: Viernes 13\n\n\n",
                        "short": false
                    },
                    {
                        "title": "",
                        "value": ":three: Otro\n\n\n",
                        "short": false
                    }
                ],
                "mrkdwn_in": [
                    "fields"
                ]
            },
            {
                "callback_id": "06cc35a5-42da-45c1-a125-964107f725a4",
                "fallback": "Open Slack to cast your vote in this Simple Poll",
                "id": 2,
                "color": "6ecadc",
                "actions": [
                    {
                        "id": "1",
                        "name": "vote",
                        "text": ":one:",
                        "type": "button",
                        "value": "1",
                        "style": ""
                    },
                    {
                        "id": "2",
                        "name": "vote",
                        "text": ":two:",
                        "type": "button",
                        "value": "2",
                        "style": ""
                    },
                    {
                        "id": "3",
                        "name": "vote",
                        "text": ":three:",
                        "type": "button",
                        "value": "3",
                        "style": ""
                    }
                ]
            },
            {
                "callback_id": "06cc35a5-42da-45c1-a125-964107f725a4",
                "fallback": "Open Slack to cast your vote in this Simple Poll",
                "footer": "Simple Poll        <https:\/\/simplepoll.rocks\/dashboard\/guia-ai\/settings\/|Edit Settings>",
                "id": 3,
                "footer_icon": "https:\/\/simplepoll.rocks\/static\/main\/favicon.png",
                "color": "6ecadc"
            }
        ],
        "type": "message",
        "subtype": "bot_message",
        "ts": "1483630561.000017"
    },
    {
        "type": "message",
        "user": "U23DAGRHT",
        "text": "Vamos a hacer edX, o el material que mand\u00f3 <@U23E6TXLN> ?",
        "ts": "1483633485.000021"
    },
    {
        "type": "message",
        "user": "U23E6TXLN",
        "text": "la pagina dice tener esto",
        "ts": "1483633592.000022"
    },
    {
        "type": "message",
        "subtype": "file_share",
        "text": "<@U23E6TXLN|jcbages> uploaded a file: <https:\/\/ai-society.slack.com\/files\/jcbages\/F3MRVC284\/screen_shot_2017-01-05_at_11.26.11_am.png|content>",
        "file": {
            "id": "F3MRVC284",
            "created": 1483633613,
            "timestamp": 1483633613,
            "name": "Screen Shot 2017-01-05 at 11.26.11 AM.png",
            "title": "content",
            "mimetype": "image\/png",
            "filetype": "png",
            "pretty_type": "PNG",
            "user": "U23E6TXLN",
            "editable": false,
            "size": 61153,
            "mode": "hosted",
            "is_external": false,
            "external_type": "",
            "is_public": true,
            "public_url_shared": false,
            "display_as_bot": false,
            "username": "",
            "url_private": "https:\/\/files.slack.com\/files-pri\/T23D2HSEA-F3MRVC284\/screen_shot_2017-01-05_at_11.26.11_am.png?t=xoxe-71444604486-139137108116-139058809970-55720f8321",
            "url_private_download": "https:\/\/files.slack.com\/files-pri\/T23D2HSEA-F3MRVC284\/download\/screen_shot_2017-01-05_at_11.26.11_am.png?t=xoxe-71444604486-139137108116-139058809970-55720f8321",
            "thumb_64": "https:\/\/files.slack.com\/files-tmb\/T23D2HSEA-F3MRVC284-cbdbfcbff5\/screen_shot_2017-01-05_at_11.26.11_am_64.png?t=xoxe-71444604486-139137108116-139058809970-55720f8321",
            "thumb_80": "https:\/\/files.slack.com\/files-tmb\/T23D2HSEA-F3MRVC284-cbdbfcbff5\/screen_shot_2017-01-05_at_11.26.11_am_80.png?t=xoxe-71444604486-139137108116-139058809970-55720f8321",
            "thumb_360": "https:\/\/files.slack.com\/files-tmb\/T23D2HSEA-F3MRVC284-cbdbfcbff5\/screen_shot_2017-01-05_at_11.26.11_am_360.png?t=xoxe-71444604486-139137108116-139058809970-55720f8321",
            "thumb_360_w": 360,
            "thumb_360_h": 102,
            "thumb_480": "https:\/\/files.slack.com\/files-tmb\/T23D2HSEA-F3MRVC284-cbdbfcbff5\/screen_shot_2017-01-05_at_11.26.11_am_480.png?t=xoxe-71444604486-139137108116-139058809970-55720f8321",
            "thumb_480_w": 480,
            "thumb_480_h": 136,
            "thumb_160": "https:\/\/files.slack.com\/files-tmb\/T23D2HSEA-F3MRVC284-cbdbfcbff5\/screen_shot_2017-01-05_at_11.26.11_am_160.png?t=xoxe-71444604486-139137108116-139058809970-55720f8321",
            "thumb_720": "https:\/\/files.slack.com\/files-tmb\/T23D2HSEA-F3MRVC284-cbdbfcbff5\/screen_shot_2017-01-05_at_11.26.11_am_720.png?t=xoxe-71444604486-139137108116-139058809970-55720f8321",
            "thumb_720_w": 720,
            "thumb_720_h": 203,
            "image_exif_rotation": 1,
            "original_w": 835,
            "original_h": 236,
            "permalink": "https:\/\/ai-society.slack.com\/files\/jcbages\/F3MRVC284\/screen_shot_2017-01-05_at_11.26.11_am.png",
            "permalink_public": "https:\/\/slack-files.com\/T23D2HSEA-F3MRVC284-5683fbc7aa",
            "channels": [
                "C23D0APRS"
            ],
            "groups": [],
            "ims": [],
            "comments_count": 0
        },
        "user": "U23E6TXLN",
        "upload": true,
        "display_as_bot": false,
        "username": "<@U23E6TXLN|jcbages>",
        "bot_id": null,
        "ts": "1483633615.000023"
    },
    {
        "type": "message",
        "user": "U23E6TXLN",
        "text": "podemos hacer edx para la parte 1 y este para la 2 o ambos desde aca son al cabo lo mismo",
        "ts": "1483633670.000024"
    },
    {
        "type": "message",
        "user": "U23E6TXLN",
        "text": "y los mismos proyectos",
        "ts": "1483633673.000025"
    },
    {
        "type": "message",
        "user": "U23E6TXLN",
        "text": "la diferencia es que uno tiene videos grabados tipo MOOC y el otro tipo classroom",
        "ts": "1483633686.000026"
    },
    {
        "type": "message",
        "user": "U23DZ7FHV",
        "text": "En edx est\u00e1n ambos, MOOC y classroom",
        "ts": "1483633699.000027"
    },
    {
        "type": "message",
        "user": "U23E6TXLN",
        "text": "pues empecemos edx porque para submissions de berkley es asi",
        "ts": "1483633902.000029"
    },
    {
        "type": "message",
        "user": "U23E6TXLN",
        "text": "At Berkeley we host our course through edX, which provides a website hosting all the course materials, as well as a submission system that allows us to automatically register students' scores on homework and projects. If you are interested in using the same solution, you can apply to be an alpha partner by both (i) filling out this form and (ii) dropping us an email at <mailto:188materials@lists.berkeley.edu|188materials@lists.berkeley.edu>.",
        "ts": "1483633903.000030"
    },
    {
        "type": "message",
        "user": "U23E6TXLN",
        "text": "entonces eso se puede dejar para la parte dos",
        "ts": "1483633912.000031"
    },
    {
        "type": "message",
        "user": "U23DAGRHT",
        "text": "Pero a mi en edx no me deja ver los videos",
        "ts": "1483634746.000032"
    },
    {
        "type": "message",
        "user": "U23DAGRHT",
        "text": "me puden pasar el link",
        "ts": "1483634959.000033"
    },
    {
        "type": "message",
        "user": "U23E6TXLN",
        "text": "ammm es que el curso desaparecio en edx jaja",
        "ts": "1483635345.000034"
    },
    {
        "type": "message",
        "user": "U23E6TXLN",
        "text": "pero miren aca se pueden registrar a la edicion 2016",
        "ts": "1483635489.000035"
    },
    {
        "type": "message",
        "user": "U23E6TXLN",
        "text": "esta completo osea salen 8 semanas pero va a toda porque tiene las 26 lectures y 6 proyectos,uno mas que en la pagina que mande que es de 2014",
        "ts": "1483635515.000036"
    },
    {
        "type": "message",
        "user": "U23E6TXLN",
        "text": "la parte 1 si no estoy mal tiene hasta poryecto 3",
        "ts": "1483635529.000037"
    },
    {
        "type": "message",
        "user": "U23E6TXLN",
        "text": "<https:\/\/edge.edx.org\/courses\/course-v1:BerkeleyX+CS188-SU16+SU16\/about>",
        "ts": "1483635529.000038"
    },
    {
        "type": "message",
        "user": "U23E6TXLN",
        "text": "es en edx edge y se pueden meter igual de edx a ese gratis",
        "ts": "1483635540.000039"
    },
    {
        "type": "message",
        "user": "U23DZ7FHV",
        "text": "Qu\u00e9 es edx edge?",
        "ts": "1483635592.000040"
    },
    {
        "type": "message",
        "user": "U23E6TXLN",
        "text": "pues como yo lo entiendo es como edx pero interno para las universidades osea como que ponen ahi los lectures y eso pero ese curso esta ahi abierto",
        "ts": "1483635649.000041"
    },
    {
        "type": "message",
        "user": "U23E6TXLN",
        "text": "osea esta igual",
        "ts": "1483635653.000042"
    },
    {
        "type": "message",
        "subtype": "file_share",
        "text": "<@U23E6TXLN|jcbages> uploaded a file: <https:\/\/ai-society.slack.com\/files\/jcbages\/F3MQ6EBLJ\/screen_shot_2017-01-05_at_12.01.10_pm.png|Screen Shot 2017-01-05 at 12.01.10 PM.png>",
        "file": {
            "id": "F3MQ6EBLJ",
            "created": 1483635685,
            "timestamp": 1483635685,
            "name": "Screen Shot 2017-01-05 at 12.01.10 PM.png",
            "title": "Screen Shot 2017-01-05 at 12.01.10 PM.png",
            "mimetype": "image\/png",
            "filetype": "png",
            "pretty_type": "PNG",
            "user": "U23E6TXLN",
            "editable": false,
            "size": 194126,
            "mode": "hosted",
            "is_external": false,
            "external_type": "",
            "is_public": true,
            "public_url_shared": false,
            "display_as_bot": false,
            "username": "",
            "url_private": "https:\/\/files.slack.com\/files-pri\/T23D2HSEA-F3MQ6EBLJ\/screen_shot_2017-01-05_at_12.01.10_pm.png?t=xoxe-71444604486-139137108116-139058809970-55720f8321",
            "url_private_download": "https:\/\/files.slack.com\/files-pri\/T23D2HSEA-F3MQ6EBLJ\/download\/screen_shot_2017-01-05_at_12.01.10_pm.png?t=xoxe-71444604486-139137108116-139058809970-55720f8321",
            "thumb_64": "https:\/\/files.slack.com\/files-tmb\/T23D2HSEA-F3MQ6EBLJ-5721321a1f\/screen_shot_2017-01-05_at_12.01.10_pm_64.png?t=xoxe-71444604486-139137108116-139058809970-55720f8321",
            "thumb_80": "https:\/\/files.slack.com\/files-tmb\/T23D2HSEA-F3MQ6EBLJ-5721321a1f\/screen_shot_2017-01-05_at_12.01.10_pm_80.png?t=xoxe-71444604486-139137108116-139058809970-55720f8321",
            "thumb_360": "https:\/\/files.slack.com\/files-tmb\/T23D2HSEA-F3MQ6EBLJ-5721321a1f\/screen_shot_2017-01-05_at_12.01.10_pm_360.png?t=xoxe-71444604486-139137108116-139058809970-55720f8321",
            "thumb_360_w": 360,
            "thumb_360_h": 280,
            "thumb_480": "https:\/\/files.slack.com\/files-tmb\/T23D2HSEA-F3MQ6EBLJ-5721321a1f\/screen_shot_2017-01-05_at_12.01.10_pm_480.png?t=xoxe-71444604486-139137108116-139058809970-55720f8321",
            "thumb_480_w": 480,
            "thumb_480_h": 373,
            "thumb_160": "https:\/\/files.slack.com\/files-tmb\/T23D2HSEA-F3MQ6EBLJ-5721321a1f\/screen_shot_2017-01-05_at_12.01.10_pm_160.png?t=xoxe-71444604486-139137108116-139058809970-55720f8321",
            "thumb_720": "https:\/\/files.slack.com\/files-tmb\/T23D2HSEA-F3MQ6EBLJ-5721321a1f\/screen_shot_2017-01-05_at_12.01.10_pm_720.png?t=xoxe-71444604486-139137108116-139058809970-55720f8321",
            "thumb_720_w": 720,
            "thumb_720_h": 559,
            "image_exif_rotation": 1,
            "original_w": 878,
            "original_h": 682,
            "permalink": "https:\/\/ai-society.slack.com\/files\/jcbages\/F3MQ6EBLJ\/screen_shot_2017-01-05_at_12.01.10_pm.png",
            "permalink_public": "https:\/\/slack-files.com\/T23D2HSEA-F3MQ6EBLJ-3f5a59369c",
            "channels": [
                "C23D0APRS"
            ],
            "groups": [],
            "ims": [],
            "comments_count": 0
        },
        "user": "U23E6TXLN",
        "upload": true,
        "display_as_bot": false,
        "username": "<@U23E6TXLN|jcbages>",
        "bot_id": null,
        "ts": "1483635688.000043"
    },
    {
        "type": "message",
        "user": "U23E6TXLN",
        "text": "y tiene autograder :slightly_smiling_face:",
        "ts": "1483635772.000044"
    },
    {
        "type": "message",
        "user": "U23DZ7FHV",
        "text": "Y es mejor?",
        "ts": "1483635836.000045"
    },
    {
        "type": "message",
        "user": "U23DZ7FHV",
        "text": "Tiene el mismo contenido?",
        "ts": "1483635898.000046"
    },
    {
        "type": "message",
        "user": "U23E6TXLN",
        "text": "pues es berkeley 188 de 2016",
        "ts": "1483635901.000047"
    },
    {
        "type": "message",
        "user": "U23E6TXLN",
        "text": "tiene 6 proyectos",
        "ts": "1483635906.000048"
    },
    {
        "type": "message",
        "user": "U23E6TXLN",
        "text": "este es el syllabus",
        "ts": "1483635910.000049"
    },
    {
        "type": "message",
        "subtype": "file_share",
        "text": "<@U23E6TXLN|jcbages> uploaded a file: <https:\/\/ai-society.slack.com\/files\/jcbages\/F3M4AFJC9\/screen_shot_2017-01-05_at_12.05.31_pm.png|Screen Shot 2017-01-05 at 12.05.31 PM.png>",
        "file": {
            "id": "F3M4AFJC9",
            "created": 1483635959,
            "timestamp": 1483635959,
            "name": "Screen Shot 2017-01-05 at 12.05.31 PM.png",
            "title": "Screen Shot 2017-01-05 at 12.05.31 PM.png",
            "mimetype": "image\/png",
            "filetype": "png",
            "pretty_type": "PNG",
            "user": "U23E6TXLN",
            "editable": false,
            "size": 214590,
            "mode": "hosted",
            "is_external": false,
            "external_type": "",
            "is_public": true,
            "public_url_shared": false,
            "display_as_bot": false,
            "username": "",
            "url_private": "https:\/\/files.slack.com\/files-pri\/T23D2HSEA-F3M4AFJC9\/screen_shot_2017-01-05_at_12.05.31_pm.png?t=xoxe-71444604486-139137108116-139058809970-55720f8321",
            "url_private_download": "https:\/\/files.slack.com\/files-pri\/T23D2HSEA-F3M4AFJC9\/download\/screen_shot_2017-01-05_at_12.05.31_pm.png?t=xoxe-71444604486-139137108116-139058809970-55720f8321",
            "thumb_64": "https:\/\/files.slack.com\/files-tmb\/T23D2HSEA-F3M4AFJC9-cc55563c67\/screen_shot_2017-01-05_at_12.05.31_pm_64.png?t=xoxe-71444604486-139137108116-139058809970-55720f8321",
            "thumb_80": "https:\/\/files.slack.com\/files-tmb\/T23D2HSEA-F3M4AFJC9-cc55563c67\/screen_shot_2017-01-05_at_12.05.31_pm_80.png?t=xoxe-71444604486-139137108116-139058809970-55720f8321",
            "thumb_360": "https:\/\/files.slack.com\/files-tmb\/T23D2HSEA-F3M4AFJC9-cc55563c67\/screen_shot_2017-01-05_at_12.05.31_pm_360.png?t=xoxe-71444604486-139137108116-139058809970-55720f8321",
            "thumb_360_w": 360,
            "thumb_360_h": 202,
            "thumb_480": "https:\/\/files.slack.com\/files-tmb\/T23D2HSEA-F3M4AFJC9-cc55563c67\/screen_shot_2017-01-05_at_12.05.31_pm_480.png?t=xoxe-71444604486-139137108116-139058809970-55720f8321",
            "thumb_480_w": 480,
            "thumb_480_h": 270,
            "thumb_160": "https:\/\/files.slack.com\/files-tmb\/T23D2HSEA-F3M4AFJC9-cc55563c67\/screen_shot_2017-01-05_at_12.05.31_pm_160.png?t=xoxe-71444604486-139137108116-139058809970-55720f8321",
            "thumb_720": "https:\/\/files.slack.com\/files-tmb\/T23D2HSEA-F3M4AFJC9-cc55563c67\/screen_shot_2017-01-05_at_12.05.31_pm_720.png?t=xoxe-71444604486-139137108116-139058809970-55720f8321",
            "thumb_720_w": 720,
            "thumb_720_h": 405,
            "thumb_960": "https:\/\/files.slack.com\/files-tmb\/T23D2HSEA-F3M4AFJC9-cc55563c67\/screen_shot_2017-01-05_at_12.05.31_pm_960.png?t=xoxe-71444604486-139137108116-139058809970-55720f8321",
            "thumb_960_w": 960,
            "thumb_960_h": 540,
            "thumb_1024": "https:\/\/files.slack.com\/files-tmb\/T23D2HSEA-F3M4AFJC9-cc55563c67\/screen_shot_2017-01-05_at_12.05.31_pm_1024.png?t=xoxe-71444604486-139137108116-139058809970-55720f8321",
            "thumb_1024_w": 1024,
            "thumb_1024_h": 576,
            "image_exif_rotation": 1,
            "original_w": 1366,
            "original_h": 768,
            "permalink": "https:\/\/ai-society.slack.com\/files\/jcbages\/F3M4AFJC9\/screen_shot_2017-01-05_at_12.05.31_pm.png",
            "permalink_public": "https:\/\/slack-files.com\/T23D2HSEA-F3M4AFJC9-7ea4717d79",
            "channels": [
                "C23D0APRS"
            ],
            "groups": [],
            "ims": [],
            "comments_count": 0
        },
        "user": "U23E6TXLN",
        "upload": true,
        "display_as_bot": false,
        "username": "<@U23E6TXLN|jcbages>",
        "bot_id": null,
        "ts": "1483635969.000050"
    },
    {
        "type": "message",
        "subtype": "file_share",
        "text": "<@U23E6TXLN|jcbages> uploaded a file: <https:\/\/ai-society.slack.com\/files\/jcbages\/F3MSURKGV\/screen_shot_2017-01-05_at_12.05.35_pm.png|Screen Shot 2017-01-05 at 12.05.35 PM.png>",
        "file": {
            "id": "F3MSURKGV",
            "created": 1483635970,
            "timestamp": 1483635970,
            "name": "Screen Shot 2017-01-05 at 12.05.35 PM.png",
            "title": "Screen Shot 2017-01-05 at 12.05.35 PM.png",
            "mimetype": "image\/png",
            "filetype": "png",
            "pretty_type": "PNG",
            "user": "U23E6TXLN",
            "editable": false,
            "size": 193017,
            "mode": "hosted",
            "is_external": false,
            "external_type": "",
            "is_public": true,
            "public_url_shared": false,
            "display_as_bot": false,
            "username": "",
            "url_private": "https:\/\/files.slack.com\/files-pri\/T23D2HSEA-F3MSURKGV\/screen_shot_2017-01-05_at_12.05.35_pm.png?t=xoxe-71444604486-139137108116-139058809970-55720f8321",
            "url_private_download": "https:\/\/files.slack.com\/files-pri\/T23D2HSEA-F3MSURKGV\/download\/screen_shot_2017-01-05_at_12.05.35_pm.png?t=xoxe-71444604486-139137108116-139058809970-55720f8321",
            "thumb_64": "https:\/\/files.slack.com\/files-tmb\/T23D2HSEA-F3MSURKGV-64d537d95b\/screen_shot_2017-01-05_at_12.05.35_pm_64.png?t=xoxe-71444604486-139137108116-139058809970-55720f8321",
            "thumb_80": "https:\/\/files.slack.com\/files-tmb\/T23D2HSEA-F3MSURKGV-64d537d95b\/screen_shot_2017-01-05_at_12.05.35_pm_80.png?t=xoxe-71444604486-139137108116-139058809970-55720f8321",
            "thumb_360": "https:\/\/files.slack.com\/files-tmb\/T23D2HSEA-F3MSURKGV-64d537d95b\/screen_shot_2017-01-05_at_12.05.35_pm_360.png?t=xoxe-71444604486-139137108116-139058809970-55720f8321",
            "thumb_360_w": 360,
            "thumb_360_h": 202,
            "thumb_480": "https:\/\/files.slack.com\/files-tmb\/T23D2HSEA-F3MSURKGV-64d537d95b\/screen_shot_2017-01-05_at_12.05.35_pm_480.png?t=xoxe-71444604486-139137108116-139058809970-55720f8321",
            "thumb_480_w": 480,
            "thumb_480_h": 270,
            "thumb_160": "https:\/\/files.slack.com\/files-tmb\/T23D2HSEA-F3MSURKGV-64d537d95b\/screen_shot_2017-01-05_at_12.05.35_pm_160.png?t=xoxe-71444604486-139137108116-139058809970-55720f8321",
            "thumb_720": "https:\/\/files.slack.com\/files-tmb\/T23D2HSEA-F3MSURKGV-64d537d95b\/screen_shot_2017-01-05_at_12.05.35_pm_720.png?t=xoxe-71444604486-139137108116-139058809970-55720f8321",
            "thumb_720_w": 720,
            "thumb_720_h": 405,
            "thumb_960": "https:\/\/files.slack.com\/files-tmb\/T23D2HSEA-F3MSURKGV-64d537d95b\/screen_shot_2017-01-05_at_12.05.35_pm_960.png?t=xoxe-71444604486-139137108116-139058809970-55720f8321",
            "thumb_960_w": 960,
            "thumb_960_h": 540,
            "thumb_1024": "https:\/\/files.slack.com\/files-tmb\/T23D2HSEA-F3MSURKGV-64d537d95b\/screen_shot_2017-01-05_at_12.05.35_pm_1024.png?t=xoxe-71444604486-139137108116-139058809970-55720f8321",
            "thumb_1024_w": 1024,
            "thumb_1024_h": 576,
            "image_exif_rotation": 1,
            "original_w": 1366,
            "original_h": 768,
            "permalink": "https:\/\/ai-society.slack.com\/files\/jcbages\/F3MSURKGV\/screen_shot_2017-01-05_at_12.05.35_pm.png",
            "permalink_public": "https:\/\/slack-files.com\/T23D2HSEA-F3MSURKGV-5f9f748e57",
            "channels": [
                "C23D0APRS"
            ],
            "groups": [],
            "ims": [],
            "comments_count": 0
        },
        "user": "U23E6TXLN",
        "upload": true,
        "display_as_bot": false,
        "username": "<@U23E6TXLN|jcbages>",
        "bot_id": null,
        "ts": "1483635973.000051"
    },
    {
        "type": "message",
        "user": "U23E6TXLN",
        "text": "es que parece que es como un intersemestral pensaria yo porque va de junio 20 a agosto 10",
        "ts": "1483635974.000052"
    },
    {
        "type": "message",
        "subtype": "file_share",
        "text": "<@U23E6TXLN|jcbages> uploaded a file: <https:\/\/ai-society.slack.com\/files\/jcbages\/F3MSJC9RA\/screen_shot_2017-01-05_at_12.05.38_pm.png|Screen Shot 2017-01-05 at 12.05.38 PM.png>",
        "file": {
            "id": "F3MSJC9RA",
            "created": 1483635974,
            "timestamp": 1483635974,
            "name": "Screen Shot 2017-01-05 at 12.05.38 PM.png",
            "title": "Screen Shot 2017-01-05 at 12.05.38 PM.png",
            "mimetype": "image\/png",
            "filetype": "png",
            "pretty_type": "PNG",
            "user": "U23E6TXLN",
            "editable": false,
            "size": 194373,
            "mode": "hosted",
            "is_external": false,
            "external_type": "",
            "is_public": true,
            "public_url_shared": false,
            "display_as_bot": false,
            "username": "",
            "url_private": "https:\/\/files.slack.com\/files-pri\/T23D2HSEA-F3MSJC9RA\/screen_shot_2017-01-05_at_12.05.38_pm.png?t=xoxe-71444604486-139137108116-139058809970-55720f8321",
            "url_private_download": "https:\/\/files.slack.com\/files-pri\/T23D2HSEA-F3MSJC9RA\/download\/screen_shot_2017-01-05_at_12.05.38_pm.png?t=xoxe-71444604486-139137108116-139058809970-55720f8321",
            "thumb_64": "https:\/\/files.slack.com\/files-tmb\/T23D2HSEA-F3MSJC9RA-35a8588268\/screen_shot_2017-01-05_at_12.05.38_pm_64.png?t=xoxe-71444604486-139137108116-139058809970-55720f8321",
            "thumb_80": "https:\/\/files.slack.com\/files-tmb\/T23D2HSEA-F3MSJC9RA-35a8588268\/screen_shot_2017-01-05_at_12.05.38_pm_80.png?t=xoxe-71444604486-139137108116-139058809970-55720f8321",
            "thumb_360": "https:\/\/files.slack.com\/files-tmb\/T23D2HSEA-F3MSJC9RA-35a8588268\/screen_shot_2017-01-05_at_12.05.38_pm_360.png?t=xoxe-71444604486-139137108116-139058809970-55720f8321",
            "thumb_360_w": 360,
            "thumb_360_h": 202,
            "thumb_480": "https:\/\/files.slack.com\/files-tmb\/T23D2HSEA-F3MSJC9RA-35a8588268\/screen_shot_2017-01-05_at_12.05.38_pm_480.png?t=xoxe-71444604486-139137108116-139058809970-55720f8321",
            "thumb_480_w": 480,
            "thumb_480_h": 270,
            "thumb_160": "https:\/\/files.slack.com\/files-tmb\/T23D2HSEA-F3MSJC9RA-35a8588268\/screen_shot_2017-01-05_at_12.05.38_pm_160.png?t=xoxe-71444604486-139137108116-139058809970-55720f8321",
            "thumb_720": "https:\/\/files.slack.com\/files-tmb\/T23D2HSEA-F3MSJC9RA-35a8588268\/screen_shot_2017-01-05_at_12.05.38_pm_720.png?t=xoxe-71444604486-139137108116-139058809970-55720f8321",
            "thumb_720_w": 720,
            "thumb_720_h": 405,
            "thumb_960": "https:\/\/files.slack.com\/files-tmb\/T23D2HSEA-F3MSJC9RA-35a8588268\/screen_shot_2017-01-05_at_12.05.38_pm_960.png?t=xoxe-71444604486-139137108116-139058809970-55720f8321",
            "thumb_960_w": 960,
            "thumb_960_h": 540,
            "thumb_1024": "https:\/\/files.slack.com\/files-tmb\/T23D2HSEA-F3MSJC9RA-35a8588268\/screen_shot_2017-01-05_at_12.05.38_pm_1024.png?t=xoxe-71444604486-139137108116-139058809970-55720f8321",
            "thumb_1024_w": 1024,
            "thumb_1024_h": 576,
            "image_exif_rotation": 1,
            "original_w": 1366,
            "original_h": 768,
            "permalink": "https:\/\/ai-society.slack.com\/files\/jcbages\/F3MSJC9RA\/screen_shot_2017-01-05_at_12.05.38_pm.png",
            "permalink_public": "https:\/\/slack-files.com\/T23D2HSEA-F3MSJC9RA-5d09aec661",
            "channels": [
                "C23D0APRS"
            ],
            "groups": [],
            "ims": [],
            "comments_count": 0
        },
        "user": "U23E6TXLN",
        "upload": true,
        "display_as_bot": false,
        "username": "<@U23E6TXLN|jcbages>",
        "bot_id": null,
        "ts": "1483635978.000053"
    },
    {
        "type": "message",
        "subtype": "file_share",
        "text": "<@U23E6TXLN|jcbages> uploaded a file: <https:\/\/ai-society.slack.com\/files\/jcbages\/F3NF6373R\/screen_shot_2017-01-05_at_12.05.42_pm.png|Screen Shot 2017-01-05 at 12.05.42 PM.png>",
        "file": {
            "id": "F3NF6373R",
            "created": 1483635979,
            "timestamp": 1483635979,
            "name": "Screen Shot 2017-01-05 at 12.05.42 PM.png",
            "title": "Screen Shot 2017-01-05 at 12.05.42 PM.png",
            "mimetype": "image\/png",
            "filetype": "png",
            "pretty_type": "PNG",
            "user": "U23E6TXLN",
            "editable": false,
            "size": 139320,
            "mode": "hosted",
            "is_external": false,
            "external_type": "",
            "is_public": true,
            "public_url_shared": false,
            "display_as_bot": false,
            "username": "",
            "url_private": "https:\/\/files.slack.com\/files-pri\/T23D2HSEA-F3NF6373R\/screen_shot_2017-01-05_at_12.05.42_pm.png?t=xoxe-71444604486-139137108116-139058809970-55720f8321",
            "url_private_download": "https:\/\/files.slack.com\/files-pri\/T23D2HSEA-F3NF6373R\/download\/screen_shot_2017-01-05_at_12.05.42_pm.png?t=xoxe-71444604486-139137108116-139058809970-55720f8321",
            "thumb_64": "https:\/\/files.slack.com\/files-tmb\/T23D2HSEA-F3NF6373R-34e5cfbf29\/screen_shot_2017-01-05_at_12.05.42_pm_64.png?t=xoxe-71444604486-139137108116-139058809970-55720f8321",
            "thumb_80": "https:\/\/files.slack.com\/files-tmb\/T23D2HSEA-F3NF6373R-34e5cfbf29\/screen_shot_2017-01-05_at_12.05.42_pm_80.png?t=xoxe-71444604486-139137108116-139058809970-55720f8321",
            "thumb_360": "https:\/\/files.slack.com\/files-tmb\/T23D2HSEA-F3NF6373R-34e5cfbf29\/screen_shot_2017-01-05_at_12.05.42_pm_360.png?t=xoxe-71444604486-139137108116-139058809970-55720f8321",
            "thumb_360_w": 360,
            "thumb_360_h": 202,
            "thumb_480": "https:\/\/files.slack.com\/files-tmb\/T23D2HSEA-F3NF6373R-34e5cfbf29\/screen_shot_2017-01-05_at_12.05.42_pm_480.png?t=xoxe-71444604486-139137108116-139058809970-55720f8321",
            "thumb_480_w": 480,
            "thumb_480_h": 270,
            "thumb_160": "https:\/\/files.slack.com\/files-tmb\/T23D2HSEA-F3NF6373R-34e5cfbf29\/screen_shot_2017-01-05_at_12.05.42_pm_160.png?t=xoxe-71444604486-139137108116-139058809970-55720f8321",
            "thumb_720": "https:\/\/files.slack.com\/files-tmb\/T23D2HSEA-F3NF6373R-34e5cfbf29\/screen_shot_2017-01-05_at_12.05.42_pm_720.png?t=xoxe-71444604486-139137108116-139058809970-55720f8321",
            "thumb_720_w": 720,
            "thumb_720_h": 405,
            "thumb_960": "https:\/\/files.slack.com\/files-tmb\/T23D2HSEA-F3NF6373R-34e5cfbf29\/screen_shot_2017-01-05_at_12.05.42_pm_960.png?t=xoxe-71444604486-139137108116-139058809970-55720f8321",
            "thumb_960_w": 960,
            "thumb_960_h": 540,
            "thumb_1024": "https:\/\/files.slack.com\/files-tmb\/T23D2HSEA-F3NF6373R-34e5cfbf29\/screen_shot_2017-01-05_at_12.05.42_pm_1024.png?t=xoxe-71444604486-139137108116-139058809970-55720f8321",
            "thumb_1024_w": 1024,
            "thumb_1024_h": 576,
            "image_exif_rotation": 1,
            "original_w": 1366,
            "original_h": 768,
            "permalink": "https:\/\/ai-society.slack.com\/files\/jcbages\/F3NF6373R\/screen_shot_2017-01-05_at_12.05.42_pm.png",
            "permalink_public": "https:\/\/slack-files.com\/T23D2HSEA-F3NF6373R-2ebb634b57",
            "channels": [
                "C23D0APRS"
            ],
            "groups": [],
            "ims": [],
            "comments_count": 0
        },
        "user": "U23E6TXLN",
        "upload": true,
        "display_as_bot": false,
        "username": "<@U23E6TXLN|jcbages>",
        "bot_id": null,
        "ts": "1483635983.000054"
    },
    {
        "type": "message",
        "user": "U23E6TXLN",
        "text": "pues yo pienso que cualquiera que hagamos esta bien, la cosa es que 188 berkley de edx ya no esta",
        "ts": "1483636006.000055"
    },
    {
        "type": "message",
        "user": "U23E6TXLN",
        "text": "entonces supongo es hacer este o hacer el de la pagina en nuestro caso",
        "ts": "1483636018.000056"
    },
    {
        "type": "message",
        "user": "U23DZ7FHV",
        "text": "Y no tienen acceso al viejo?",
        "ts": "1483636089.000057"
    },
    {
        "type": "message",
        "user": "U23DZ7FHV",
        "text": "El de edge tiene una parte distinta",
        "ts": "1483636096.000058"
    },
    {
        "type": "message",
        "user": "U23DZ7FHV",
        "text": "Yo creo que se complementan",
        "ts": "1483636100.000059"
    },
    {
        "type": "message",
        "user": "U23DZ7FHV",
        "text": "L\u00e1stima que el de Fall est\u00e9 cerrado: <https:\/\/edge.edx.org\/courses\/course-v1:BerkeleyX+CS188x-FA16+FA16\/about>",
        "ts": "1483636156.000060"
    },
    {
        "type": "message",
        "user": "U23DZ7FHV",
        "text": "Ese es el que acaban de hacer",
        "ts": "1483636159.000061"
    },
    {
        "type": "message",
        "user": "U23E6TXLN",
        "text": "no, solo pues al de la paigna esa que les mande antes que es la versio n2014 me imagino congenia mas con el que usted esta tomando mire el syllabus",
        "ts": "1483636240.000062"
    },
    {
        "type": "message",
        "user": "U23DZ7FHV",
        "text": "S\u00ed",
        "ts": "1483636263.000063"
    },
    {
        "type": "message",
        "user": "U23DZ7FHV",
        "text": "Pero mejor tomar lo m\u00e1s nuevo",
        "ts": "1483636268.000064"
    },
    {
        "type": "message",
        "user": "U23DZ7FHV",
        "text": "Actualizado*",
        "ts": "1483636279.000065"
    },
    {
        "type": "message",
        "user": "U23E6TXLN",
        "text": "si, pues yo pienso como que ambos cumplirian bien su funcion en cuanto a que es mas una introduccion a AI",
        "ts": "1483636294.000066"
    },
    {
        "type": "message",
        "user": "U23DZ7FHV",
        "text": "Aunque yo creo que van a sacar el de Fall <https:\/\/edge.edx.org\/courses\/course-v1:BerkeleyX+CS188x-FA16+FA16\/about> pronto",
        "ts": "1483636295.000067"
    },
    {
        "type": "message",
        "user": "U23DZ7FHV",
        "text": "Cuando retomen clases",
        "ts": "1483636298.000068"
    },
    {
        "type": "message",
        "user": "U23E6TXLN",
        "text": "ya sea cual sea digamos que esta por nuestra cuenta leer mas  y aprender mas",
        "ts": "1483636311.000069"
    },
    {
        "type": "message",
        "user": "U23E6TXLN",
        "text": "siii puede que pronto lo reanuden tambien",
        "ts": "1483636318.000070"
    },
    {
        "type": "message",
        "user": "U23DZ7FHV",
        "text": "Y no est\u00e1 la parte 2 en edx edge?",
        "ts": "1483636329.000071"
    },
    {
        "type": "message",
        "user": "U23E6TXLN",
        "text": "no :confused:, es que como el part1 part2 es de MOOC es de edx en si",
        "ts": "1483636411.000072"
    },
    {
        "type": "message",
        "user": "U23E6TXLN",
        "text": "pero como edge es mas de la universidad ahi ponen los 188 completos",
        "ts": "1483636421.000073"
    },
    {
        "type": "message",
        "user": "U23E6TXLN",
        "text": "mire el 2014 tiene este syllabus y esta en edge",
        "ts": "1483636428.000074"
    },
    {
        "type": "message",
        "user": "U23DZ7FHV",
        "text": "Los 188?",
        "ts": "1483636441.000075"
    },
    {
        "type": "message",
        "user": "U23E6TXLN",
        "text": "cs188* osea el curso que tiene ese codigo",
        "ts": "1483636468.000076"
    },
    {
        "type": "message",
        "subtype": "file_share",
        "text": "<@U23E6TXLN|jcbages> uploaded a file: <https:\/\/ai-society.slack.com\/files\/jcbages\/F3MSZJ7U5\/screen_shot_2017-01-05_at_12.14.06_pm.png|Screen Shot 2017-01-05 at 12.14.06 PM.png>",
        "file": {
            "id": "F3MSZJ7U5",
            "created": 1483636475,
            "timestamp": 1483636475,
            "name": "Screen Shot 2017-01-05 at 12.14.06 PM.png",
            "title": "Screen Shot 2017-01-05 at 12.14.06 PM.png",
            "mimetype": "image\/png",
            "filetype": "png",
            "pretty_type": "PNG",
            "user": "U23E6TXLN",
            "editable": false,
            "size": 185804,
            "mode": "hosted",
            "is_external": false,
            "external_type": "",
            "is_public": true,
            "public_url_shared": false,
            "display_as_bot": false,
            "username": "",
            "url_private": "https:\/\/files.slack.com\/files-pri\/T23D2HSEA-F3MSZJ7U5\/screen_shot_2017-01-05_at_12.14.06_pm.png?t=xoxe-71444604486-139137108116-139058809970-55720f8321",
            "url_private_download": "https:\/\/files.slack.com\/files-pri\/T23D2HSEA-F3MSZJ7U5\/download\/screen_shot_2017-01-05_at_12.14.06_pm.png?t=xoxe-71444604486-139137108116-139058809970-55720f8321",
            "thumb_64": "https:\/\/files.slack.com\/files-tmb\/T23D2HSEA-F3MSZJ7U5-131d0ff43c\/screen_shot_2017-01-05_at_12.14.06_pm_64.png?t=xoxe-71444604486-139137108116-139058809970-55720f8321",
            "thumb_80": "https:\/\/files.slack.com\/files-tmb\/T23D2HSEA-F3MSZJ7U5-131d0ff43c\/screen_shot_2017-01-05_at_12.14.06_pm_80.png?t=xoxe-71444604486-139137108116-139058809970-55720f8321",
            "thumb_360": "https:\/\/files.slack.com\/files-tmb\/T23D2HSEA-F3MSZJ7U5-131d0ff43c\/screen_shot_2017-01-05_at_12.14.06_pm_360.png?t=xoxe-71444604486-139137108116-139058809970-55720f8321",
            "thumb_360_w": 360,
            "thumb_360_h": 202,
            "thumb_480": "https:\/\/files.slack.com\/files-tmb\/T23D2HSEA-F3MSZJ7U5-131d0ff43c\/screen_shot_2017-01-05_at_12.14.06_pm_480.png?t=xoxe-71444604486-139137108116-139058809970-55720f8321",
            "thumb_480_w": 480,
            "thumb_480_h": 270,
            "thumb_160": "https:\/\/files.slack.com\/files-tmb\/T23D2HSEA-F3MSZJ7U5-131d0ff43c\/screen_shot_2017-01-05_at_12.14.06_pm_160.png?t=xoxe-71444604486-139137108116-139058809970-55720f8321",
            "thumb_720": "https:\/\/files.slack.com\/files-tmb\/T23D2HSEA-F3MSZJ7U5-131d0ff43c\/screen_shot_2017-01-05_at_12.14.06_pm_720.png?t=xoxe-71444604486-139137108116-139058809970-55720f8321",
            "thumb_720_w": 720,
            "thumb_720_h": 405,
            "thumb_960": "https:\/\/files.slack.com\/files-tmb\/T23D2HSEA-F3MSZJ7U5-131d0ff43c\/screen_shot_2017-01-05_at_12.14.06_pm_960.png?t=xoxe-71444604486-139137108116-139058809970-55720f8321",
            "thumb_960_w": 960,
            "thumb_960_h": 540,
            "thumb_1024": "https:\/\/files.slack.com\/files-tmb\/T23D2HSEA-F3MSZJ7U5-131d0ff43c\/screen_shot_2017-01-05_at_12.14.06_pm_1024.png?t=xoxe-71444604486-139137108116-139058809970-55720f8321",
            "thumb_1024_w": 1024,
            "thumb_1024_h": 576,
            "image_exif_rotation": 1,
            "original_w": 1366,
            "original_h": 768,
            "permalink": "https:\/\/ai-society.slack.com\/files\/jcbages\/F3MSZJ7U5\/screen_shot_2017-01-05_at_12.14.06_pm.png",
            "permalink_public": "https:\/\/slack-files.com\/T23D2HSEA-F3MSZJ7U5-a99e9205cf",
            "channels": [
                "C23D0APRS"
            ],
            "groups": [],
            "ims": [],
            "comments_count": 0
        },
        "user": "U23E6TXLN",
        "upload": true,
        "display_as_bot": false,
        "username": "<@U23E6TXLN|jcbages>",
        "bot_id": null,
        "ts": "1483636478.000077"
    },
    {
        "type": "message",
        "user": "U23E6TXLN",
        "text": "mire este no concuerda con el que esta tomando?",
        "ts": "1483636482.000078"
    },
    {
        "type": "message",
        "subtype": "file_share",
        "text": "<@U23E6TXLN|jcbages> uploaded a file: <https:\/\/ai-society.slack.com\/files\/jcbages\/F3NEZEP54\/screen_shot_2017-01-05_at_12.14.08_pm.png|Screen Shot 2017-01-05 at 12.14.08 PM.png>",
        "file": {
            "id": "F3NEZEP54",
            "created": 1483636479,
            "timestamp": 1483636479,
            "name": "Screen Shot 2017-01-05 at 12.14.08 PM.png",
            "title": "Screen Shot 2017-01-05 at 12.14.08 PM.png",
            "mimetype": "image\/png",
            "filetype": "png",
            "pretty_type": "PNG",
            "user": "U23E6TXLN",
            "editable": false,
            "size": 185274,
            "mode": "hosted",
            "is_external": false,
            "external_type": "",
            "is_public": true,
            "public_url_shared": false,
            "display_as_bot": false,
            "username": "",
            "url_private": "https:\/\/files.slack.com\/files-pri\/T23D2HSEA-F3NEZEP54\/screen_shot_2017-01-05_at_12.14.08_pm.png?t=xoxe-71444604486-139137108116-139058809970-55720f8321",
            "url_private_download": "https:\/\/files.slack.com\/files-pri\/T23D2HSEA-F3NEZEP54\/download\/screen_shot_2017-01-05_at_12.14.08_pm.png?t=xoxe-71444604486-139137108116-139058809970-55720f8321",
            "thumb_64": "https:\/\/files.slack.com\/files-tmb\/T23D2HSEA-F3NEZEP54-4e9fe59b25\/screen_shot_2017-01-05_at_12.14.08_pm_64.png?t=xoxe-71444604486-139137108116-139058809970-55720f8321",
            "thumb_80": "https:\/\/files.slack.com\/files-tmb\/T23D2HSEA-F3NEZEP54-4e9fe59b25\/screen_shot_2017-01-05_at_12.14.08_pm_80.png?t=xoxe-71444604486-139137108116-139058809970-55720f8321",
            "thumb_360": "https:\/\/files.slack.com\/files-tmb\/T23D2HSEA-F3NEZEP54-4e9fe59b25\/screen_shot_2017-01-05_at_12.14.08_pm_360.png?t=xoxe-71444604486-139137108116-139058809970-55720f8321",
            "thumb_360_w": 360,
            "thumb_360_h": 202,
            "thumb_480": "https:\/\/files.slack.com\/files-tmb\/T23D2HSEA-F3NEZEP54-4e9fe59b25\/screen_shot_2017-01-05_at_12.14.08_pm_480.png?t=xoxe-71444604486-139137108116-139058809970-55720f8321",
            "thumb_480_w": 480,
            "thumb_480_h": 270,
            "thumb_160": "https:\/\/files.slack.com\/files-tmb\/T23D2HSEA-F3NEZEP54-4e9fe59b25\/screen_shot_2017-01-05_at_12.14.08_pm_160.png?t=xoxe-71444604486-139137108116-139058809970-55720f8321",
            "thumb_720": "https:\/\/files.slack.com\/files-tmb\/T23D2HSEA-F3NEZEP54-4e9fe59b25\/screen_shot_2017-01-05_at_12.14.08_pm_720.png?t=xoxe-71444604486-139137108116-139058809970-55720f8321",
            "thumb_720_w": 720,
            "thumb_720_h": 405,
            "thumb_960": "https:\/\/files.slack.com\/files-tmb\/T23D2HSEA-F3NEZEP54-4e9fe59b25\/screen_shot_2017-01-05_at_12.14.08_pm_960.png?t=xoxe-71444604486-139137108116-139058809970-55720f8321",
            "thumb_960_w": 960,
            "thumb_960_h": 540,
            "thumb_1024": "https:\/\/files.slack.com\/files-tmb\/T23D2HSEA-F3NEZEP54-4e9fe59b25\/screen_shot_2017-01-05_at_12.14.08_pm_1024.png?t=xoxe-71444604486-139137108116-139058809970-55720f8321",
            "thumb_1024_w": 1024,
            "thumb_1024_h": 576,
            "image_exif_rotation": 1,
            "original_w": 1366,
            "original_h": 768,
            "permalink": "https:\/\/ai-society.slack.com\/files\/jcbages\/F3NEZEP54\/screen_shot_2017-01-05_at_12.14.08_pm.png",
            "permalink_public": "https:\/\/slack-files.com\/T23D2HSEA-F3NEZEP54-5929ed6e84",
            "channels": [
                "C23D0APRS"
            ],
            "groups": [],
            "ims": [],
            "comments_count": 0
        },
        "user": "U23E6TXLN",
        "upload": true,
        "display_as_bot": false,
        "username": "<@U23E6TXLN|jcbages>",
        "bot_id": null,
        "ts": "1483636484.000079"
    },
    {
        "type": "message",
        "subtype": "file_share",
        "text": "<@U23E6TXLN|jcbages> uploaded a file: <https:\/\/ai-society.slack.com\/files\/jcbages\/F3MSZLBS9\/screen_shot_2017-01-05_at_12.14.11_pm.png|Screen Shot 2017-01-05 at 12.14.11 PM.png>",
        "file": {
            "id": "F3MSZLBS9",
            "created": 1483636486,
            "timestamp": 1483636486,
            "name": "Screen Shot 2017-01-05 at 12.14.11 PM.png",
            "title": "Screen Shot 2017-01-05 at 12.14.11 PM.png",
            "mimetype": "image\/png",
            "filetype": "png",
            "pretty_type": "PNG",
            "user": "U23E6TXLN",
            "editable": false,
            "size": 197972,
            "mode": "hosted",
            "is_external": false,
            "external_type": "",
            "is_public": true,
            "public_url_shared": false,
            "display_as_bot": false,
            "username": "",
            "url_private": "https:\/\/files.slack.com\/files-pri\/T23D2HSEA-F3MSZLBS9\/screen_shot_2017-01-05_at_12.14.11_pm.png?t=xoxe-71444604486-139137108116-139058809970-55720f8321",
            "url_private_download": "https:\/\/files.slack.com\/files-pri\/T23D2HSEA-F3MSZLBS9\/download\/screen_shot_2017-01-05_at_12.14.11_pm.png?t=xoxe-71444604486-139137108116-139058809970-55720f8321",
            "thumb_64": "https:\/\/files.slack.com\/files-tmb\/T23D2HSEA-F3MSZLBS9-a0aa816003\/screen_shot_2017-01-05_at_12.14.11_pm_64.png?t=xoxe-71444604486-139137108116-139058809970-55720f8321",
            "thumb_80": "https:\/\/files.slack.com\/files-tmb\/T23D2HSEA-F3MSZLBS9-a0aa816003\/screen_shot_2017-01-05_at_12.14.11_pm_80.png?t=xoxe-71444604486-139137108116-139058809970-55720f8321",
            "thumb_360": "https:\/\/files.slack.com\/files-tmb\/T23D2HSEA-F3MSZLBS9-a0aa816003\/screen_shot_2017-01-05_at_12.14.11_pm_360.png?t=xoxe-71444604486-139137108116-139058809970-55720f8321",
            "thumb_360_w": 360,
            "thumb_360_h": 202,
            "thumb_480": "https:\/\/files.slack.com\/files-tmb\/T23D2HSEA-F3MSZLBS9-a0aa816003\/screen_shot_2017-01-05_at_12.14.11_pm_480.png?t=xoxe-71444604486-139137108116-139058809970-55720f8321",
            "thumb_480_w": 480,
            "thumb_480_h": 270,
            "thumb_160": "https:\/\/files.slack.com\/files-tmb\/T23D2HSEA-F3MSZLBS9-a0aa816003\/screen_shot_2017-01-05_at_12.14.11_pm_160.png?t=xoxe-71444604486-139137108116-139058809970-55720f8321",
            "thumb_720": "https:\/\/files.slack.com\/files-tmb\/T23D2HSEA-F3MSZLBS9-a0aa816003\/screen_shot_2017-01-05_at_12.14.11_pm_720.png?t=xoxe-71444604486-139137108116-139058809970-55720f8321",
            "thumb_720_w": 720,
            "thumb_720_h": 405,
            "thumb_960": "https:\/\/files.slack.com\/files-tmb\/T23D2HSEA-F3MSZLBS9-a0aa816003\/screen_shot_2017-01-05_at_12.14.11_pm_960.png?t=xoxe-71444604486-139137108116-139058809970-55720f8321",
            "thumb_960_w": 960,
            "thumb_960_h": 540,
            "thumb_1024": "https:\/\/files.slack.com\/files-tmb\/T23D2HSEA-F3MSZLBS9-a0aa816003\/screen_shot_2017-01-05_at_12.14.11_pm_1024.png?t=xoxe-71444604486-139137108116-139058809970-55720f8321",
            "thumb_1024_w": 1024,
            "thumb_1024_h": 576,
            "image_exif_rotation": 1,
            "original_w": 1366,
            "original_h": 768,
            "permalink": "https:\/\/ai-society.slack.com\/files\/jcbages\/F3MSZLBS9\/screen_shot_2017-01-05_at_12.14.11_pm.png",
            "permalink_public": "https:\/\/slack-files.com\/T23D2HSEA-F3MSZLBS9-ae0f899efd",
            "channels": [
                "C23D0APRS"
            ],
            "groups": [],
            "ims": [],
            "comments_count": 0
        },
        "user": "U23E6TXLN",
        "upload": true,
        "display_as_bot": false,
        "username": "<@U23E6TXLN|jcbages>",
        "bot_id": null,
        "ts": "1483636489.000080"
    },
    {
        "type": "message",
        "subtype": "file_share",
        "text": "<@U23E6TXLN|jcbages> uploaded a file: <https:\/\/ai-society.slack.com\/files\/jcbages\/F3NEZGQR4\/screen_shot_2017-01-05_at_12.14.13_pm.png|Screen Shot 2017-01-05 at 12.14.13 PM.png>",
        "file": {
            "id": "F3NEZGQR4",
            "created": 1483636490,
            "timestamp": 1483636490,
            "name": "Screen Shot 2017-01-05 at 12.14.13 PM.png",
            "title": "Screen Shot 2017-01-05 at 12.14.13 PM.png",
            "mimetype": "image\/png",
            "filetype": "png",
            "pretty_type": "PNG",
            "user": "U23E6TXLN",
            "editable": false,
            "size": 149985,
            "mode": "hosted",
            "is_external": false,
            "external_type": "",
            "is_public": true,
            "public_url_shared": false,
            "display_as_bot": false,
            "username": "",
            "url_private": "https:\/\/files.slack.com\/files-pri\/T23D2HSEA-F3NEZGQR4\/screen_shot_2017-01-05_at_12.14.13_pm.png?t=xoxe-71444604486-139137108116-139058809970-55720f8321",
            "url_private_download": "https:\/\/files.slack.com\/files-pri\/T23D2HSEA-F3NEZGQR4\/download\/screen_shot_2017-01-05_at_12.14.13_pm.png?t=xoxe-71444604486-139137108116-139058809970-55720f8321",
            "thumb_64": "https:\/\/files.slack.com\/files-tmb\/T23D2HSEA-F3NEZGQR4-72ab80ee0b\/screen_shot_2017-01-05_at_12.14.13_pm_64.png?t=xoxe-71444604486-139137108116-139058809970-55720f8321",
            "thumb_80": "https:\/\/files.slack.com\/files-tmb\/T23D2HSEA-F3NEZGQR4-72ab80ee0b\/screen_shot_2017-01-05_at_12.14.13_pm_80.png?t=xoxe-71444604486-139137108116-139058809970-55720f8321",
            "thumb_360": "https:\/\/files.slack.com\/files-tmb\/T23D2HSEA-F3NEZGQR4-72ab80ee0b\/screen_shot_2017-01-05_at_12.14.13_pm_360.png?t=xoxe-71444604486-139137108116-139058809970-55720f8321",
            "thumb_360_w": 360,
            "thumb_360_h": 202,
            "thumb_480": "https:\/\/files.slack.com\/files-tmb\/T23D2HSEA-F3NEZGQR4-72ab80ee0b\/screen_shot_2017-01-05_at_12.14.13_pm_480.png?t=xoxe-71444604486-139137108116-139058809970-55720f8321",
            "thumb_480_w": 480,
            "thumb_480_h": 270,
            "thumb_160": "https:\/\/files.slack.com\/files-tmb\/T23D2HSEA-F3NEZGQR4-72ab80ee0b\/screen_shot_2017-01-05_at_12.14.13_pm_160.png?t=xoxe-71444604486-139137108116-139058809970-55720f8321",
            "thumb_720": "https:\/\/files.slack.com\/files-tmb\/T23D2HSEA-F3NEZGQR4-72ab80ee0b\/screen_shot_2017-01-05_at_12.14.13_pm_720.png?t=xoxe-71444604486-139137108116-139058809970-55720f8321",
            "thumb_720_w": 720,
            "thumb_720_h": 405,
            "thumb_960": "https:\/\/files.slack.com\/files-tmb\/T23D2HSEA-F3NEZGQR4-72ab80ee0b\/screen_shot_2017-01-05_at_12.14.13_pm_960.png?t=xoxe-71444604486-139137108116-139058809970-55720f8321",
            "thumb_960_w": 960,
            "thumb_960_h": 540,
            "thumb_1024": "https:\/\/files.slack.com\/files-tmb\/T23D2HSEA-F3NEZGQR4-72ab80ee0b\/screen_shot_2017-01-05_at_12.14.13_pm_1024.png?t=xoxe-71444604486-139137108116-139058809970-55720f8321",
            "thumb_1024_w": 1024,
            "thumb_1024_h": 576,
            "image_exif_rotation": 1,
            "original_w": 1366,
            "original_h": 768,
            "permalink": "https:\/\/ai-society.slack.com\/files\/jcbages\/F3NEZGQR4\/screen_shot_2017-01-05_at_12.14.13_pm.png",
            "permalink_public": "https:\/\/slack-files.com\/T23D2HSEA-F3NEZGQR4-a3130d16ed",
            "channels": [
                "C23D0APRS"
            ],
            "groups": [],
            "ims": [],
            "comments_count": 0
        },
        "user": "U23E6TXLN",
        "upload": true,
        "display_as_bot": false,
        "username": "<@U23E6TXLN|jcbages>",
        "bot_id": null,
        "ts": "1483636499.000081"
    },
    {
        "type": "message",
        "user": "U23DZ7FHV",
        "text": "S\u00ed es ese",
        "ts": "1483637017.000082"
    },
    {
        "type": "message",
        "user": "U23DZ7FHV",
        "text": "Yo no tengo problema con empezar el nuevo, pero si prefieren hacer el viejo, de una",
        "ts": "1483637048.000083"
    },
    {
        "type": "message",
        "user": "U23E6TXLN",
        "text": "pues el que quieran, inlucos en la pagina esa de berkley recomiendan las lecturas mezcladas miren",
        "ts": "1483637191.000084"
    },
    {
        "type": "message",
        "subtype": "file_share",
        "text": "<@U23E6TXLN|jcbages> uploaded a file: <https:\/\/ai-society.slack.com\/files\/jcbages\/F3MNLKR99\/screen_shot_2017-01-05_at_12.26.05_pm.png|Screen Shot 2017-01-05 at 12.26.05 PM.png>",
        "file": {
            "id": "F3MNLKR99",
            "created": 1483637199,
            "timestamp": 1483637199,
            "name": "Screen Shot 2017-01-05 at 12.26.05 PM.png",
            "title": "Screen Shot 2017-01-05 at 12.26.05 PM.png",
            "mimetype": "image\/png",
            "filetype": "png",
            "pretty_type": "PNG",
            "user": "U23E6TXLN",
            "editable": false,
            "size": 166131,
            "mode": "hosted",
            "is_external": false,
            "external_type": "",
            "is_public": true,
            "public_url_shared": false,
            "display_as_bot": false,
            "username": "",
            "url_private": "https:\/\/files.slack.com\/files-pri\/T23D2HSEA-F3MNLKR99\/screen_shot_2017-01-05_at_12.26.05_pm.png?t=xoxe-71444604486-139137108116-139058809970-55720f8321",
            "url_private_download": "https:\/\/files.slack.com\/files-pri\/T23D2HSEA-F3MNLKR99\/download\/screen_shot_2017-01-05_at_12.26.05_pm.png?t=xoxe-71444604486-139137108116-139058809970-55720f8321",
            "thumb_64": "https:\/\/files.slack.com\/files-tmb\/T23D2HSEA-F3MNLKR99-23e90dc458\/screen_shot_2017-01-05_at_12.26.05_pm_64.png?t=xoxe-71444604486-139137108116-139058809970-55720f8321",
            "thumb_80": "https:\/\/files.slack.com\/files-tmb\/T23D2HSEA-F3MNLKR99-23e90dc458\/screen_shot_2017-01-05_at_12.26.05_pm_80.png?t=xoxe-71444604486-139137108116-139058809970-55720f8321",
            "thumb_360": "https:\/\/files.slack.com\/files-tmb\/T23D2HSEA-F3MNLKR99-23e90dc458\/screen_shot_2017-01-05_at_12.26.05_pm_360.png?t=xoxe-71444604486-139137108116-139058809970-55720f8321",
            "thumb_360_w": 360,
            "thumb_360_h": 311,
            "thumb_480": "https:\/\/files.slack.com\/files-tmb\/T23D2HSEA-F3MNLKR99-23e90dc458\/screen_shot_2017-01-05_at_12.26.05_pm_480.png?t=xoxe-71444604486-139137108116-139058809970-55720f8321",
            "thumb_480_w": 480,
            "thumb_480_h": 415,
            "thumb_160": "https:\/\/files.slack.com\/files-tmb\/T23D2HSEA-F3MNLKR99-23e90dc458\/screen_shot_2017-01-05_at_12.26.05_pm_160.png?t=xoxe-71444604486-139137108116-139058809970-55720f8321",
            "thumb_720": "https:\/\/files.slack.com\/files-tmb\/T23D2HSEA-F3MNLKR99-23e90dc458\/screen_shot_2017-01-05_at_12.26.05_pm_720.png?t=xoxe-71444604486-139137108116-139058809970-55720f8321",
            "thumb_720_w": 720,
            "thumb_720_h": 622,
            "image_exif_rotation": 1,
            "original_w": 793,
            "original_h": 685,
            "permalink": "https:\/\/ai-society.slack.com\/files\/jcbages\/F3MNLKR99\/screen_shot_2017-01-05_at_12.26.05_pm.png",
            "permalink_public": "https:\/\/slack-files.com\/T23D2HSEA-F3MNLKR99-3c8f8e8599",
            "channels": [
                "C23D0APRS"
            ],
            "groups": [],
            "ims": [],
            "comments_count": 0
        },
        "user": "U23E6TXLN",
        "upload": true,
        "display_as_bot": false,
        "username": "<@U23E6TXLN|jcbages>",
        "bot_id": null,
        "ts": "1483637205.000085"
    },
    {
        "type": "message",
        "user": "U23DZ7FHV",
        "text": "A m\u00ed me gusta el 2014 porque no tiene tantas cosas de ML",
        "ts": "1483637248.000086"
    },
    {
        "type": "message",
        "user": "U23DZ7FHV",
        "text": "Que ya conocemos, entonces hay otros temas",
        "ts": "1483637253.000087"
    },
    {
        "type": "message",
        "user": "U23DZ7FHV",
        "text": "Pero como quieran",
        "ts": "1483637254.000088"
    },
    {
        "type": "message",
        "user": "U23E6TXLN",
        "text": "si pues hagamosle 2014 <http:\/\/ai.berkeley.edu\/> entonces que tiene como recopilados artos examenes lectures recomendados proyectos tareas soluciones etc etc",
        "ts": "1483637359.000089"
    },
    {
        "type": "message",
        "user": "U23E6TXLN",
        "text": "y pues que opinan lo demas que se animaran ee",
        "ts": "1483637374.000090"
    },
    {
        "type": "message",
        "user": "U23DZ7FHV",
        "text": "pero el que est\u00e1 en edge",
        "ts": "1483637394.000091"
    },
    {
        "type": "message",
        "user": "U23DZ7FHV",
        "text": "que es el mismo que yo tengo en edx normal",
        "ts": "1483637402.000092"
    },
    {
        "type": "message",
        "user": "U23DZ7FHV",
        "text": "Para tener autoevaluador",
        "ts": "1483637410.000093"
    },
    {
        "type": "message",
        "user": "U23E6TXLN",
        "text": "es ese creo, porque vi y no se puede acceder en edge jaja :disappointed:",
        "ts": "1483637416.000094"
    },
    {
        "type": "message",
        "user": "U23E6TXLN",
        "text": "espere comparo syllabus",
        "ts": "1483637447.000095"
    },
    {
        "type": "message",
        "user": "U23E6TXLN",
        "text": "amm a no no es exactamente igual",
        "ts": "1483637551.000096"
    },
    {
        "type": "message",
        "user": "U23DAGRHT",
        "text": "Cu\u00e1l es mejor entonceS?",
        "ts": "1483639453.000097"
    },
    {
        "type": "message",
        "user": "U23E6TXLN",
        "text": "yo creo que cualquiera cumple el proposito de introducirnos a AI as\u00ed que con el que decidamos me parece super bien",
        "ts": "1483639572.000098"
    },
    {
        "type": "message",
        "user": "U23E6TXLN",
        "text": "tu que ahi estan los syllabus que opinas sebas <@U23DAGRHT>",
        "ts": "1483639586.000099"
    },
    {
        "type": "message",
        "user": "U23DAGRHT",
        "text": "Ok, pero cu\u00e1l tiene autograder?",
        "ts": "1483639594.000100"
    },
    {
        "type": "message",
        "user": "U23DAGRHT",
        "text": "Ambos me gustan",
        "ts": "1483639627.000101"
    },
    {
        "type": "message",
        "user": "U23DAGRHT",
        "text": "El de edX tiene mucho ML, no?",
        "ts": "1483639637.000102"
    },
    {
        "type": "message",
        "user": "U23E6TXLN",
        "text": "todos tienen porque parece que ai.berkley tambien tiene",
        "ts": "1483639674.000103"
    },
    {
        "type": "message",
        "user": "U23E6TXLN",
        "text": "el syllabus de <http:\/\/ai.berkley.edu|ai.berkley.edu> es este",
        "ts": "1483639687.000104"
    },
    {
        "type": "message",
        "subtype": "file_share",
        "text": "<@U23E6TXLN|jcbages> uploaded a file: <https:\/\/ai-society.slack.com\/files\/jcbages\/F3MP9J411\/screen_shot_2017-01-05_at_12.30.35_pm.png|Screen Shot 2017-01-05 at 12.30.35 PM.png>",
        "file": {
            "id": "F3MP9J411",
            "created": 1483639707,
            "timestamp": 1483639707,
            "name": "Screen Shot 2017-01-05 at 12.30.35 PM.png",
            "title": "Screen Shot 2017-01-05 at 12.30.35 PM.png",
            "mimetype": "image\/png",
            "filetype": "png",
            "pretty_type": "PNG",
            "user": "U23E6TXLN",
            "editable": false,
            "size": 175094,
            "mode": "hosted",
            "is_external": false,
            "external_type": "",
            "is_public": true,
            "public_url_shared": false,
            "display_as_bot": false,
            "username": "",
            "url_private": "https:\/\/files.slack.com\/files-pri\/T23D2HSEA-F3MP9J411\/screen_shot_2017-01-05_at_12.30.35_pm.png?t=xoxe-71444604486-139137108116-139058809970-55720f8321",
            "url_private_download": "https:\/\/files.slack.com\/files-pri\/T23D2HSEA-F3MP9J411\/download\/screen_shot_2017-01-05_at_12.30.35_pm.png?t=xoxe-71444604486-139137108116-139058809970-55720f8321",
            "thumb_64": "https:\/\/files.slack.com\/files-tmb\/T23D2HSEA-F3MP9J411-6b1b1599b0\/screen_shot_2017-01-05_at_12.30.35_pm_64.png?t=xoxe-71444604486-139137108116-139058809970-55720f8321",
            "thumb_80": "https:\/\/files.slack.com\/files-tmb\/T23D2HSEA-F3MP9J411-6b1b1599b0\/screen_shot_2017-01-05_at_12.30.35_pm_80.png?t=xoxe-71444604486-139137108116-139058809970-55720f8321",
            "thumb_360": "https:\/\/files.slack.com\/files-tmb\/T23D2HSEA-F3MP9J411-6b1b1599b0\/screen_shot_2017-01-05_at_12.30.35_pm_360.png?t=xoxe-71444604486-139137108116-139058809970-55720f8321",
            "thumb_360_w": 360,
            "thumb_360_h": 202,
            "thumb_480": "https:\/\/files.slack.com\/files-tmb\/T23D2HSEA-F3MP9J411-6b1b1599b0\/screen_shot_2017-01-05_at_12.30.35_pm_480.png?t=xoxe-71444604486-139137108116-139058809970-55720f8321",
            "thumb_480_w": 480,
            "thumb_480_h": 270,
            "thumb_160": "https:\/\/files.slack.com\/files-tmb\/T23D2HSEA-F3MP9J411-6b1b1599b0\/screen_shot_2017-01-05_at_12.30.35_pm_160.png?t=xoxe-71444604486-139137108116-139058809970-55720f8321",
            "thumb_720": "https:\/\/files.slack.com\/files-tmb\/T23D2HSEA-F3MP9J411-6b1b1599b0\/screen_shot_2017-01-05_at_12.30.35_pm_720.png?t=xoxe-71444604486-139137108116-139058809970-55720f8321",
            "thumb_720_w": 720,
            "thumb_720_h": 405,
            "thumb_960": "https:\/\/files.slack.com\/files-tmb\/T23D2HSEA-F3MP9J411-6b1b1599b0\/screen_shot_2017-01-05_at_12.30.35_pm_960.png?t=xoxe-71444604486-139137108116-139058809970-55720f8321",
            "thumb_960_w": 960,
            "thumb_960_h": 540,
            "thumb_1024": "https:\/\/files.slack.com\/files-tmb\/T23D2HSEA-F3MP9J411-6b1b1599b0\/screen_shot_2017-01-05_at_12.30.35_pm_1024.png?t=xoxe-71444604486-139137108116-139058809970-55720f8321",
            "thumb_1024_w": 1024,
            "thumb_1024_h": 576,
            "image_exif_rotation": 1,
            "original_w": 1366,
            "original_h": 768,
            "permalink": "https:\/\/ai-society.slack.com\/files\/jcbages\/F3MP9J411\/screen_shot_2017-01-05_at_12.30.35_pm.png",
            "permalink_public": "https:\/\/slack-files.com\/T23D2HSEA-F3MP9J411-1074552278",
            "channels": [
                "C23D0APRS"
            ],
            "groups": [],
            "ims": [],
            "comments_count": 0
        },
        "user": "U23E6TXLN",
        "upload": true,
        "display_as_bot": false,
        "username": "<@U23E6TXLN|jcbages>",
        "bot_id": null,
        "ts": "1483639711.000105"
    },
    {
        "type": "message",
        "user": "U23E6TXLN",
        "text": "y pues las lecturas sugeridas son estas",
        "ts": "1483639721.000106"
    },
    {
        "type": "message",
        "subtype": "file_share",
        "text": "<@U23E6TXLN|jcbages> uploaded a file: <https:\/\/ai-society.slack.com\/files\/jcbages\/F3M4H8QTS\/screen_shot_2017-01-05_at_12.30.38_pm.png|Screen Shot 2017-01-05 at 12.30.38 PM.png>",
        "file": {
            "id": "F3M4H8QTS",
            "created": 1483639713,
            "timestamp": 1483639713,
            "name": "Screen Shot 2017-01-05 at 12.30.38 PM.png",
            "title": "Screen Shot 2017-01-05 at 12.30.38 PM.png",
            "mimetype": "image\/png",
            "filetype": "png",
            "pretty_type": "PNG",
            "user": "U23E6TXLN",
            "editable": false,
            "size": 155043,
            "mode": "hosted",
            "is_external": false,
            "external_type": "",
            "is_public": true,
            "public_url_shared": false,
            "display_as_bot": false,
            "username": "",
            "url_private": "https:\/\/files.slack.com\/files-pri\/T23D2HSEA-F3M4H8QTS\/screen_shot_2017-01-05_at_12.30.38_pm.png?t=xoxe-71444604486-139137108116-139058809970-55720f8321",
            "url_private_download": "https:\/\/files.slack.com\/files-pri\/T23D2HSEA-F3M4H8QTS\/download\/screen_shot_2017-01-05_at_12.30.38_pm.png?t=xoxe-71444604486-139137108116-139058809970-55720f8321",
            "thumb_64": "https:\/\/files.slack.com\/files-tmb\/T23D2HSEA-F3M4H8QTS-de4afcaa22\/screen_shot_2017-01-05_at_12.30.38_pm_64.png?t=xoxe-71444604486-139137108116-139058809970-55720f8321",
            "thumb_80": "https:\/\/files.slack.com\/files-tmb\/T23D2HSEA-F3M4H8QTS-de4afcaa22\/screen_shot_2017-01-05_at_12.30.38_pm_80.png?t=xoxe-71444604486-139137108116-139058809970-55720f8321",
            "thumb_360": "https:\/\/files.slack.com\/files-tmb\/T23D2HSEA-F3M4H8QTS-de4afcaa22\/screen_shot_2017-01-05_at_12.30.38_pm_360.png?t=xoxe-71444604486-139137108116-139058809970-55720f8321",
            "thumb_360_w": 360,
            "thumb_360_h": 202,
            "thumb_480": "https:\/\/files.slack.com\/files-tmb\/T23D2HSEA-F3M4H8QTS-de4afcaa22\/screen_shot_2017-01-05_at_12.30.38_pm_480.png?t=xoxe-71444604486-139137108116-139058809970-55720f8321",
            "thumb_480_w": 480,
            "thumb_480_h": 270,
            "thumb_160": "https:\/\/files.slack.com\/files-tmb\/T23D2HSEA-F3M4H8QTS-de4afcaa22\/screen_shot_2017-01-05_at_12.30.38_pm_160.png?t=xoxe-71444604486-139137108116-139058809970-55720f8321",
            "thumb_720": "https:\/\/files.slack.com\/files-tmb\/T23D2HSEA-F3M4H8QTS-de4afcaa22\/screen_shot_2017-01-05_at_12.30.38_pm_720.png?t=xoxe-71444604486-139137108116-139058809970-55720f8321",
            "thumb_720_w": 720,
            "thumb_720_h": 405,
            "thumb_960": "https:\/\/files.slack.com\/files-tmb\/T23D2HSEA-F3M4H8QTS-de4afcaa22\/screen_shot_2017-01-05_at_12.30.38_pm_960.png?t=xoxe-71444604486-139137108116-139058809970-55720f8321",
            "thumb_960_w": 960,
            "thumb_960_h": 540,
            "thumb_1024": "https:\/\/files.slack.com\/files-tmb\/T23D2HSEA-F3M4H8QTS-de4afcaa22\/screen_shot_2017-01-05_at_12.30.38_pm_1024.png?t=xoxe-71444604486-139137108116-139058809970-55720f8321",
            "thumb_1024_w": 1024,
            "thumb_1024_h": 576,
            "image_exif_rotation": 1,
            "original_w": 1366,
            "original_h": 768,
            "permalink": "https:\/\/ai-society.slack.com\/files\/jcbages\/F3M4H8QTS\/screen_shot_2017-01-05_at_12.30.38_pm.png",
            "permalink_public": "https:\/\/slack-files.com\/T23D2HSEA-F3M4H8QTS-dacd8ddbc4",
            "channels": [
                "C23D0APRS"
            ],
            "groups": [],
            "ims": [],
            "comments_count": 0
        },
        "user": "U23E6TXLN",
        "upload": true,
        "display_as_bot": false,
        "username": "<@U23E6TXLN|jcbages>",
        "bot_id": null,
        "ts": "1483639722.000107"
    },
    {
        "type": "message",
        "subtype": "file_share",
        "text": "<@U23E6TXLN|jcbages> uploaded a file: <https:\/\/ai-society.slack.com\/files\/jcbages\/F3NFV4H8E\/screen_shot_2017-01-05_at_12.30.40_pm.png|Screen Shot 2017-01-05 at 12.30.40 PM.png>",
        "file": {
            "id": "F3NFV4H8E",
            "created": 1483639723,
            "timestamp": 1483639723,
            "name": "Screen Shot 2017-01-05 at 12.30.40 PM.png",
            "title": "Screen Shot 2017-01-05 at 12.30.40 PM.png",
            "mimetype": "image\/png",
            "filetype": "png",
            "pretty_type": "PNG",
            "user": "U23E6TXLN",
            "editable": false,
            "size": 149784,
            "mode": "hosted",
            "is_external": false,
            "external_type": "",
            "is_public": true,
            "public_url_shared": false,
            "display_as_bot": false,
            "username": "",
            "url_private": "https:\/\/files.slack.com\/files-pri\/T23D2HSEA-F3NFV4H8E\/screen_shot_2017-01-05_at_12.30.40_pm.png?t=xoxe-71444604486-139137108116-139058809970-55720f8321",
            "url_private_download": "https:\/\/files.slack.com\/files-pri\/T23D2HSEA-F3NFV4H8E\/download\/screen_shot_2017-01-05_at_12.30.40_pm.png?t=xoxe-71444604486-139137108116-139058809970-55720f8321",
            "thumb_64": "https:\/\/files.slack.com\/files-tmb\/T23D2HSEA-F3NFV4H8E-a21f63ad12\/screen_shot_2017-01-05_at_12.30.40_pm_64.png?t=xoxe-71444604486-139137108116-139058809970-55720f8321",
            "thumb_80": "https:\/\/files.slack.com\/files-tmb\/T23D2HSEA-F3NFV4H8E-a21f63ad12\/screen_shot_2017-01-05_at_12.30.40_pm_80.png?t=xoxe-71444604486-139137108116-139058809970-55720f8321",
            "thumb_360": "https:\/\/files.slack.com\/files-tmb\/T23D2HSEA-F3NFV4H8E-a21f63ad12\/screen_shot_2017-01-05_at_12.30.40_pm_360.png?t=xoxe-71444604486-139137108116-139058809970-55720f8321",
            "thumb_360_w": 360,
            "thumb_360_h": 202,
            "thumb_480": "https:\/\/files.slack.com\/files-tmb\/T23D2HSEA-F3NFV4H8E-a21f63ad12\/screen_shot_2017-01-05_at_12.30.40_pm_480.png?t=xoxe-71444604486-139137108116-139058809970-55720f8321",
            "thumb_480_w": 480,
            "thumb_480_h": 270,
            "thumb_160": "https:\/\/files.slack.com\/files-tmb\/T23D2HSEA-F3NFV4H8E-a21f63ad12\/screen_shot_2017-01-05_at_12.30.40_pm_160.png?t=xoxe-71444604486-139137108116-139058809970-55720f8321",
            "thumb_720": "https:\/\/files.slack.com\/files-tmb\/T23D2HSEA-F3NFV4H8E-a21f63ad12\/screen_shot_2017-01-05_at_12.30.40_pm_720.png?t=xoxe-71444604486-139137108116-139058809970-55720f8321",
            "thumb_720_w": 720,
            "thumb_720_h": 405,
            "thumb_960": "https:\/\/files.slack.com\/files-tmb\/T23D2HSEA-F3NFV4H8E-a21f63ad12\/screen_shot_2017-01-05_at_12.30.40_pm_960.png?t=xoxe-71444604486-139137108116-139058809970-55720f8321",
            "thumb_960_w": 960,
            "thumb_960_h": 540,
            "thumb_1024": "https:\/\/files.slack.com\/files-tmb\/T23D2HSEA-F3NFV4H8E-a21f63ad12\/screen_shot_2017-01-05_at_12.30.40_pm_1024.png?t=xoxe-71444604486-139137108116-139058809970-55720f8321",
            "thumb_1024_w": 1024,
            "thumb_1024_h": 576,
            "image_exif_rotation": 1,
            "original_w": 1366,
            "original_h": 768,
            "permalink": "https:\/\/ai-society.slack.com\/files\/jcbages\/F3NFV4H8E\/screen_shot_2017-01-05_at_12.30.40_pm.png",
            "permalink_public": "https:\/\/slack-files.com\/T23D2HSEA-F3NFV4H8E-1486cc4eb5",
            "channels": [
                "C23D0APRS"
            ],
            "groups": [],
            "ims": [],
            "comments_count": 0
        },
        "user": "U23E6TXLN",
        "upload": true,
        "display_as_bot": false,
        "username": "<@U23E6TXLN|jcbages>",
        "bot_id": null,
        "ts": "1483639726.000108"
    },
    {
        "type": "message",
        "subtype": "file_share",
        "text": "<@U23E6TXLN|jcbages> uploaded a file: <https:\/\/ai-society.slack.com\/files\/jcbages\/F3MTVABC5\/screen_shot_2017-01-05_at_12.26.05_pm.png|Screen Shot 2017-01-05 at 12.26.05 PM.png>",
        "file": {
            "id": "F3MTVABC5",
            "created": 1483639735,
            "timestamp": 1483639735,
            "name": "Screen Shot 2017-01-05 at 12.26.05 PM.png",
            "title": "Screen Shot 2017-01-05 at 12.26.05 PM.png",
            "mimetype": "image\/png",
            "filetype": "png",
            "pretty_type": "PNG",
            "user": "U23E6TXLN",
            "editable": false,
            "size": 166131,
            "mode": "hosted",
            "is_external": false,
            "external_type": "",
            "is_public": true,
            "public_url_shared": false,
            "display_as_bot": false,
            "username": "",
            "url_private": "https:\/\/files.slack.com\/files-pri\/T23D2HSEA-F3MTVABC5\/screen_shot_2017-01-05_at_12.26.05_pm.png?t=xoxe-71444604486-139137108116-139058809970-55720f8321",
            "url_private_download": "https:\/\/files.slack.com\/files-pri\/T23D2HSEA-F3MTVABC5\/download\/screen_shot_2017-01-05_at_12.26.05_pm.png?t=xoxe-71444604486-139137108116-139058809970-55720f8321",
            "thumb_64": "https:\/\/files.slack.com\/files-tmb\/T23D2HSEA-F3MTVABC5-64e6859d23\/screen_shot_2017-01-05_at_12.26.05_pm_64.png?t=xoxe-71444604486-139137108116-139058809970-55720f8321",
            "thumb_80": "https:\/\/files.slack.com\/files-tmb\/T23D2HSEA-F3MTVABC5-64e6859d23\/screen_shot_2017-01-05_at_12.26.05_pm_80.png?t=xoxe-71444604486-139137108116-139058809970-55720f8321",
            "thumb_360": "https:\/\/files.slack.com\/files-tmb\/T23D2HSEA-F3MTVABC5-64e6859d23\/screen_shot_2017-01-05_at_12.26.05_pm_360.png?t=xoxe-71444604486-139137108116-139058809970-55720f8321",
            "thumb_360_w": 360,
            "thumb_360_h": 311,
            "thumb_480": "https:\/\/files.slack.com\/files-tmb\/T23D2HSEA-F3MTVABC5-64e6859d23\/screen_shot_2017-01-05_at_12.26.05_pm_480.png?t=xoxe-71444604486-139137108116-139058809970-55720f8321",
            "thumb_480_w": 480,
            "thumb_480_h": 415,
            "thumb_160": "https:\/\/files.slack.com\/files-tmb\/T23D2HSEA-F3MTVABC5-64e6859d23\/screen_shot_2017-01-05_at_12.26.05_pm_160.png?t=xoxe-71444604486-139137108116-139058809970-55720f8321",
            "thumb_720": "https:\/\/files.slack.com\/files-tmb\/T23D2HSEA-F3MTVABC5-64e6859d23\/screen_shot_2017-01-05_at_12.26.05_pm_720.png?t=xoxe-71444604486-139137108116-139058809970-55720f8321",
            "thumb_720_w": 720,
            "thumb_720_h": 622,
            "image_exif_rotation": 1,
            "original_w": 793,
            "original_h": 685,
            "permalink": "https:\/\/ai-society.slack.com\/files\/jcbages\/F3MTVABC5\/screen_shot_2017-01-05_at_12.26.05_pm.png",
            "permalink_public": "https:\/\/slack-files.com\/T23D2HSEA-F3MTVABC5-cf29d34993",
            "channels": [
                "C23D0APRS"
            ],
            "groups": [],
            "ims": [],
            "comments_count": 0
        },
        "user": "U23E6TXLN",
        "upload": true,
        "display_as_bot": false,
        "username": "<@U23E6TXLN|jcbages>",
        "bot_id": null,
        "ts": "1483639738.000109"
    },
    {
        "type": "message",
        "user": "U23E6TXLN",
        "text": "cada proyecto tiene un autograder.py entonces al parecer todos tienen autograder",
        "ts": "1483639746.000110"
    },
    {
        "type": "message",
        "user": "U23E6TXLN",
        "text": "el que tenga menos ML :slightly_smiling_face:",
        "ts": "1483639751.000111"
    },
    {
        "type": "message",
        "user": "U23DAGRHT",
        "text": "Ahhh perfecto",
        "ts": "1483639770.000112"
    },
    {
        "type": "message",
        "user": "U23E6TXLN",
        "text": "revisalo y me cuentas que tanto ml sientes que tiene respecto al otro",
        "ts": "1483639784.000113"
    },
    {
        "type": "message",
        "user": "U23DAGRHT",
        "text": "Yo preferir\u00eda hacer el que m\u00e1s tareas tenga",
        "ts": "1483639785.000114"
    },
    {
        "type": "message",
        "user": "U23DAGRHT",
        "text": "Independientemente del contenido de ML",
        "ts": "1483639866.000115"
    },
    {
        "type": "message",
        "user": "U23E6TXLN",
        "text": "jajaja pues random choice eee",
        "ts": "1483639990.000116"
    },
    {
        "type": "message",
        "user": "U23DAGRHT",
        "text": "Pero no dices que hay uno con 6 tareas?",
        "ts": "1483640009.000117"
    },
    {
        "type": "message",
        "user": "U23E6TXLN",
        "text": "2016 tiene 6 proyectos y 7 tareas",
        "ts": "1483640058.000118"
    },
    {
        "type": "message",
        "user": "U23E6TXLN",
        "text": "2014 tiene 5 proyectos y 10 tareas",
        "ts": "1483640064.000119"
    },
    {
        "type": "message",
        "user": "U23DAGRHT",
        "text": "<https:\/\/edge.edx.org\/courses\/course-v1:BerkeleyX+CS188-SU16+SU16\/about>",
        "ts": "1483640067.000120"
    },
    {
        "type": "message",
        "user": "U23DAGRHT",
        "text": "Este?",
        "ts": "1483640069.000121"
    },
    {
        "type": "message",
        "user": "U23E6TXLN",
        "text": "siiiii",
        "ts": "1483640075.000122"
    },
    {
        "type": "message",
        "user": "U23DZ7FHV",
        "text": "Yo creo que lo mejor es que tenga autoevaluador",
        "ts": "1483640080.000123"
    },
    {
        "type": "message",
        "user": "U23DZ7FHV",
        "text": "Entonces cualquiera de edx",
        "ts": "1483640088.000124"
    },
    {
        "type": "message",
        "user": "U23DAGRHT",
        "text": "Si, autoevaluador y m\u00e1s tareas",
        "ts": "1483640093.000125"
    },
    {
        "type": "message",
        "user": "U23DAGRHT",
        "text": "Pero <@U23E6TXLN> dice que cada tarea incluye un script de autoevaluaci\u00f3n",
        "ts": "1483640112.000126"
    },
    {
        "type": "message",
        "user": "U23DZ7FHV",
        "text": "En edx?",
        "ts": "1483640131.000127"
    },
    {
        "type": "message",
        "user": "U23DAGRHT",
        "text": "En ai.berkeley",
        "ts": "1483640143.000128"
    },
    {
        "type": "message",
        "user": "U23DZ7FHV",
        "text": "El auroevaludor es el de las tareas i los proyectos?",
        "ts": "1483640159.000129"
    },
    {
        "type": "message",
        "user": "U23DAGRHT",
        "text": "<https:\/\/edge.edx.org\/courses\/course-v1:BerkeleyX+CS188-SU16+SU16\/courseware\/c78976d210314651abb740912d8279bb\/5bf447e1a55f4699a6e313680f16e9df\/>",
        "ts": "1483640159.000130"
    },
    {
        "type": "message",
        "user": "U23DAGRHT",
        "text": "Este tiene concurso",
        "ts": "1483640163.000131"
    },
    {
        "type": "message",
        "user": "U23DZ7FHV",
        "text": "O*",
        "ts": "1483640163.000132"
    },
    {
        "type": "message",
        "user": "U23DAGRHT",
        "text": "proyectos",
        "ts": "1483640183.000133"
    },
    {
        "type": "message",
        "user": "U23DAGRHT",
        "text": "Las tareas en edx son selecci\u00f3n m\u00faltiple",
        "ts": "1483640213.000134"
    },
    {
        "type": "message",
        "user": "U23DAGRHT",
        "text": "En ese caso voto por <https:\/\/edge.edx.org\/courses\/course-v1:BerkeleyX+CS188-SU16+SU16\/courseware\/c78976d210314651abb740912d8279bb\/5bf447e1a55f4699a6e313680f16e9df\/>",
        "ts": "1483640218.000135"
    },
    {
        "type": "message",
        "user": "U23E6TXLN",
        "text": "miren tambien esta este jaja <https:\/\/edge.edx.org\/courses\/course-v1:BerkeleyX+CS188x-SP16+SP16\/courseware\/c78976d210314651abb740912d8279bb\/7e5edee3d43242009719ce812c02c64c\/>",
        "ts": "1483640838.000136"
    },
    {
        "type": "message",
        "user": "U23E6TXLN",
        "text": "es el que dieron en spring osea no el tipo intersemestral sino que si esta en 14 semanas",
        "ts": "1483640869.000137"
    },
    {
        "type": "message",
        "user": "U23E6TXLN",
        "text": "tiene deep learning al final",
        "ts": "1483640876.000138"
    },
    {
        "type": "message",
        "user": "U23E6TXLN",
        "text": "6 proyectos 10 tareas",
        "ts": "1483640880.000139"
    },
    {
        "type": "message",
        "subtype": "file_share",
        "text": "<@U23E6TXLN|jcbages> uploaded a file: <https:\/\/ai-society.slack.com\/files\/jcbages\/F3MTXH8UU\/screen_shot_2017-01-05_at_1.31.45_pm.png|Screen Shot 2017-01-05 at 1.31.45 PM.png>",
        "file": {
            "id": "F3MTXH8UU",
            "created": 1483641144,
            "timestamp": 1483641144,
            "name": "Screen Shot 2017-01-05 at 1.31.45 PM.png",
            "title": "Screen Shot 2017-01-05 at 1.31.45 PM.png",
            "mimetype": "image\/png",
            "filetype": "png",
            "pretty_type": "PNG",
            "user": "U23E6TXLN",
            "editable": false,
            "size": 217658,
            "mode": "hosted",
            "is_external": false,
            "external_type": "",
            "is_public": true,
            "public_url_shared": false,
            "display_as_bot": false,
            "username": "",
            "url_private": "https:\/\/files.slack.com\/files-pri\/T23D2HSEA-F3MTXH8UU\/screen_shot_2017-01-05_at_1.31.45_pm.png?t=xoxe-71444604486-139137108116-139058809970-55720f8321",
            "url_private_download": "https:\/\/files.slack.com\/files-pri\/T23D2HSEA-F3MTXH8UU\/download\/screen_shot_2017-01-05_at_1.31.45_pm.png?t=xoxe-71444604486-139137108116-139058809970-55720f8321",
            "thumb_64": "https:\/\/files.slack.com\/files-tmb\/T23D2HSEA-F3MTXH8UU-a1475a7d54\/screen_shot_2017-01-05_at_1.31.45_pm_64.png?t=xoxe-71444604486-139137108116-139058809970-55720f8321",
            "thumb_80": "https:\/\/files.slack.com\/files-tmb\/T23D2HSEA-F3MTXH8UU-a1475a7d54\/screen_shot_2017-01-05_at_1.31.45_pm_80.png?t=xoxe-71444604486-139137108116-139058809970-55720f8321",
            "thumb_360": "https:\/\/files.slack.com\/files-tmb\/T23D2HSEA-F3MTXH8UU-a1475a7d54\/screen_shot_2017-01-05_at_1.31.45_pm_360.png?t=xoxe-71444604486-139137108116-139058809970-55720f8321",
            "thumb_360_w": 360,
            "thumb_360_h": 202,
            "thumb_480": "https:\/\/files.slack.com\/files-tmb\/T23D2HSEA-F3MTXH8UU-a1475a7d54\/screen_shot_2017-01-05_at_1.31.45_pm_480.png?t=xoxe-71444604486-139137108116-139058809970-55720f8321",
            "thumb_480_w": 480,
            "thumb_480_h": 270,
            "thumb_160": "https:\/\/files.slack.com\/files-tmb\/T23D2HSEA-F3MTXH8UU-a1475a7d54\/screen_shot_2017-01-05_at_1.31.45_pm_160.png?t=xoxe-71444604486-139137108116-139058809970-55720f8321",
            "thumb_720": "https:\/\/files.slack.com\/files-tmb\/T23D2HSEA-F3MTXH8UU-a1475a7d54\/screen_shot_2017-01-05_at_1.31.45_pm_720.png?t=xoxe-71444604486-139137108116-139058809970-55720f8321",
            "thumb_720_w": 720,
            "thumb_720_h": 405,
            "thumb_960": "https:\/\/files.slack.com\/files-tmb\/T23D2HSEA-F3MTXH8UU-a1475a7d54\/screen_shot_2017-01-05_at_1.31.45_pm_960.png?t=xoxe-71444604486-139137108116-139058809970-55720f8321",
            "thumb_960_w": 960,
            "thumb_960_h": 540,
            "thumb_1024": "https:\/\/files.slack.com\/files-tmb\/T23D2HSEA-F3MTXH8UU-a1475a7d54\/screen_shot_2017-01-05_at_1.31.45_pm_1024.png?t=xoxe-71444604486-139137108116-139058809970-55720f8321",
            "thumb_1024_w": 1024,
            "thumb_1024_h": 576,
            "image_exif_rotation": 1,
            "original_w": 1366,
            "original_h": 768,
            "permalink": "https:\/\/ai-society.slack.com\/files\/jcbages\/F3MTXH8UU\/screen_shot_2017-01-05_at_1.31.45_pm.png",
            "permalink_public": "https:\/\/slack-files.com\/T23D2HSEA-F3MTXH8UU-99d1b7303b",
            "channels": [
                "C23D0APRS"
            ],
            "groups": [],
            "ims": [],
            "comments_count": 0
        },
        "user": "U23E6TXLN",
        "upload": true,
        "display_as_bot": false,
        "username": "<@U23E6TXLN|jcbages>",
        "bot_id": null,
        "ts": "1483641150.000140"
    },
    {
        "type": "message",
        "subtype": "file_share",
        "text": "<@U23E6TXLN|jcbages> uploaded a file: <https:\/\/ai-society.slack.com\/files\/jcbages\/F3NGK6WEB\/screen_shot_2017-01-05_at_1.31.48_pm.png|Screen Shot 2017-01-05 at 1.31.48 PM.png>",
        "file": {
            "id": "F3NGK6WEB",
            "created": 1483641153,
            "timestamp": 1483641153,
            "name": "Screen Shot 2017-01-05 at 1.31.48 PM.png",
            "title": "Screen Shot 2017-01-05 at 1.31.48 PM.png",
            "mimetype": "image\/png",
            "filetype": "png",
            "pretty_type": "PNG",
            "user": "U23E6TXLN",
            "editable": false,
            "size": 192243,
            "mode": "hosted",
            "is_external": false,
            "external_type": "",
            "is_public": true,
            "public_url_shared": false,
            "display_as_bot": false,
            "username": "",
            "url_private": "https:\/\/files.slack.com\/files-pri\/T23D2HSEA-F3NGK6WEB\/screen_shot_2017-01-05_at_1.31.48_pm.png?t=xoxe-71444604486-139137108116-139058809970-55720f8321",
            "url_private_download": "https:\/\/files.slack.com\/files-pri\/T23D2HSEA-F3NGK6WEB\/download\/screen_shot_2017-01-05_at_1.31.48_pm.png?t=xoxe-71444604486-139137108116-139058809970-55720f8321",
            "thumb_64": "https:\/\/files.slack.com\/files-tmb\/T23D2HSEA-F3NGK6WEB-0cc425e19c\/screen_shot_2017-01-05_at_1.31.48_pm_64.png?t=xoxe-71444604486-139137108116-139058809970-55720f8321",
            "thumb_80": "https:\/\/files.slack.com\/files-tmb\/T23D2HSEA-F3NGK6WEB-0cc425e19c\/screen_shot_2017-01-05_at_1.31.48_pm_80.png?t=xoxe-71444604486-139137108116-139058809970-55720f8321",
            "thumb_360": "https:\/\/files.slack.com\/files-tmb\/T23D2HSEA-F3NGK6WEB-0cc425e19c\/screen_shot_2017-01-05_at_1.31.48_pm_360.png?t=xoxe-71444604486-139137108116-139058809970-55720f8321",
            "thumb_360_w": 360,
            "thumb_360_h": 202,
            "thumb_480": "https:\/\/files.slack.com\/files-tmb\/T23D2HSEA-F3NGK6WEB-0cc425e19c\/screen_shot_2017-01-05_at_1.31.48_pm_480.png?t=xoxe-71444604486-139137108116-139058809970-55720f8321",
            "thumb_480_w": 480,
            "thumb_480_h": 270,
            "thumb_160": "https:\/\/files.slack.com\/files-tmb\/T23D2HSEA-F3NGK6WEB-0cc425e19c\/screen_shot_2017-01-05_at_1.31.48_pm_160.png?t=xoxe-71444604486-139137108116-139058809970-55720f8321",
            "thumb_720": "https:\/\/files.slack.com\/files-tmb\/T23D2HSEA-F3NGK6WEB-0cc425e19c\/screen_shot_2017-01-05_at_1.31.48_pm_720.png?t=xoxe-71444604486-139137108116-139058809970-55720f8321",
            "thumb_720_w": 720,
            "thumb_720_h": 405,
            "thumb_960": "https:\/\/files.slack.com\/files-tmb\/T23D2HSEA-F3NGK6WEB-0cc425e19c\/screen_shot_2017-01-05_at_1.31.48_pm_960.png?t=xoxe-71444604486-139137108116-139058809970-55720f8321",
            "thumb_960_w": 960,
            "thumb_960_h": 540,
            "thumb_1024": "https:\/\/files.slack.com\/files-tmb\/T23D2HSEA-F3NGK6WEB-0cc425e19c\/screen_shot_2017-01-05_at_1.31.48_pm_1024.png?t=xoxe-71444604486-139137108116-139058809970-55720f8321",
            "thumb_1024_w": 1024,
            "thumb_1024_h": 576,
            "image_exif_rotation": 1,
            "original_w": 1366,
            "original_h": 768,
            "permalink": "https:\/\/ai-society.slack.com\/files\/jcbages\/F3NGK6WEB\/screen_shot_2017-01-05_at_1.31.48_pm.png",
            "permalink_public": "https:\/\/slack-files.com\/T23D2HSEA-F3NGK6WEB-6c203317bd",
            "channels": [
                "C23D0APRS"
            ],
            "groups": [],
            "ims": [],
            "comments_count": 0
        },
        "user": "U23E6TXLN",
        "upload": true,
        "display_as_bot": false,
        "username": "<@U23E6TXLN|jcbages>",
        "bot_id": null,
        "ts": "1483641159.000141"
    },
    {
        "type": "message",
        "user": "U23E6TXLN",
        "text": "las tareas un poquito mas cortas pero son 10 en vez de 7",
        "ts": "1483641161.000142"
    },
    {
        "type": "message",
        "subtype": "file_share",
        "text": "<@U23E6TXLN|jcbages> uploaded a file: <https:\/\/ai-society.slack.com\/files\/jcbages\/F3NG82NG6\/screen_shot_2017-01-05_at_1.31.51_pm.png|Screen Shot 2017-01-05 at 1.31.51 PM.png>",
        "file": {
            "id": "F3NG82NG6",
            "created": 1483641163,
            "timestamp": 1483641163,
            "name": "Screen Shot 2017-01-05 at 1.31.51 PM.png",
            "title": "Screen Shot 2017-01-05 at 1.31.51 PM.png",
            "mimetype": "image\/png",
            "filetype": "png",
            "pretty_type": "PNG",
            "user": "U23E6TXLN",
            "editable": false,
            "size": 179502,
            "mode": "hosted",
            "is_external": false,
            "external_type": "",
            "is_public": true,
            "public_url_shared": false,
            "display_as_bot": false,
            "username": "",
            "url_private": "https:\/\/files.slack.com\/files-pri\/T23D2HSEA-F3NG82NG6\/screen_shot_2017-01-05_at_1.31.51_pm.png?t=xoxe-71444604486-139137108116-139058809970-55720f8321",
            "url_private_download": "https:\/\/files.slack.com\/files-pri\/T23D2HSEA-F3NG82NG6\/download\/screen_shot_2017-01-05_at_1.31.51_pm.png?t=xoxe-71444604486-139137108116-139058809970-55720f8321",
            "thumb_64": "https:\/\/files.slack.com\/files-tmb\/T23D2HSEA-F3NG82NG6-4896fda6e5\/screen_shot_2017-01-05_at_1.31.51_pm_64.png?t=xoxe-71444604486-139137108116-139058809970-55720f8321",
            "thumb_80": "https:\/\/files.slack.com\/files-tmb\/T23D2HSEA-F3NG82NG6-4896fda6e5\/screen_shot_2017-01-05_at_1.31.51_pm_80.png?t=xoxe-71444604486-139137108116-139058809970-55720f8321",
            "thumb_360": "https:\/\/files.slack.com\/files-tmb\/T23D2HSEA-F3NG82NG6-4896fda6e5\/screen_shot_2017-01-05_at_1.31.51_pm_360.png?t=xoxe-71444604486-139137108116-139058809970-55720f8321",
            "thumb_360_w": 360,
            "thumb_360_h": 202,
            "thumb_480": "https:\/\/files.slack.com\/files-tmb\/T23D2HSEA-F3NG82NG6-4896fda6e5\/screen_shot_2017-01-05_at_1.31.51_pm_480.png?t=xoxe-71444604486-139137108116-139058809970-55720f8321",
            "thumb_480_w": 480,
            "thumb_480_h": 270,
            "thumb_160": "https:\/\/files.slack.com\/files-tmb\/T23D2HSEA-F3NG82NG6-4896fda6e5\/screen_shot_2017-01-05_at_1.31.51_pm_160.png?t=xoxe-71444604486-139137108116-139058809970-55720f8321",
            "thumb_720": "https:\/\/files.slack.com\/files-tmb\/T23D2HSEA-F3NG82NG6-4896fda6e5\/screen_shot_2017-01-05_at_1.31.51_pm_720.png?t=xoxe-71444604486-139137108116-139058809970-55720f8321",
            "thumb_720_w": 720,
            "thumb_720_h": 405,
            "thumb_960": "https:\/\/files.slack.com\/files-tmb\/T23D2HSEA-F3NG82NG6-4896fda6e5\/screen_shot_2017-01-05_at_1.31.51_pm_960.png?t=xoxe-71444604486-139137108116-139058809970-55720f8321",
            "thumb_960_w": 960,
            "thumb_960_h": 540,
            "thumb_1024": "https:\/\/files.slack.com\/files-tmb\/T23D2HSEA-F3NG82NG6-4896fda6e5\/screen_shot_2017-01-05_at_1.31.51_pm_1024.png?t=xoxe-71444604486-139137108116-139058809970-55720f8321",
            "thumb_1024_w": 1024,
            "thumb_1024_h": 576,
            "image_exif_rotation": 1,
            "original_w": 1366,
            "original_h": 768,
            "permalink": "https:\/\/ai-society.slack.com\/files\/jcbages\/F3NG82NG6\/screen_shot_2017-01-05_at_1.31.51_pm.png",
            "permalink_public": "https:\/\/slack-files.com\/T23D2HSEA-F3NG82NG6-5c91ad9829",
            "channels": [
                "C23D0APRS"
            ],
            "groups": [],
            "ims": [],
            "comments_count": 0
        },
        "user": "U23E6TXLN",
        "upload": true,
        "display_as_bot": false,
        "username": "<@U23E6TXLN|jcbages>",
        "bot_id": null,
        "ts": "1483641168.000143"
    },
    {
        "type": "message",
        "user": "U23E6TXLN",
        "text": "es de semestre completo y no tipo intersemestral",
        "ts": "1483641170.000144"
    },
    {
        "type": "message",
        "subtype": "file_share",
        "text": "<@U23E6TXLN|jcbages> uploaded a file: <https:\/\/ai-society.slack.com\/files\/jcbages\/F3MPNLYN7\/screen_shot_2017-01-05_at_1.31.55_pm.png|Screen Shot 2017-01-05 at 1.31.55 PM.png>",
        "file": {
            "id": "F3MPNLYN7",
            "created": 1483641171,
            "timestamp": 1483641171,
            "name": "Screen Shot 2017-01-05 at 1.31.55 PM.png",
            "title": "Screen Shot 2017-01-05 at 1.31.55 PM.png",
            "mimetype": "image\/png",
            "filetype": "png",
            "pretty_type": "PNG",
            "user": "U23E6TXLN",
            "editable": false,
            "size": 160390,
            "mode": "hosted",
            "is_external": false,
            "external_type": "",
            "is_public": true,
            "public_url_shared": false,
            "display_as_bot": false,
            "username": "",
            "url_private": "https:\/\/files.slack.com\/files-pri\/T23D2HSEA-F3MPNLYN7\/screen_shot_2017-01-05_at_1.31.55_pm.png?t=xoxe-71444604486-139137108116-139058809970-55720f8321",
            "url_private_download": "https:\/\/files.slack.com\/files-pri\/T23D2HSEA-F3MPNLYN7\/download\/screen_shot_2017-01-05_at_1.31.55_pm.png?t=xoxe-71444604486-139137108116-139058809970-55720f8321",
            "thumb_64": "https:\/\/files.slack.com\/files-tmb\/T23D2HSEA-F3MPNLYN7-25639a96c9\/screen_shot_2017-01-05_at_1.31.55_pm_64.png?t=xoxe-71444604486-139137108116-139058809970-55720f8321",
            "thumb_80": "https:\/\/files.slack.com\/files-tmb\/T23D2HSEA-F3MPNLYN7-25639a96c9\/screen_shot_2017-01-05_at_1.31.55_pm_80.png?t=xoxe-71444604486-139137108116-139058809970-55720f8321",
            "thumb_360": "https:\/\/files.slack.com\/files-tmb\/T23D2HSEA-F3MPNLYN7-25639a96c9\/screen_shot_2017-01-05_at_1.31.55_pm_360.png?t=xoxe-71444604486-139137108116-139058809970-55720f8321",
            "thumb_360_w": 360,
            "thumb_360_h": 202,
            "thumb_480": "https:\/\/files.slack.com\/files-tmb\/T23D2HSEA-F3MPNLYN7-25639a96c9\/screen_shot_2017-01-05_at_1.31.55_pm_480.png?t=xoxe-71444604486-139137108116-139058809970-55720f8321",
            "thumb_480_w": 480,
            "thumb_480_h": 270,
            "thumb_160": "https:\/\/files.slack.com\/files-tmb\/T23D2HSEA-F3MPNLYN7-25639a96c9\/screen_shot_2017-01-05_at_1.31.55_pm_160.png?t=xoxe-71444604486-139137108116-139058809970-55720f8321",
            "thumb_720": "https:\/\/files.slack.com\/files-tmb\/T23D2HSEA-F3MPNLYN7-25639a96c9\/screen_shot_2017-01-05_at_1.31.55_pm_720.png?t=xoxe-71444604486-139137108116-139058809970-55720f8321",
            "thumb_720_w": 720,
            "thumb_720_h": 405,
            "thumb_960": "https:\/\/files.slack.com\/files-tmb\/T23D2HSEA-F3MPNLYN7-25639a96c9\/screen_shot_2017-01-05_at_1.31.55_pm_960.png?t=xoxe-71444604486-139137108116-139058809970-55720f8321",
            "thumb_960_w": 960,
            "thumb_960_h": 540,
            "thumb_1024": "https:\/\/files.slack.com\/files-tmb\/T23D2HSEA-F3MPNLYN7-25639a96c9\/screen_shot_2017-01-05_at_1.31.55_pm_1024.png?t=xoxe-71444604486-139137108116-139058809970-55720f8321",
            "thumb_1024_w": 1024,
            "thumb_1024_h": 576,
            "image_exif_rotation": 1,
            "original_w": 1366,
            "original_h": 768,
            "permalink": "https:\/\/ai-society.slack.com\/files\/jcbages\/F3MPNLYN7\/screen_shot_2017-01-05_at_1.31.55_pm.png",
            "permalink_public": "https:\/\/slack-files.com\/T23D2HSEA-F3MPNLYN7-6d030237a1",
            "channels": [
                "C23D0APRS"
            ],
            "groups": [],
            "ims": [],
            "comments_count": 0
        },
        "user": "U23E6TXLN",
        "upload": true,
        "display_as_bot": false,
        "username": "<@U23E6TXLN|jcbages>",
        "bot_id": null,
        "ts": "1483641174.000145"
    },
    {
        "type": "message",
        "user": "U23E6TXLN",
        "text": "y tiene temas a mi parecer cheveres pues buena parte de AI normal y tiene deep learning al final un poquito y asi",
        "ts": "1483641188.000146"
    },
    {
        "type": "message",
        "user": "U23E6TXLN",
        "text": "yo vovo 100% por ese :slightly_smiling_face:",
        "ts": "1483641192.000147"
    },
    {
        "type": "message",
        "user": "U23E6TXLN",
        "text": "voto*",
        "ts": "1483641549.000148"
    },
    {
        "type": "message",
        "user": "U23E6TXLN",
        "text": "tambien un lecture de nlp y asi",
        "ts": "1483641794.000149"
    },
    {
        "type": "message",
        "user": "U23DZ7FHV",
        "text": "Hola",
        "ts": "1483659587.000150"
    },
    {
        "type": "message",
        "user": "U23DZ7FHV",
        "text": "Propongo que cada uno haga el que quiera y ya",
        "ts": "1483659593.000151"
    },
    {
        "type": "message",
        "user": "U23DZ7FHV",
        "text": "haha",
        "ts": "1483659596.000152"
    }
]