[
    {
        "type": "message",
        "user": "U273A3E21",
        "text": "<@U23DZ7FHV> la \u2018organizaci\u00f3n\u2019 en Medium?",
        "ts": "1486407693.000002"
    },
    {
        "type": "message",
        "user": "U273A3E21",
        "text": "<@U23DAGRHT> aqu\u00ed mis correciones <https:\/\/docs.google.com\/document\/d\/1L6J6ndARiieZCG3A8sgts87DAjRwlqIBlrdng2ds1Rc\/edit?usp=sharing>",
        "ts": "1486414147.000003"
    },
    {
        "type": "message",
        "subtype": "file_share",
        "text": "<@U273A3E21|estebanvargas> shared a file: <https:\/\/ai-society.slack.com\/files\/estebanvargas\/F41KHMVLK\/recommender_systems|Recommender Systems>",
        "file": {
            "id": "F41KHMVLK",
            "created": 1486414173,
            "timestamp": 1486414173,
            "name": "Recommender Systems",
            "title": "Recommender Systems",
            "mimetype": "application\/vnd.google-apps.document",
            "filetype": "gdoc",
            "pretty_type": "GDocs Document",
            "user": "U273A3E21",
            "editable": false,
            "size": 12751,
            "mode": "external",
            "is_external": true,
            "external_type": "gdrive",
            "is_public": true,
            "public_url_shared": false,
            "display_as_bot": false,
            "username": "",
            "url_private": "https:\/\/docs.google.com\/document\/d\/1L6J6ndARiieZCG3A8sgts87DAjRwlqIBlrdng2ds1Rc\/edit?usp=sharing",
            "thumb_64": "https:\/\/a.slack-edge.com\/66f9\/img\/files\/gdraw_64.png",
            "thumb_360": "https:\/\/a.slack-edge.com\/272a\/img\/files\/gdoc_360.png",
            "thumb_360_w": 360,
            "thumb_360_h": 167,
            "permalink": "https:\/\/ai-society.slack.com\/files\/estebanvargas\/F41KHMVLK\/recommender_systems",
            "channels": [
                "C23D0APRS"
            ],
            "groups": [],
            "ims": [],
            "comments_count": 0
        },
        "user": "U273A3E21",
        "upload": false,
        "display_as_bot": false,
        "username": "<@U273A3E21|estebanvargas>",
        "bot_id": null,
        "ts": "1486414173.000005"
    },
    {
        "type": "message",
        "user": "U23DAGRHT",
        "text": "Gracias!",
        "ts": "1486421925.000006"
    },
    {
        "type": "message",
        "user": "U23DAGRHT",
        "text": "<https:\/\/halite.io\/about.php>",
        "ts": "1486422151.000007"
    },
    {
        "type": "message",
        "user": "U23DAGRHT",
        "text": "<https:\/\/www.battlecode.org\/>",
        "ts": "1486422179.000008"
    },
    {
        "type": "message",
        "user": "U23DAGRHT",
        "text": "Miren el \u00faltmo link est\u00e1 ch\u00e9vere",
        "ts": "1486422193.000009"
    },
    {
        "type": "message",
        "user": "U23DZ7FHV",
        "text": "Hola",
        "ts": "1486423523.000010"
    },
    {
        "type": "message",
        "user": "U23DZ7FHV",
        "text": "Necesito sus perfiles de Medium para agregarlos",
        "ts": "1486423532.000011"
    },
    {
        "type": "message",
        "user": "U23DZ7FHV",
        "text": "<https:\/\/medium.com\/ai-society>",
        "attachments": [
            {
                "service_name": "Medium",
                "title": "AI Society \u2013 Medium",
                "title_link": "https:\/\/medium.com\/ai-society",
                "text": "Artificial Intelligence Hacking Group.",
                "fallback": "Medium: AI Society \u2013 Medium",
                "image_url": "https:\/\/cdn-images-1.medium.com\/max\/1200\/1*ZXfmw1_aKSgw5MFgNR1OrA.png",
                "from_url": "https:\/\/medium.com\/ai-society",
                "image_width": 266,
                "image_height": 250,
                "image_bytes": 51723,
                "service_icon": "https:\/\/cdn-images-1.medium.com\/fit\/c\/152\/152\/1*ZXfmw1_aKSgw5MFgNR1OrA.png",
                "id": 1
            }
        ],
        "ts": "1486424350.000012"
    },
    {
        "type": "message",
        "user": "U273A3E21",
        "text": "<https:\/\/medium.com\/@baristaGeek>",
        "attachments": [
            {
                "title": "Esteban Vargas \u2013 Medium",
                "title_link": "https:\/\/medium.com\/@baristaGeek",
                "text": "Read writing from Esteban Vargas on Medium. Student, Programmer &amp; Entrepreneur \u2014 <https:\/\/tebanvargas.com\/>. Every day, Esteban Vargas and thousands of other voices read, write, and share important stories on Medium.",
                "fallback": "Esteban Vargas \u2013 Medium",
                "thumb_url": "https:\/\/cdn-images-1.medium.com\/max\/1200\/0*v8EgEJ3vJJNXjECv.jpg",
                "from_url": "https:\/\/medium.com\/@baristaGeek",
                "thumb_width": 200,
                "thumb_height": 200,
                "service_icon": "https:\/\/cdn-images-1.medium.com\/fit\/c\/152\/152\/1*W0nmth_X8nFKjn6BZ388UQ.png",
                "service_name": "medium.com",
                "id": 1
            }
        ],
        "ts": "1486424662.000014"
    }
]