[
    {
        "type": "message",
        "user": "U23DAGRHT",
        "text": "Hola!",
        "ts": "1485085021.000004"
    },
    {
        "type": "message",
        "user": "U23DAGRHT",
        "text": "Perfecto, casa est\u00e1 genial",
        "ts": "1485085026.000005"
    },
    {
        "type": "message",
        "user": "U23DAGRHT",
        "text": "Cu\u00e1ndo?",
        "ts": "1485085030.000006"
    },
    {
        "type": "message",
        "user": "U3HHPGYFP",
        "text": "Por m\u00ed tambi\u00e9n, qu\u00e9 d\u00eda ser\u00eda?",
        "ts": "1485089463.000007"
    },
    {
        "type": "message",
        "user": "U23DZ7FHV",
        "text": "Les queda mejor entre semana o el fds?",
        "ts": "1485133841.000002"
    },
    {
        "type": "message",
        "user": "U23DAGRHT",
        "text": "Entre semana est\u00e1 bien para mi!",
        "ts": "1485148383.000003"
    }
]