[
    {
        "user": "U23DAGRHT",
        "text": "<@U23DAGRHT|scvalencia> has joined the channel",
        "type": "message",
        "subtype": "channel_join",
        "ts": "1483414971.000002"
    },
    {
        "user": "U23D2HSJ2",
        "inviter": "U23DAGRHT",
        "text": "<@U23D2HSJ2|andfoy> has joined the channel",
        "type": "message",
        "subtype": "channel_join",
        "ts": "1483414972.000003"
    },
    {
        "user": "U23D3AF8E",
        "inviter": "U23DAGRHT",
        "text": "<@U23D3AF8E|cgarciah> has joined the channel",
        "type": "message",
        "subtype": "channel_join",
        "ts": "1483414972.000004"
    },
    {
        "user": "U23DZ7FHV",
        "inviter": "U23DAGRHT",
        "text": "<@U23DZ7FHV|diegoalejogm> has joined the channel",
        "type": "message",
        "subtype": "channel_join",
        "ts": "1483414972.000005"
    },
    {
        "user": "U248PK4UB",
        "inviter": "U23DAGRHT",
        "text": "<@U248PK4UB|diegomontoyas> has joined the channel",
        "type": "message",
        "subtype": "channel_join",
        "ts": "1483414972.000006"
    },
    {
        "user": "U273A3E21",
        "inviter": "U23DAGRHT",
        "text": "<@U273A3E21|estebanvargas> has joined the channel",
        "type": "message",
        "subtype": "channel_join",
        "ts": "1483414972.000007"
    },
    {
        "user": "U23E6TXLN",
        "inviter": "U23DAGRHT",
        "text": "<@U23E6TXLN|jcbages> has joined the channel",
        "type": "message",
        "subtype": "channel_join",
        "ts": "1483414972.000008"
    },
    {
        "user": "U3HHPGYFP",
        "inviter": "U23DAGRHT",
        "text": "<@U3HHPGYFP|meili> has joined the channel",
        "type": "message",
        "subtype": "channel_join",
        "ts": "1483414972.000009"
    },
    {
        "type": "message",
        "user": "U23DAGRHT",
        "text": "<https:\/\/github.com\/deepmind\/learning-to-learn>",
        "attachments": [
            {
                "service_name": "GitHub",
                "title": "deepmind\/learning-to-learn",
                "title_link": "https:\/\/github.com\/deepmind\/learning-to-learn",
                "text": "learning-to-learn - Learning to Learn in TensorFlow",
                "fallback": "GitHub: deepmind\/learning-to-learn",
                "thumb_url": "https:\/\/avatars3.githubusercontent.com\/u\/8596759?v=3&s=400",
                "from_url": "https:\/\/github.com\/deepmind\/learning-to-learn",
                "thumb_width": 400,
                "thumb_height": 400,
                "service_icon": "https:\/\/github.com\/apple-touch-icon.png",
                "id": 1
            }
        ],
        "ts": "1483414982.000010"
    }
]