[
    {
        "type": "message",
        "user": "U23DAGRHT",
        "text": "<https:\/\/github.com\/songrotek\/Deep-Learning-Papers-Reading-Roadmap>",
        "attachments": [
            {
                "service_name": "GitHub",
                "title": "songrotek\/Deep-Learning-Papers-Reading-Roadmap",
                "title_link": "https:\/\/github.com\/songrotek\/Deep-Learning-Papers-Reading-Roadmap",
                "text": "Deep-Learning-Papers-Reading-Roadmap - Deep Learning papers reading roadmap for anyone who are eager to learn this amazing tech!",
                "fallback": "GitHub: songrotek\/Deep-Learning-Papers-Reading-Roadmap",
                "thumb_url": "https:\/\/avatars2.githubusercontent.com\/u\/3880963?v=3&s=400",
                "from_url": "https:\/\/github.com\/songrotek\/Deep-Learning-Papers-Reading-Roadmap",
                "thumb_width": 400,
                "thumb_height": 400,
                "service_icon": "https:\/\/github.com\/apple-touch-icon.png",
                "id": 1
            }
        ],
        "ts": "1486428445.000002",
        "reactions": [
            {
                "name": "heart",
                "users": [
                    "U23DZ7FHV"
                ],
                "count": 1
            }
        ]
    },
    {
        "type": "message",
        "user": "U23DAGRHT",
        "text": "<https:\/\/github.com\/deeplearning4j\/deeplearning4j>",
        "attachments": [
            {
                "service_name": "GitHub",
                "title": "deeplearning4j\/deeplearning4j",
                "title_link": "https:\/\/github.com\/deeplearning4j\/deeplearning4j",
                "text": "deeplearning4j - Deep Learning for Java, Scala &amp; Clojure on Hadoop &amp; Spark With GPUs - From Skymind",
                "fallback": "GitHub: deeplearning4j\/deeplearning4j",
                "thumb_url": "https:\/\/avatars0.githubusercontent.com\/u\/10988606?v=3&s=400",
                "from_url": "https:\/\/github.com\/deeplearning4j\/deeplearning4j",
                "thumb_width": 192,
                "thumb_height": 192,
                "service_icon": "https:\/\/github.com\/apple-touch-icon.png",
                "id": 1
            }
        ],
        "ts": "1486428636.000004"
    },
    {
        "type": "message",
        "user": "U23DAGRHT",
        "text": "<https:\/\/github.com\/albahnsen\/PracticalMachineLearningClass>",
        "attachments": [
            {
                "service_name": "GitHub",
                "title": "albahnsen\/PracticalMachineLearningClass",
                "title_link": "https:\/\/github.com\/albahnsen\/PracticalMachineLearningClass",
                "text": "Contribute to PracticalMachineLearningClass development by creating an account on GitHub.",
                "fallback": "GitHub: albahnsen\/PracticalMachineLearningClass",
                "thumb_url": "https:\/\/avatars1.githubusercontent.com\/u\/3617224?v=3&s=400",
                "from_url": "https:\/\/github.com\/albahnsen\/PracticalMachineLearningClass",
                "thumb_width": 400,
                "thumb_height": 400,
                "service_icon": "https:\/\/github.com\/apple-touch-icon.png",
                "id": 1
            }
        ],
        "ts": "1486428655.000006"
    },
    {
        "type": "message",
        "user": "U23DAGRHT",
        "text": "<https:\/\/github.com\/albahnsen\/PracticalMachineLearningClass>",
        "ts": "1486428660.000008"
    },
    {
        "type": "message",
        "user": "U23DAGRHT",
        "text": "<https:\/\/github.com\/justmarkham\/DAT8#class-1-introduction-to-data-science>",
        "attachments": [
            {
                "service_name": "GitHub",
                "title": "justmarkham\/DAT8",
                "title_link": "https:\/\/github.com\/justmarkham\/DAT8#class-1-introduction-to-data-science",
                "text": "DAT8 - General Assembly's Data Science course in Washington, DC",
                "fallback": "GitHub: justmarkham\/DAT8",
                "thumb_url": "https:\/\/avatars3.githubusercontent.com\/u\/6509492?v=3&s=400",
                "from_url": "https:\/\/github.com\/justmarkham\/DAT8#class-1-introduction-to-data-science",
                "thumb_width": 400,
                "thumb_height": 400,
                "service_icon": "https:\/\/github.com\/apple-touch-icon.png",
                "id": 1
            }
        ],
        "ts": "1486428682.000009"
    },
    {
        "type": "message",
        "user": "U23DAGRHT",
        "text": "<https:\/\/github.com\/oxford-cs-ml-2015>",
        "attachments": [
            {
                "service_name": "GitHub",
                "title": "Oxford Computer Science - Machine Learning 2015",
                "title_link": "https:\/\/github.com\/oxford-cs-ml-2015",
                "text": "GitHub is where people build software. More than 19 million people use GitHub to discover, fork, and contribute to over 52 million projects.",
                "fallback": "GitHub: Oxford Computer Science - Machine Learning 2015",
                "thumb_url": "https:\/\/avatars1.githubusercontent.com\/u\/10709284?v=3&s=280",
                "from_url": "https:\/\/github.com\/oxford-cs-ml-2015",
                "thumb_width": 280,
                "thumb_height": 280,
                "service_icon": "https:\/\/github.com\/apple-touch-icon.png",
                "id": 1
            }
        ],
        "ts": "1486428702.000011"
    },
    {
        "type": "message",
        "user": "U23DAGRHT",
        "text": "<https:\/\/github.com\/floydhub\/dl-setup>",
        "attachments": [
            {
                "service_name": "GitHub",
                "title": "floydhub\/dl-setup",
                "title_link": "https:\/\/github.com\/floydhub\/dl-setup",
                "text": "dl-setup - Instructions for setting up the software on your deep learning machine",
                "fallback": "GitHub: floydhub\/dl-setup",
                "thumb_url": "https:\/\/avatars3.githubusercontent.com\/u\/21301057?v=3&s=400",
                "from_url": "https:\/\/github.com\/floydhub\/dl-setup",
                "thumb_width": 194,
                "thumb_height": 194,
                "service_icon": "https:\/\/github.com\/apple-touch-icon.png",
                "id": 1
            }
        ],
        "ts": "1486428779.000013",
        "reactions": [
            {
                "name": "+1",
                "users": [
                    "U23DZ7FHV"
                ],
                "count": 1
            }
        ]
    }
]