[
    {
        "type": "message",
        "user": "U23DAGRHT",
        "text": "<https:\/\/github.com\/yunjey\/dtn-tensorflow>",
        "attachments": [
            {
                "service_name": "GitHub",
                "title": "yunjey\/dtn-tensorflow",
                "title_link": "https:\/\/github.com\/yunjey\/dtn-tensorflow",
                "text": "dtn-tensorflow - domain transfer network. tensorflow implementation of unsupervised cross-domain image generation",
                "fallback": "GitHub: yunjey\/dtn-tensorflow",
                "thumb_url": "https:\/\/avatars1.githubusercontent.com\/u\/15663219?v=3&s=400",
                "from_url": "https:\/\/github.com\/yunjey\/dtn-tensorflow",
                "thumb_width": 380,
                "thumb_height": 380,
                "service_icon": "https:\/\/github.com\/apple-touch-icon.png",
                "id": 1
            }
        ],
        "ts": "1485103722.000002",
        "reactions": [
            {
                "name": "+1",
                "users": [
                    "U23DZ7FHV"
                ],
                "count": 1
            }
        ]
    },
    {
        "type": "message",
        "user": "U23DAGRHT",
        "text": "<https:\/\/github.com\/treigerm\/WaterNet>",
        "attachments": [
            {
                "service_name": "GitHub",
                "title": "treigerm\/WaterNet",
                "title_link": "https:\/\/github.com\/treigerm\/WaterNet",
                "text": "WaterNet - A convolutional neural network that identifies water in satellite images.",
                "fallback": "GitHub: treigerm\/WaterNet",
                "thumb_url": "https:\/\/avatars3.githubusercontent.com\/u\/17100163?v=3&s=400",
                "from_url": "https:\/\/github.com\/treigerm\/WaterNet",
                "thumb_width": 400,
                "thumb_height": 400,
                "service_icon": "https:\/\/github.com\/apple-touch-icon.png",
                "id": 1
            }
        ],
        "ts": "1485103752.000004"
    }
]