[
    {
        "type": "message",
        "user": "U23DZ7FHV",
        "text": "<https:\/\/github.com\/drkeoni\/muvi>",
        "attachments": [
            {
                "service_name": "GitHub",
                "title": "drkeoni\/muvi",
                "title_link": "https:\/\/github.com\/drkeoni\/muvi",
                "text": "muvi - Generative music videos with scala+processing",
                "fallback": "GitHub: drkeoni\/muvi",
                "thumb_url": "https:\/\/avatars0.githubusercontent.com\/u\/851085?v=3&s=400",
                "from_url": "https:\/\/github.com\/drkeoni\/muvi",
                "thumb_width": 420,
                "thumb_height": 420,
                "service_icon": "https:\/\/github.com\/apple-touch-icon.png",
                "id": 1
            }
        ],
        "ts": "1486563900.000002"
    },
    {
        "type": "message",
        "user": "U23DZ7FHV",
        "text": "<https:\/\/github.com\/mit-ll\/Seep.jl>",
        "attachments": [
            {
                "service_name": "GitHub",
                "title": "mit-ll\/Seep.jl",
                "title_link": "https:\/\/github.com\/mit-ll\/Seep.jl",
                "text": "Seep.jl: a tensor flow like library for Julia",
                "fallback": "GitHub: mit-ll\/Seep.jl",
                "thumb_url": "https:\/\/avatars2.githubusercontent.com\/u\/12189317?v=3&s=400",
                "from_url": "https:\/\/github.com\/mit-ll\/Seep.jl",
                "thumb_width": 363,
                "thumb_height": 363,
                "service_icon": "https:\/\/github.com\/apple-touch-icon.png",
                "id": 1
            }
        ],
        "ts": "1486564935.000006"
    },
    {
        "type": "message",
        "user": "U23DZ7FHV",
        "text": "<https:\/\/github.com\/jdlangs\/RobotOS.jl>",
        "attachments": [
            {
                "service_name": "GitHub",
                "title": "jdlangs\/RobotOS.jl",
                "title_link": "https:\/\/github.com\/jdlangs\/RobotOS.jl",
                "text": "RobotOS.jl - Julia interface to ROS (Robot Operating System)",
                "fallback": "GitHub: jdlangs\/RobotOS.jl",
                "thumb_url": "https:\/\/avatars1.githubusercontent.com\/u\/3770090?v=3&s=400",
                "from_url": "https:\/\/github.com\/jdlangs\/RobotOS.jl",
                "thumb_width": 200,
                "thumb_height": 200,
                "service_icon": "https:\/\/github.com\/apple-touch-icon.png",
                "id": 1
            }
        ],
        "ts": "1486564939.000008"
    },
    {
        "user": "U3X9A71NX",
        "inviter": "U23DZ7FHV",
        "text": "<@U3X9A71NX|claudiabm777> has joined the channel",
        "type": "message",
        "subtype": "channel_join",
        "ts": "1486575476.000015"
    },
    {
        "user": "U3XSJ0AAJ",
        "inviter": "U23DZ7FHV",
        "text": "<@U3XSJ0AAJ|romsearcher_ai> has joined the channel",
        "type": "message",
        "subtype": "channel_join",
        "ts": "1486575476.000016"
    },
    {
        "user": "U3Y1DECNN",
        "inviter": "U23DZ7FHV",
        "text": "<@U3Y1DECNN|andfoy2> has joined the channel",
        "type": "message",
        "subtype": "channel_join",
        "ts": "1486575476.000017"
    },
    {
        "type": "message",
        "user": "U23DZ7FHV",
        "text": "<https:\/\/github.com\/poolio\/unrolled_gan>",
        "attachments": [
            {
                "service_name": "GitHub",
                "title": "poolio\/unrolled_gan",
                "title_link": "https:\/\/github.com\/poolio\/unrolled_gan",
                "text": "unrolled_gan - Unrolled Generative Adversarial Networks",
                "fallback": "GitHub: poolio\/unrolled_gan",
                "thumb_url": "https:\/\/avatars0.githubusercontent.com\/u\/718528?v=3&s=400",
                "from_url": "https:\/\/github.com\/poolio\/unrolled_gan",
                "thumb_width": 200,
                "thumb_height": 200,
                "service_icon": "https:\/\/github.com\/apple-touch-icon.png",
                "id": 1
            }
        ],
        "ts": "1486577797.000018"
    },
    {
        "type": "message",
        "user": "U23DZ7FHV",
        "text": "<https:\/\/github.com\/ml4a>",
        "attachments": [
            {
                "service_name": "GitHub",
                "title": "ml4a",
                "title_link": "https:\/\/github.com\/ml4a",
                "text": "machine learning for artists",
                "fallback": "GitHub: ml4a",
                "thumb_url": "https:\/\/avatars2.githubusercontent.com\/u\/16874352?v=3&s=280",
                "from_url": "https:\/\/github.com\/ml4a",
                "thumb_width": 280,
                "thumb_height": 280,
                "service_icon": "https:\/\/github.com\/apple-touch-icon.png",
                "id": 1
            }
        ],
        "ts": "1486579208.000022"
    },
    {
        "type": "message",
        "user": "U23DZ7FHV",
        "text": "<https:\/\/github.com\/soumith\/ganhacks>",
        "attachments": [
            {
                "service_name": "GitHub",
                "title": "soumith\/ganhacks",
                "title_link": "https:\/\/github.com\/soumith\/ganhacks",
                "text": "ganhacks - starter from \"How to Train a GAN?\" at NIPS2016",
                "fallback": "GitHub: soumith\/ganhacks",
                "thumb_url": "https:\/\/avatars2.githubusercontent.com\/u\/1310570?v=3&s=400",
                "from_url": "https:\/\/github.com\/soumith\/ganhacks",
                "thumb_width": 400,
                "thumb_height": 400,
                "service_icon": "https:\/\/github.com\/apple-touch-icon.png",
                "id": 1
            }
        ],
        "ts": "1486585877.000024"
    }
]