[
    {
        "type": "message",
        "user": "U23DAGRHT",
        "text": "<http:\/\/kevinhughes.ca\/blog\/tensor-kart>",
        "attachments": [
            {
                "title": "TensorKart: self-driving MarioKart with TensorFlow",
                "title_link": "http:\/\/kevinhughes.ca\/blog\/tensor-kart",
                "text": "Kevin Hughes' Blog",
                "fallback": "TensorKart: self-driving MarioKart with TensorFlow",
                "from_url": "http:\/\/kevinhughes.ca\/blog\/tensor-kart",
                "service_icon": "http:\/\/kevinhughes.ca\/favicon.ico",
                "service_name": "kevinhughes.ca",
                "id": 1
            }
        ],
        "ts": "1483540948.000002",
        "reactions": [
            {
                "name": "+1",
                "users": [
                    "U23DZ7FHV"
                ],
                "count": 1
            }
        ]
    }
]