[
    {
        "type": "message",
        "user": "U23DAGRHT",
        "text": "<https:\/\/medium.freecodecamp.com\/why-i-studied-full-time-for-8-months-for-a-google-interview-cc662ce9bb13>",
        "attachments": [
            {
                "service_name": "Free Code Camp",
                "title": "Why I Studied Full-Time for 8 Months for a Google Interview",
                "title_link": "https:\/\/medium.freecodecamp.com\/why-i-studied-full-time-for-8-months-for-a-google-interview-cc662ce9bb13",
                "text": "It\u2019s true. I\u2019ve spent thousands of hours reading books, writing code, and watching computer science lectures, all to prepare for the Google\u2026",
                "fallback": "Free Code Camp: Why I Studied Full-Time for 8 Months for a Google Interview",
                "image_url": "https:\/\/cdn-images-1.medium.com\/max\/1200\/1*_xiC6icpxVB09SO6d4VsgQ.jpeg",
                "fields": [
                    {
                        "title": "Reading time",
                        "value": "10 min read",
                        "short": true
                    }
                ],
                "ts": 1481647360,
                "from_url": "https:\/\/medium.freecodecamp.com\/why-i-studied-full-time-for-8-months-for-a-google-interview-cc662ce9bb13",
                "image_width": 366,
                "image_height": 250,
                "image_bytes": 74207,
                "service_icon": "https:\/\/cdn-images-1.medium.com\/fit\/c\/152\/152\/1*MotlWcSa2n6FrOx3ul89kw.png",
                "id": 1
            }
        ],
        "ts": "1481924170.000002",
        "reactions": [
            {
                "name": "+1",
                "users": [
                    "U23DZ7FHV",
                    "U248PK4UB"
                ],
                "count": 2
            }
        ]
    }
]