[
    {
        "user": "U23D2HSJ2",
        "text": "<@U23D2HSJ2|andfoy> has joined the channel",
        "type": "message",
        "subtype": "channel_join",
        "ts": "1471801988.000002"
    },
    {
        "user": "U23DAGRHT",
        "text": "<@U23DAGRHT|scvalencia> has joined the channel",
        "type": "message",
        "subtype": "channel_join",
        "ts": "1471802230.000003"
    },
    {
        "user": "U23D3AF8E",
        "text": "<@U23D3AF8E|cgarciah> has joined the channel",
        "type": "message",
        "subtype": "channel_join",
        "ts": "1471802436.000004"
    },
    {
        "user": "U23DZ7FHV",
        "text": "<@U23DZ7FHV|diegoalejogm> has joined the channel",
        "type": "message",
        "subtype": "channel_join",
        "ts": "1471815355.000002"
    },
    {
        "user": "U23E6TXLN",
        "text": "<@U23E6TXLN|jcbages> has joined the channel",
        "type": "message",
        "subtype": "channel_join",
        "ts": "1471826139.000002"
    }
]