[
    {
        "type": "message",
        "subtype": "file_share",
        "text": "<@U23DZ7FHV|diegoalejogm> uploaded a file: <https:\/\/ai-society.slack.com\/files\/diegoalejogm\/F3FNWNVSS\/15385403_10154227615677799_4462467540349187482_o.png|Resumes>",
        "file": {
            "id": "F3FNWNVSS",
            "created": 1481781193,
            "timestamp": 1481781193,
            "name": "15385403_10154227615677799_4462467540349187482_o.png",
            "title": "Resumes",
            "mimetype": "image\/png",
            "filetype": "png",
            "pretty_type": "PNG",
            "user": "U23DZ7FHV",
            "editable": false,
            "size": 303799,
            "mode": "hosted",
            "is_external": false,
            "external_type": "",
            "is_public": true,
            "public_url_shared": false,
            "display_as_bot": false,
            "username": "",
            "url_private": "https:\/\/files.slack.com\/files-pri\/T23D2HSEA-F3FNWNVSS\/15385403_10154227615677799_4462467540349187482_o.png?t=xoxe-71444604486-139137108116-139058809970-55720f8321",
            "url_private_download": "https:\/\/files.slack.com\/files-pri\/T23D2HSEA-F3FNWNVSS\/download\/15385403_10154227615677799_4462467540349187482_o.png?t=xoxe-71444604486-139137108116-139058809970-55720f8321",
            "thumb_64": "https:\/\/files.slack.com\/files-tmb\/T23D2HSEA-F3FNWNVSS-4fe27824ee\/15385403_10154227615677799_4462467540349187482_o_64.png?t=xoxe-71444604486-139137108116-139058809970-55720f8321",
            "thumb_80": "https:\/\/files.slack.com\/files-tmb\/T23D2HSEA-F3FNWNVSS-4fe27824ee\/15385403_10154227615677799_4462467540349187482_o_80.png?t=xoxe-71444604486-139137108116-139058809970-55720f8321",
            "thumb_360": "https:\/\/files.slack.com\/files-tmb\/T23D2HSEA-F3FNWNVSS-4fe27824ee\/15385403_10154227615677799_4462467540349187482_o_360.png?t=xoxe-71444604486-139137108116-139058809970-55720f8321",
            "thumb_360_w": 253,
            "thumb_360_h": 360,
            "thumb_480": "https:\/\/files.slack.com\/files-tmb\/T23D2HSEA-F3FNWNVSS-4fe27824ee\/15385403_10154227615677799_4462467540349187482_o_480.png?t=xoxe-71444604486-139137108116-139058809970-55720f8321",
            "thumb_480_w": 337,
            "thumb_480_h": 480,
            "thumb_160": "https:\/\/files.slack.com\/files-tmb\/T23D2HSEA-F3FNWNVSS-4fe27824ee\/15385403_10154227615677799_4462467540349187482_o_160.png?t=xoxe-71444604486-139137108116-139058809970-55720f8321",
            "thumb_720": "https:\/\/files.slack.com\/files-tmb\/T23D2HSEA-F3FNWNVSS-4fe27824ee\/15385403_10154227615677799_4462467540349187482_o_720.png?t=xoxe-71444604486-139137108116-139058809970-55720f8321",
            "thumb_720_w": 506,
            "thumb_720_h": 720,
            "thumb_960": "https:\/\/files.slack.com\/files-tmb\/T23D2HSEA-F3FNWNVSS-4fe27824ee\/15385403_10154227615677799_4462467540349187482_o_960.png?t=xoxe-71444604486-139137108116-139058809970-55720f8321",
            "thumb_960_w": 674,
            "thumb_960_h": 960,
            "thumb_1024": "https:\/\/files.slack.com\/files-tmb\/T23D2HSEA-F3FNWNVSS-4fe27824ee\/15385403_10154227615677799_4462467540349187482_o_1024.png?t=xoxe-71444604486-139137108116-139058809970-55720f8321",
            "thumb_1024_w": 719,
            "thumb_1024_h": 1024,
            "image_exif_rotation": 1,
            "original_w": 999,
            "original_h": 1422,
            "permalink": "https:\/\/ai-society.slack.com\/files\/diegoalejogm\/F3FNWNVSS\/15385403_10154227615677799_4462467540349187482_o.png",
            "permalink_public": "https:\/\/slack-files.com\/T23D2HSEA-F3FNWNVSS-6960622006",
            "channels": [
                "C23DL70LA"
            ],
            "groups": [],
            "ims": [],
            "comments_count": 0
        },
        "user": "U23DZ7FHV",
        "upload": true,
        "display_as_bot": false,
        "username": "<@U23DZ7FHV|diegoalejogm>",
        "bot_id": null,
        "ts": "1481781196.000002"
    },
    {
        "type": "message",
        "user": "U23E6TXLN",
        "text": "<https:\/\/www.hackingwithswift.com\/example-code\/media\/how-to-scan-a-barcode>",
        "attachments": [
            {
                "title": "How to scan a barcode - free Swift 3 example code",
                "title_link": "https:\/\/www.hackingwithswift.com\/example-code\/media\/how-to-scan-a-barcode",
                "text": "Learn Swift coding for iOS with these free tutorials",
                "fallback": "How to scan a barcode - free Swift 3 example code",
                "from_url": "https:\/\/www.hackingwithswift.com\/example-code\/media\/how-to-scan-a-barcode",
                "service_icon": "https:\/\/www.hackingwithswift.com\/apple-touch-icon-57x57.png",
                "service_name": "hackingwithswift.com",
                "id": 1
            }
        ],
        "ts": "1481784485.000003"
    }
]