[
    {
        "type": "message",
        "user": "U23DZ7FHV",
        "text": "<@U23E6TXLN> haha",
        "ts": "1481813071.000002"
    },
    {
        "type": "message",
        "user": "U248PK4UB",
        "text": "<@U23E6TXLN> Ok\u2026 incluso soporta PDF que es el que nosotros escaneamos",
        "edited": {
            "user": "U248PK4UB",
            "ts": "1481818872.000000"
        },
        "ts": "1481818568.000003"
    },
    {
        "type": "message",
        "user": "U248PK4UB",
        "text": "aunque realmente esa tarea la tendr\u00edan que haber hecho ellos antes de comprar la  librer\u00eda de $3500",
        "edited": {
            "user": "U248PK4UB",
            "ts": "1481819329.000000"
        },
        "ts": "1481818627.000004"
    },
    {
        "type": "message",
        "user": "U248PK4UB",
        "text": ":joy:",
        "ts": "1481818878.000006"
    }
]