[
    {
        "type": "message",
        "user": "U23DAGRHT",
        "text": "<https:\/\/www.reddit.com\/r\/MachineLearning\/comments\/5pe946\/d_what_is_the_future_of_deep_learning_hardware\/>",
        "attachments": [
            {
                "service_name": "reddit",
                "title": "[D] What is the future of deep learning hardware? \u2022 \/r\/MachineLearning",
                "title_link": "https:\/\/www.reddit.com\/r\/MachineLearning\/comments\/5pe946\/d_what_is_the_future_of_deep_learning_hardware\/",
                "text": "So, I was thinking about what the future holds for deep learning hardware. It seems like nvidia dominates, but big challengers like Intel (and...",
                "fallback": "reddit: [D] What is the future of deep learning hardware? \u2022 \/r\/MachineLearning",
                "thumb_url": "https:\/\/www.redditstatic.com\/icon.png",
                "from_url": "https:\/\/www.reddit.com\/r\/MachineLearning\/comments\/5pe946\/d_what_is_the_future_of_deep_learning_hardware\/",
                "thumb_width": 256,
                "thumb_height": 256,
                "service_icon": "https:\/\/www.reddit.com\/favicon.ico",
                "id": 1
            }
        ],
        "ts": "1485103706.000002"
    },
    {
        "type": "message",
        "user": "U23DAGRHT",
        "text": "<https:\/\/www.youtube.com\/watch?v=mcKeMTNl9hQ>",
        "attachments": [
            {
                "service_name": "YouTube",
                "service_url": "https:\/\/www.youtube.com\/",
                "title": "Really Quick Questions with Sebastian Thrun",
                "title_link": "https:\/\/www.youtube.com\/watch?v=mcKeMTNl9hQ",
                "author_name": "Siraj Raval",
                "author_link": "https:\/\/www.youtube.com\/channel\/UCWN3xxRkmTPmbKwht9FuE5A",
                "thumb_url": "https:\/\/i.ytimg.com\/vi\/mcKeMTNl9hQ\/hqdefault.jpg",
                "thumb_width": 480,
                "thumb_height": 360,
                "fallback": "YouTube Video: Really Quick Questions with Sebastian Thrun",
                "video_html": "<iframe width=\"400\" height=\"225\" src=\"https:\/\/www.youtube.com\/embed\/mcKeMTNl9hQ?feature=oembed&autoplay=1&iv_load_policy=3\" frameborder=\"0\" allowfullscreen><\/iframe>",
                "video_html_width": 400,
                "video_html_height": 225,
                "from_url": "https:\/\/www.youtube.com\/watch?v=mcKeMTNl9hQ",
                "service_icon": "https:\/\/a.slack-edge.com\/2089\/img\/unfurl_icons\/youtube.png",
                "id": 1
            }
        ],
        "ts": "1485148504.000002",
        "reactions": [
            {
                "name": "+1",
                "users": [
                    "U23DZ7FHV"
                ],
                "count": 1
            }
        ]
    }
]