[
    {
        "type": "message",
        "user": "U23DAGRHT",
        "text": "<https:\/\/www.youtube.com\/watch?v=XzkUAxtEQXE>",
        "attachments": [
            {
                "service_name": "YouTube",
                "service_url": "https:\/\/www.youtube.com\/",
                "title": "Davos 2017 - Sergey Brin: The Future of AI and Google",
                "title_link": "https:\/\/www.youtube.com\/watch?v=XzkUAxtEQXE",
                "author_name": "Singularity Lectures",
                "author_link": "https:\/\/www.youtube.com\/channel\/UC-a4MiIis33-Z9vLYFerN6g",
                "thumb_url": "https:\/\/i.ytimg.com\/vi\/XzkUAxtEQXE\/hqdefault.jpg",
                "thumb_width": 480,
                "thumb_height": 360,
                "fallback": "YouTube Video: Davos 2017 - Sergey Brin: The Future of AI and Google",
                "video_html": "<iframe width=\"400\" height=\"225\" src=\"https:\/\/www.youtube.com\/embed\/XzkUAxtEQXE?feature=oembed&autoplay=1&iv_load_policy=3\" frameborder=\"0\" allowfullscreen><\/iframe>",
                "video_html_width": 400,
                "video_html_height": 225,
                "from_url": "https:\/\/www.youtube.com\/watch?v=XzkUAxtEQXE",
                "service_icon": "https:\/\/a.slack-edge.com\/2089\/img\/unfurl_icons\/youtube.png",
                "id": 1
            }
        ],
        "ts": "1485387641.000004"
    },
    {
        "type": "message",
        "user": "U23DAGRHT",
        "text": "<https:\/\/news.ycombinator.com\/item?id=13472331>",
        "ts": "1485387653.000006"
    },
    {
        "type": "message",
        "user": "U23DAGRHT",
        "text": "El link anterior es una discusi\u00f3n sobre los pre-requisitos de Deep Learning :slightly_smiling_face:",
        "ts": "1485387678.000007"
    }
]