[
    {
        "type": "message",
        "user": "U23DAGRHT",
        "text": "<https:\/\/www.youtube.com\/watch?v=sPsPZyx28VE>",
        "attachments": [
            {
                "service_name": "YouTube",
                "service_url": "https:\/\/www.youtube.com\/",
                "title": "Machine Learning at Quora",
                "title_link": "https:\/\/www.youtube.com\/watch?v=sPsPZyx28VE",
                "author_name": "Airbnb",
                "author_link": "https:\/\/www.youtube.com\/user\/Airbnb",
                "thumb_url": "https:\/\/i.ytimg.com\/vi\/sPsPZyx28VE\/hqdefault.jpg",
                "thumb_width": 480,
                "thumb_height": 360,
                "fallback": "YouTube Video: Machine Learning at Quora",
                "video_html": "<iframe width=\"400\" height=\"225\" src=\"https:\/\/www.youtube.com\/embed\/sPsPZyx28VE?feature=oembed&autoplay=1&iv_load_policy=3\" frameborder=\"0\" allowfullscreen><\/iframe>",
                "video_html_width": 400,
                "video_html_height": 225,
                "from_url": "https:\/\/www.youtube.com\/watch?v=sPsPZyx28VE",
                "service_icon": "https:\/\/a.slack-edge.com\/2089\/img\/unfurl_icons\/youtube.png",
                "id": 1
            }
        ],
        "ts": "1484404132.000002"
    }
]