[
    {
        "type": "message",
        "user": "U23E6TXLN",
        "text": "<https:\/\/about.gitlab.com\/handbook\/marketing\/blog\/community-writers\/> tal vez les interese ! :slightly_smiling_face:",
        "attachments": [
            {
                "service_name": "GitLab",
                "title": "Community Writers Program",
                "title_link": "https:\/\/about.gitlab.com\/handbook\/marketing\/blog\/community-writers\/",
                "text": "Start today and earn up to $200 an article.",
                "fallback": "GitLab: Community Writers Program",
                "image_url": "https:\/\/about.gitlab.com\/images\/handbook\/marketing\/community-writers-twitter-illustration.png",
                "from_url": "https:\/\/about.gitlab.com\/handbook\/marketing\/blog\/community-writers\/",
                "image_width": 499,
                "image_height": 250,
                "image_bytes": 189515,
                "id": 1
            }
        ],
        "ts": "1486227392.000002",
        "reactions": [
            {
                "name": "+1",
                "users": [
                    "U23DZ7FHV"
                ],
                "count": 1
            }
        ]
    }
]