[
    {
        "user": "U3XSJ0AAJ",
        "text": "<@U3XSJ0AAJ|romsearcher_ai> has joined the channel",
        "type": "message",
        "subtype": "channel_join",
        "ts": "1485479997.000002"
    },
    {
        "type": "message",
        "user": "U273A3E21",
        "text": "<http:\/\/tebanvargas.wordpress.com|tebanvargas.wordpress.com>",
        "ts": "1485489792.000003",
        "reactions": [
            {
                "name": "+1",
                "users": [
                    "U23DZ7FHV"
                ],
                "count": 1
            }
        ]
    }
]