[
    {
        "id": "C3LDXLTJP",
        "name": "books",
        "created": "1483384916",
        "creator": "U23DAGRHT",
        "is_archived": false,
        "is_general": false,
        "members": [
            "U23D2HSJ2",
            "U23D3AF8E",
            "U23DAGRHT",
            "U23DZ7FHV",
            "U23E6TXLN",
            "U248PK4UB",
            "U273A3E21",
            "U3HHPGYFP",
            "U3X9A71NX",
            "U3XSJ0AAJ",
            "U3Y1DECNN"
        ],
        "topic": {
            "value": "",
            "creator": "",
            "last_set": "0"
        },
        "purpose": {
            "value": "",
            "creator": "",
            "last_set": "0"
        }
    },
    {
        "id": "C3QG5GD5M",
        "name": "courses",
        "created": "1484091083",
        "creator": "U23DAGRHT",
        "is_archived": false,
        "is_general": false,
        "members": [
            "U23D2HSJ2",
            "U23D3AF8E",
            "U23DAGRHT",
            "U23DZ7FHV",
            "U23E6TXLN",
            "U248PK4UB",
            "U273A3E21",
            "U3HHPGYFP",
            "U3X9A71NX",
            "U3XSJ0AAJ",
            "U3Y1DECNN"
        ],
        "topic": {
            "value": "",
            "creator": "",
            "last_set": "0"
        },
        "purpose": {
            "value": "Courses, MOOCs, structured learning material",
            "creator": "U23DAGRHT",
            "last_set": "1484091084"
        }
    },
    {
        "id": "C422NFS3T",
        "name": "datasets",
        "created": "1486572999",
        "creator": "U23DZ7FHV",
        "is_archived": false,
        "is_general": false,
        "members": [
            "U23D3AF8E",
            "U23DAGRHT",
            "U23DZ7FHV",
            "U23E6TXLN",
            "U248PK4UB",
            "U273A3E21",
            "U3HHPGYFP",
            "U3X9A71NX",
            "U3XSJ0AAJ",
            "U3Y1DECNN"
        ],
        "topic": {
            "value": "",
            "creator": "",
            "last_set": "0"
        },
        "purpose": {
            "value": "",
            "creator": "",
            "last_set": "0"
        }
    },
    {
        "id": "C23D0APRS",
        "name": "general",
        "created": "1471801988",
        "creator": "U23D2HSJ2",
        "is_archived": false,
        "is_general": true,
        "members": [
            "U23D2HSJ2",
            "U23D3AF8E",
            "U23DAGRHT",
            "U23DZ7FHV",
            "U23E6TXLN",
            "U248PK4UB",
            "U273A3E21",
            "U3HHPGYFP",
            "U3X9A71NX",
            "U3XSJ0AAJ",
            "U3Y1DECNN",
            "U42V35APM"
        ],
        "topic": {
            "value": "Company-wide announcements and work-based matters",
            "creator": "",
            "last_set": "0"
        },
        "purpose": {
            "value": "This channel is for team-wide communication and announcements. All team members are in this channel.",
            "creator": "",
            "last_set": "0"
        }
    },
    {
        "id": "C3C8BK4EN",
        "name": "news_articles",
        "created": "1481201579",
        "creator": "U23DZ7FHV",
        "is_archived": false,
        "is_general": false,
        "members": [
            "U23D2HSJ2",
            "U23D3AF8E",
            "U23DAGRHT",
            "U23DZ7FHV",
            "U23E6TXLN",
            "U248PK4UB",
            "U273A3E21",
            "U3HHPGYFP",
            "U3X9A71NX",
            "U3XSJ0AAJ",
            "U3Y1DECNN"
        ],
        "topic": {
            "value": "",
            "creator": "",
            "last_set": "0"
        },
        "purpose": {
            "value": "AI related news",
            "creator": "U23DZ7FHV",
            "last_set": "1481201579"
        }
    },
    {
        "id": "C3G5L7T0V",
        "name": "other",
        "created": "1481952914",
        "creator": "U23DZ7FHV",
        "is_archived": false,
        "is_general": false,
        "members": [
            "U23D2HSJ2",
            "U23D3AF8E",
            "U23DAGRHT",
            "U23DZ7FHV",
            "U23E6TXLN",
            "U248PK4UB",
            "U273A3E21"
        ],
        "topic": {
            "value": "",
            "creator": "",
            "last_set": "0"
        },
        "purpose": {
            "value": "",
            "creator": "",
            "last_set": "0"
        }
    },
    {
        "id": "C3LFS9WGJ",
        "name": "papers",
        "created": "1483383235",
        "creator": "U23DZ7FHV",
        "is_archived": false,
        "is_general": false,
        "members": [
            "U23D2HSJ2",
            "U23D3AF8E",
            "U23DAGRHT",
            "U23DZ7FHV",
            "U23E6TXLN",
            "U248PK4UB",
            "U273A3E21",
            "U3HHPGYFP"
        ],
        "topic": {
            "value": "",
            "creator": "",
            "last_set": "0"
        },
        "purpose": {
            "value": "",
            "creator": "",
            "last_set": "0"
        }
    },
    {
        "id": "C23DL70LA",
        "name": "random",
        "created": "1471801988",
        "creator": "U23D2HSJ2",
        "is_archived": false,
        "is_general": false,
        "members": [
            "U23D2HSJ2",
            "U23D3AF8E",
            "U23DAGRHT",
            "U23DZ7FHV",
            "U23E6TXLN",
            "U248PK4UB",
            "U273A3E21",
            "U3HHPGYFP",
            "U3X9A71NX",
            "U3XSJ0AAJ",
            "U3Y1DECNN",
            "U42V35APM"
        ],
        "topic": {
            "value": "Non-work banter and water cooler conversation",
            "creator": "",
            "last_set": "0"
        },
        "purpose": {
            "value": "A place for non-work-related flimflam, faffing, hodge-podge or jibber-jabber you'd prefer to keep out of more focused work-related channels.",
            "creator": "",
            "last_set": "0"
        }
    },
    {
        "id": "C3KSU0GG0",
        "name": "repos",
        "created": "1483414971",
        "creator": "U23DAGRHT",
        "is_archived": false,
        "is_general": false,
        "members": [
            "U23D2HSJ2",
            "U23D3AF8E",
            "U23DAGRHT",
            "U23DZ7FHV",
            "U23E6TXLN",
            "U248PK4UB",
            "U273A3E21",
            "U3HHPGYFP",
            "U3X9A71NX",
            "U3XSJ0AAJ",
            "U3Y1DECNN"
        ],
        "topic": {
            "value": "",
            "creator": "",
            "last_set": "0"
        },
        "purpose": {
            "value": "",
            "creator": "",
            "last_set": "0"
        }
    },
    {
        "id": "C3L90JWAH",
        "name": "resources",
        "created": "1483201850",
        "creator": "U23DZ7FHV",
        "is_archived": false,
        "is_general": false,
        "members": [
            "U23D2HSJ2",
            "U23D3AF8E",
            "U23DAGRHT",
            "U23DZ7FHV",
            "U23E6TXLN",
            "U248PK4UB",
            "U273A3E21",
            "U3HHPGYFP",
            "U3X9A71NX",
            "U3XSJ0AAJ",
            "U3Y1DECNN"
        ],
        "pins": [
            {
                "id": "1486562856.000002",
                "type": "C",
                "user": "U23DZ7FHV",
                "owner": "U23DZ7FHV",
                "created": "1486573911"
            },
            {
                "id": "1486575387.000012",
                "type": "C",
                "user": "U23DZ7FHV",
                "owner": "U23DZ7FHV",
                "created": "1486575396"
            }
        ],
        "topic": {
            "value": "",
            "creator": "",
            "last_set": "0"
        },
        "purpose": {
            "value": "",
            "creator": "",
            "last_set": "0"
        }
    },
    {
        "id": "C3F4LNBS9",
        "name": "resumen-reuniones",
        "created": "1481770990",
        "creator": "U23DZ7FHV",
        "is_archived": false,
        "is_general": false,
        "members": [
            "U23DZ7FHV"
        ],
        "topic": {
            "value": "",
            "creator": "",
            "last_set": "0"
        },
        "purpose": {
            "value": "",
            "creator": "",
            "last_set": "0"
        }
    },
    {
        "id": "C40QZM49W",
        "name": "tasks",
        "created": "1486396426",
        "creator": "U23DAGRHT",
        "is_archived": false,
        "is_general": false,
        "members": [
            "U23D3AF8E",
            "U23DAGRHT",
            "U23DZ7FHV",
            "U23E6TXLN",
            "U248PK4UB",
            "U273A3E21",
            "U3HHPGYFP",
            "U3X9A71NX",
            "U3XSJ0AAJ",
            "U3Y1DECNN"
        ],
        "topic": {
            "value": "",
            "creator": "",
            "last_set": "0"
        },
        "purpose": {
            "value": "Specifying the tasks and their completion.",
            "creator": "U23DAGRHT",
            "last_set": "1486396427"
        }
    },
    {
        "id": "C3XL14QMB",
        "name": "videos",
        "created": "1485543394",
        "creator": "U23DZ7FHV",
        "is_archived": false,
        "is_general": false,
        "members": [
            "U23D3AF8E",
            "U23DAGRHT",
            "U23DZ7FHV",
            "U23E6TXLN",
            "U248PK4UB",
            "U273A3E21",
            "U3HHPGYFP",
            "U3X9A71NX",
            "U3XSJ0AAJ",
            "U3Y1DECNN"
        ],
        "topic": {
            "value": "",
            "creator": "",
            "last_set": "0"
        },
        "purpose": {
            "value": "",
            "creator": "",
            "last_set": "0"
        }
    },
    {
        "id": "C3CK6UW07",
        "name": "websites",
        "created": "1481140532",
        "creator": "U23DZ7FHV",
        "is_archived": false,
        "is_general": false,
        "members": [
            "U23D2HSJ2",
            "U23D3AF8E",
            "U23DAGRHT",
            "U23DZ7FHV",
            "U23E6TXLN",
            "U248PK4UB",
            "U273A3E21",
            "U3HHPGYFP",
            "U3X9A71NX",
            "U3XSJ0AAJ",
            "U3Y1DECNN"
        ],
        "topic": {
            "value": "",
            "creator": "",
            "last_set": "0"
        },
        "purpose": {
            "value": "",
            "creator": "",
            "last_set": "0"
        }
    }
]