[
    {
        "user_id": "U23DAGRHT",
        "user_name": "scvalencia",
        "date": "1486594160",
        "change_type": "updated",
        "service_id": "138869510771",
        "service_type": "Slash Commands",
        "scope": "commands"
    },
    {
        "user_id": "U23DAGRHT",
        "user_name": "scvalencia",
        "date": "1486592838",
        "change_type": "updated",
        "service_id": "138869510771",
        "service_type": "Slash Commands",
        "scope": "commands"
    },
    {
        "user_id": "U23DAGRHT",
        "user_name": "scvalencia",
        "date": "1486589564",
        "change_type": "added",
        "service_id": "138869510771",
        "service_type": "Slash Commands",
        "scope": "commands"
    },
    {
        "user_id": "U23E6TXLN",
        "user_name": "jcbages",
        "date": "1486012808",
        "change_type": "added",
        "app_type": "AI Uploader",
        "app_id": "A3ZRC7P5Y",
        "scope": "identify,commands"
    },
    {
        "user_id": "U23DZ7FHV",
        "user_name": "diegoalejogm",
        "date": "1483630455",
        "change_type": "added",
        "app_type": "Simple Poll",
        "app_id": "A0HFW7MR6",
        "scope": "identify,commands,chat:write:bot,reactions:write"
    },
    {
        "user_id": "U23DZ7FHV",
        "user_name": "diegoalejogm",
        "date": "1483224419",
        "change_type": "added",
        "service_id": "121547841840",
        "service_type": "Dropbox",
        "scope": "files:write:user,files:read"
    },
    {
        "user_id": 0,
        "user_name": "slack",
        "date": "1471801988",
        "change_type": "added",
        "service_id": "71444606614",
        "service_type": "Google Drive",
        "scope": "files:write:user"
    }
]