[
    {
        "id": "U23D2HSJ2",
        "team_id": "T23D2HSEA",
        "name": "andfoy",
        "deleted": true,
        "profile": {
            "first_name": "Edgar Andr\u00e9s",
            "last_name": "Margffoy Tuay",
            "avatar_hash": "g0da6fceebc2",
            "real_name": "Edgar Andr\u00e9s Margffoy Tuay",
            "real_name_normalized": "Edgar Andres Margffoy Tuay",
            "email": "ea.margffoy10@uniandes.edu.co",
            "image_24": "https:\/\/secure.gravatar.com\/avatar\/0da6fceebc20f80457af92c9cbf67382.jpg?s=24&d=https%3A%2F%2Fa.slack-edge.com%2F0180%2Fimg%2Favatars%2Fava_0003-24.png",
            "image_32": "https:\/\/secure.gravatar.com\/avatar\/0da6fceebc20f80457af92c9cbf67382.jpg?s=32&d=https%3A%2F%2Fa.slack-edge.com%2F66f9%2Fimg%2Favatars%2Fava_0003-32.png",
            "image_48": "https:\/\/secure.gravatar.com\/avatar\/0da6fceebc20f80457af92c9cbf67382.jpg?s=48&d=https%3A%2F%2Fa.slack-edge.com%2F66f9%2Fimg%2Favatars%2Fava_0003-48.png",
            "image_72": "https:\/\/secure.gravatar.com\/avatar\/0da6fceebc20f80457af92c9cbf67382.jpg?s=72&d=https%3A%2F%2Fa.slack-edge.com%2F66f9%2Fimg%2Favatars%2Fava_0003-72.png",
            "image_192": "https:\/\/secure.gravatar.com\/avatar\/0da6fceebc20f80457af92c9cbf67382.jpg?s=192&d=https%3A%2F%2Fa.slack-edge.com%2F7fa9%2Fimg%2Favatars%2Fava_0003-192.png",
            "image_512": "https:\/\/secure.gravatar.com\/avatar\/0da6fceebc20f80457af92c9cbf67382.jpg?s=512&d=https%3A%2F%2Fa.slack-edge.com%2F7fa9%2Fimg%2Favatars%2Fava_0003-512.png",
            "fields": null
        },
        "is_bot": false
    },
    {
        "id": "U3Y1DECNN",
        "team_id": "T23D2HSEA",
        "name": "andfoy2",
        "deleted": false,
        "status": null,
        "color": "99a949",
        "real_name": "Edgar Andr\u00e9s Margffoy Tuay",
        "tz": "America\/Bogota",
        "tz_label": "South America Pacific Standard Time",
        "tz_offset": -18000,
        "profile": {
            "first_name": "Edgar Andr\u00e9s",
            "last_name": "Margffoy Tuay",
            "avatar_hash": "f3fa203e3530",
            "image_24": "https:\/\/avatars.slack-edge.com\/2017-02-05\/136580064529_f3fa203e3530a1970fe0_24.jpg",
            "image_32": "https:\/\/avatars.slack-edge.com\/2017-02-05\/136580064529_f3fa203e3530a1970fe0_32.jpg",
            "image_48": "https:\/\/avatars.slack-edge.com\/2017-02-05\/136580064529_f3fa203e3530a1970fe0_48.jpg",
            "image_72": "https:\/\/avatars.slack-edge.com\/2017-02-05\/136580064529_f3fa203e3530a1970fe0_72.jpg",
            "image_192": "https:\/\/avatars.slack-edge.com\/2017-02-05\/136580064529_f3fa203e3530a1970fe0_192.jpg",
            "image_512": "https:\/\/avatars.slack-edge.com\/2017-02-05\/136580064529_f3fa203e3530a1970fe0_512.jpg",
            "image_1024": "https:\/\/avatars.slack-edge.com\/2017-02-05\/136580064529_f3fa203e3530a1970fe0_1024.jpg",
            "image_original": "https:\/\/avatars.slack-edge.com\/2017-02-05\/136580064529_f3fa203e3530a1970fe0_original.jpg",
            "fields": [],
            "real_name": "Edgar Andr\u00e9s Margffoy Tuay",
            "real_name_normalized": "Edgar Andres Margffoy Tuay",
            "email": "andfoy@gmail.com"
        },
        "is_admin": false,
        "is_owner": false,
        "is_primary_owner": false,
        "is_restricted": false,
        "is_ultra_restricted": false,
        "is_bot": false
    },
    {
        "id": "U23D3AF8E",
        "team_id": "T23D2HSEA",
        "name": "cgarciah",
        "deleted": false,
        "status": null,
        "color": "e7392d",
        "real_name": "",
        "tz": "America\/Bogota",
        "tz_label": "South America Pacific Standard Time",
        "tz_offset": -18000,
        "profile": {
            "avatar_hash": "gea23a154adf",
            "real_name": "",
            "real_name_normalized": "",
            "email": "c.garcia11@uniandes.edu.co",
            "image_24": "https:\/\/secure.gravatar.com\/avatar\/ea23a154adfd3201cef19dd38307e8a8.jpg?s=24&d=https%3A%2F%2Fa.slack-edge.com%2F66f9%2Fimg%2Favatars%2Fava_0020-24.png",
            "image_32": "https:\/\/secure.gravatar.com\/avatar\/ea23a154adfd3201cef19dd38307e8a8.jpg?s=32&d=https%3A%2F%2Fa.slack-edge.com%2F0180%2Fimg%2Favatars%2Fava_0020-32.png",
            "image_48": "https:\/\/secure.gravatar.com\/avatar\/ea23a154adfd3201cef19dd38307e8a8.jpg?s=48&d=https%3A%2F%2Fa.slack-edge.com%2F66f9%2Fimg%2Favatars%2Fava_0020-48.png",
            "image_72": "https:\/\/secure.gravatar.com\/avatar\/ea23a154adfd3201cef19dd38307e8a8.jpg?s=72&d=https%3A%2F%2Fa.slack-edge.com%2F66f9%2Fimg%2Favatars%2Fava_0020-72.png",
            "image_192": "https:\/\/secure.gravatar.com\/avatar\/ea23a154adfd3201cef19dd38307e8a8.jpg?s=192&d=https%3A%2F%2Fa.slack-edge.com%2F7fa9%2Fimg%2Favatars%2Fava_0020-192.png",
            "image_512": "https:\/\/secure.gravatar.com\/avatar\/ea23a154adfd3201cef19dd38307e8a8.jpg?s=512&d=https%3A%2F%2Fa.slack-edge.com%2F7fa9%2Fimg%2Favatars%2Fava_0020-512.png",
            "fields": null
        },
        "is_admin": false,
        "is_owner": false,
        "is_primary_owner": false,
        "is_restricted": false,
        "is_ultra_restricted": false,
        "is_bot": false
    },
    {
        "id": "U3X9A71NX",
        "team_id": "T23D2HSEA",
        "name": "claudiabm777",
        "deleted": false,
        "status": null,
        "color": "2b6836",
        "real_name": "Claudia Bedoya",
        "tz": "America\/Bogota",
        "tz_label": "South America Pacific Standard Time",
        "tz_offset": -18000,
        "profile": {
            "first_name": "Claudia",
            "last_name": "Bedoya",
            "avatar_hash": "gf478a386a5a",
            "real_name": "Claudia Bedoya",
            "real_name_normalized": "Claudia Bedoya",
            "email": "claudiabm777@gmail.com",
            "image_24": "https:\/\/secure.gravatar.com\/avatar\/f478a386a5a5d9ffc0fcc91d40820d82.jpg?s=24&d=https%3A%2F%2Fa.slack-edge.com%2F66f9%2Fimg%2Favatars%2Fava_0019-24.png",
            "image_32": "https:\/\/secure.gravatar.com\/avatar\/f478a386a5a5d9ffc0fcc91d40820d82.jpg?s=32&d=https%3A%2F%2Fa.slack-edge.com%2F66f9%2Fimg%2Favatars%2Fava_0019-32.png",
            "image_48": "https:\/\/secure.gravatar.com\/avatar\/f478a386a5a5d9ffc0fcc91d40820d82.jpg?s=48&d=https%3A%2F%2Fa.slack-edge.com%2F66f9%2Fimg%2Favatars%2Fava_0019-48.png",
            "image_72": "https:\/\/secure.gravatar.com\/avatar\/f478a386a5a5d9ffc0fcc91d40820d82.jpg?s=72&d=https%3A%2F%2Fa.slack-edge.com%2F66f9%2Fimg%2Favatars%2Fava_0019-72.png",
            "image_192": "https:\/\/secure.gravatar.com\/avatar\/f478a386a5a5d9ffc0fcc91d40820d82.jpg?s=192&d=https%3A%2F%2Fa.slack-edge.com%2F7fa9%2Fimg%2Favatars%2Fava_0019-192.png",
            "image_512": "https:\/\/secure.gravatar.com\/avatar\/f478a386a5a5d9ffc0fcc91d40820d82.jpg?s=512&d=https%3A%2F%2Fa.slack-edge.com%2F7fa9%2Fimg%2Favatars%2Fava_0019-512.png",
            "fields": null
        },
        "is_admin": false,
        "is_owner": false,
        "is_primary_owner": false,
        "is_restricted": false,
        "is_ultra_restricted": false,
        "is_bot": false
    },
    {
        "id": "U23DZ7FHV",
        "team_id": "T23D2HSEA",
        "name": "diegoalejogm",
        "deleted": false,
        "status": null,
        "color": "3c989f",
        "real_name": "Diego Gomez",
        "tz": "America\/Bogota",
        "tz_label": "South America Pacific Standard Time",
        "tz_offset": -18000,
        "profile": {
            "first_name": "Diego",
            "last_name": "Gomez",
            "avatar_hash": "5a98780c875d",
            "image_24": "https:\/\/avatars.slack-edge.com\/2016-09-08\/77851158225_5a98780c875d19180e64_24.jpg",
            "image_32": "https:\/\/avatars.slack-edge.com\/2016-09-08\/77851158225_5a98780c875d19180e64_32.jpg",
            "image_48": "https:\/\/avatars.slack-edge.com\/2016-09-08\/77851158225_5a98780c875d19180e64_48.jpg",
            "image_72": "https:\/\/avatars.slack-edge.com\/2016-09-08\/77851158225_5a98780c875d19180e64_72.jpg",
            "image_192": "https:\/\/avatars.slack-edge.com\/2016-09-08\/77851158225_5a98780c875d19180e64_192.jpg",
            "image_512": "https:\/\/avatars.slack-edge.com\/2016-09-08\/77851158225_5a98780c875d19180e64_512.jpg",
            "image_1024": "https:\/\/avatars.slack-edge.com\/2016-09-08\/77851158225_5a98780c875d19180e64_512.jpg",
            "image_original": "https:\/\/avatars.slack-edge.com\/2016-09-08\/77851158225_5a98780c875d19180e64_original.jpg",
            "fields": [],
            "title": "",
            "phone": "",
            "skype": "",
            "real_name": "Diego Gomez",
            "real_name_normalized": "Diego Gomez",
            "email": "da.gomez11@uniandes.edu.co"
        },
        "is_admin": true,
        "is_owner": true,
        "is_primary_owner": true,
        "is_restricted": false,
        "is_ultra_restricted": false,
        "is_bot": false
    },
    {
        "id": "U248PK4UB",
        "team_id": "T23D2HSEA",
        "name": "diegomontoyas",
        "deleted": false,
        "status": null,
        "color": "e96699",
        "real_name": "Diego Montoya",
        "tz": "America\/Bogota",
        "tz_label": "South America Pacific Standard Time",
        "tz_offset": -18000,
        "profile": {
            "first_name": "Diego",
            "last_name": "Montoya",
            "avatar_hash": "56e2190730e9",
            "image_24": "https:\/\/avatars.slack-edge.com\/2016-12-06\/112906244353_56e2190730e9dc4a0f0a_24.jpg",
            "image_32": "https:\/\/avatars.slack-edge.com\/2016-12-06\/112906244353_56e2190730e9dc4a0f0a_32.jpg",
            "image_48": "https:\/\/avatars.slack-edge.com\/2016-12-06\/112906244353_56e2190730e9dc4a0f0a_48.jpg",
            "image_72": "https:\/\/avatars.slack-edge.com\/2016-12-06\/112906244353_56e2190730e9dc4a0f0a_72.jpg",
            "image_192": "https:\/\/avatars.slack-edge.com\/2016-12-06\/112906244353_56e2190730e9dc4a0f0a_192.jpg",
            "image_512": "https:\/\/avatars.slack-edge.com\/2016-12-06\/112906244353_56e2190730e9dc4a0f0a_512.jpg",
            "image_1024": "https:\/\/avatars.slack-edge.com\/2016-12-06\/112906244353_56e2190730e9dc4a0f0a_512.jpg",
            "image_original": "https:\/\/avatars.slack-edge.com\/2016-12-06\/112906244353_56e2190730e9dc4a0f0a_original.jpg",
            "fields": [],
            "title": "",
            "phone": "",
            "skype": "",
            "real_name": "Diego Montoya",
            "real_name_normalized": "Diego Montoya",
            "email": "diegomontoyas@gmail.com"
        },
        "is_admin": true,
        "is_owner": false,
        "is_primary_owner": false,
        "is_restricted": false,
        "is_ultra_restricted": false,
        "is_bot": false
    },
    {
        "id": "U273A3E21",
        "team_id": "T23D2HSEA",
        "name": "estebanvargas",
        "deleted": false,
        "status": null,
        "color": "e0a729",
        "real_name": "Esteban Vargas",
        "tz": "America\/Bogota",
        "tz_label": "South America Pacific Standard Time",
        "tz_offset": -18000,
        "profile": {
            "first_name": "Esteban",
            "last_name": "Vargas",
            "avatar_hash": "g5e34d88db9f",
            "real_name": "Esteban Vargas",
            "real_name_normalized": "Esteban Vargas",
            "email": "e.vargas10@uniandes.edu.co",
            "image_24": "https:\/\/secure.gravatar.com\/avatar\/5e34d88db9f0832f545fe80b9986ad69.jpg?s=24&d=https%3A%2F%2Fa.slack-edge.com%2F66f9%2Fimg%2Favatars%2Fava_0023-24.png",
            "image_32": "https:\/\/secure.gravatar.com\/avatar\/5e34d88db9f0832f545fe80b9986ad69.jpg?s=32&d=https%3A%2F%2Fa.slack-edge.com%2F66f9%2Fimg%2Favatars%2Fava_0023-32.png",
            "image_48": "https:\/\/secure.gravatar.com\/avatar\/5e34d88db9f0832f545fe80b9986ad69.jpg?s=48&d=https%3A%2F%2Fa.slack-edge.com%2F66f9%2Fimg%2Favatars%2Fava_0023-48.png",
            "image_72": "https:\/\/secure.gravatar.com\/avatar\/5e34d88db9f0832f545fe80b9986ad69.jpg?s=72&d=https%3A%2F%2Fa.slack-edge.com%2F3654%2Fimg%2Favatars%2Fava_0023-72.png",
            "image_192": "https:\/\/secure.gravatar.com\/avatar\/5e34d88db9f0832f545fe80b9986ad69.jpg?s=192&d=https%3A%2F%2Fa.slack-edge.com%2F7fa9%2Fimg%2Favatars%2Fava_0023-192.png",
            "image_512": "https:\/\/secure.gravatar.com\/avatar\/5e34d88db9f0832f545fe80b9986ad69.jpg?s=512&d=https%3A%2F%2Fa.slack-edge.com%2F7fa9%2Fimg%2Favatars%2Fava_0023-512.png",
            "fields": null
        },
        "is_admin": true,
        "is_owner": false,
        "is_primary_owner": false,
        "is_restricted": false,
        "is_ultra_restricted": false,
        "is_bot": false
    },
    {
        "id": "U23E6TXLN",
        "team_id": "T23D2HSEA",
        "name": "jcbages",
        "deleted": false,
        "status": null,
        "color": "674b1b",
        "real_name": "Juan Camilo Bages",
        "tz": "America\/Bogota",
        "tz_label": "South America Pacific Standard Time",
        "tz_offset": -18000,
        "profile": {
            "first_name": "Juan Camilo",
            "last_name": "Bages",
            "avatar_hash": "gc7d0fb30777",
            "real_name": "Juan Camilo Bages",
            "real_name_normalized": "Juan Camilo Bages",
            "email": "jc.bages10@uniandes.edu.co",
            "image_24": "https:\/\/secure.gravatar.com\/avatar\/c7d0fb30777e0d03eab6d3dceee03344.jpg?s=24&d=https%3A%2F%2Fa.slack-edge.com%2F0180%2Fimg%2Favatars%2Fava_0004-24.png",
            "image_32": "https:\/\/secure.gravatar.com\/avatar\/c7d0fb30777e0d03eab6d3dceee03344.jpg?s=32&d=https%3A%2F%2Fa.slack-edge.com%2F66f9%2Fimg%2Favatars%2Fava_0004-32.png",
            "image_48": "https:\/\/secure.gravatar.com\/avatar\/c7d0fb30777e0d03eab6d3dceee03344.jpg?s=48&d=https%3A%2F%2Fa.slack-edge.com%2F66f9%2Fimg%2Favatars%2Fava_0004-48.png",
            "image_72": "https:\/\/secure.gravatar.com\/avatar\/c7d0fb30777e0d03eab6d3dceee03344.jpg?s=72&d=https%3A%2F%2Fa.slack-edge.com%2F66f9%2Fimg%2Favatars%2Fava_0004-72.png",
            "image_192": "https:\/\/secure.gravatar.com\/avatar\/c7d0fb30777e0d03eab6d3dceee03344.jpg?s=192&d=https%3A%2F%2Fa.slack-edge.com%2F7fa9%2Fimg%2Favatars%2Fava_0004-192.png",
            "image_512": "https:\/\/secure.gravatar.com\/avatar\/c7d0fb30777e0d03eab6d3dceee03344.jpg?s=512&d=https%3A%2F%2Fa.slack-edge.com%2F7fa9%2Fimg%2Favatars%2Fava_0004-512.png",
            "fields": null
        },
        "is_admin": true,
        "is_owner": false,
        "is_primary_owner": false,
        "is_restricted": false,
        "is_ultra_restricted": false,
        "is_bot": false
    },
    {
        "id": "U42V35APM",
        "team_id": "T23D2HSEA",
        "name": "mariacamilarg",
        "deleted": false,
        "status": null,
        "color": "df3dc0",
        "real_name": "Maria Camila Remolina Guit\u00e9rrez",
        "tz": "America\/Bogota",
        "tz_label": "South America Pacific Standard Time",
        "tz_offset": -18000,
        "profile": {
            "first_name": "Maria Camila",
            "last_name": "Remolina Guit\u00e9rrez",
            "avatar_hash": "8edb68a13ced",
            "image_24": "https:\/\/avatars.slack-edge.com\/2017-02-08\/139137068388_8edb68a13ced0f36d424_24.jpg",
            "image_32": "https:\/\/avatars.slack-edge.com\/2017-02-08\/139137068388_8edb68a13ced0f36d424_32.jpg",
            "image_48": "https:\/\/avatars.slack-edge.com\/2017-02-08\/139137068388_8edb68a13ced0f36d424_48.jpg",
            "image_72": "https:\/\/avatars.slack-edge.com\/2017-02-08\/139137068388_8edb68a13ced0f36d424_72.jpg",
            "image_192": "https:\/\/avatars.slack-edge.com\/2017-02-08\/139137068388_8edb68a13ced0f36d424_192.jpg",
            "image_512": "https:\/\/avatars.slack-edge.com\/2017-02-08\/139137068388_8edb68a13ced0f36d424_192.jpg",
            "image_1024": "https:\/\/avatars.slack-edge.com\/2017-02-08\/139137068388_8edb68a13ced0f36d424_192.jpg",
            "image_original": "https:\/\/avatars.slack-edge.com\/2017-02-08\/139137068388_8edb68a13ced0f36d424_original.jpg",
            "fields": [],
            "real_name": "Maria Camila Remolina Guit\u00e9rrez",
            "real_name_normalized": "Maria Camila Remolina Guiterrez",
            "email": "mc.remolina197@uniandes.edu.co"
        },
        "is_admin": false,
        "is_owner": false,
        "is_primary_owner": false,
        "is_restricted": false,
        "is_ultra_restricted": false,
        "is_bot": false
    },
    {
        "id": "U3HHPGYFP",
        "team_id": "T23D2HSEA",
        "name": "meili",
        "deleted": false,
        "status": null,
        "color": "684b6c",
        "real_name": "Meili Vanegas",
        "tz": "America\/Bogota",
        "tz_label": "South America Pacific Standard Time",
        "tz_offset": -18000,
        "profile": {
            "first_name": "Meili",
            "last_name": "Vanegas",
            "avatar_hash": "g6d3b469c61f",
            "real_name": "Meili Vanegas",
            "real_name_normalized": "Meili Vanegas",
            "email": "m.vanegas10@uniandes.edu.co",
            "image_24": "https:\/\/secure.gravatar.com\/avatar\/6d3b469c61f5a6b1bb554fb82c5a6724.jpg?s=24&d=https%3A%2F%2Fa.slack-edge.com%2F66f9%2Fimg%2Favatars%2Fava_0002-24.png",
            "image_32": "https:\/\/secure.gravatar.com\/avatar\/6d3b469c61f5a6b1bb554fb82c5a6724.jpg?s=32&d=https%3A%2F%2Fa.slack-edge.com%2F0180%2Fimg%2Favatars%2Fava_0002-32.png",
            "image_48": "https:\/\/secure.gravatar.com\/avatar\/6d3b469c61f5a6b1bb554fb82c5a6724.jpg?s=48&d=https%3A%2F%2Fa.slack-edge.com%2F66f9%2Fimg%2Favatars%2Fava_0002-48.png",
            "image_72": "https:\/\/secure.gravatar.com\/avatar\/6d3b469c61f5a6b1bb554fb82c5a6724.jpg?s=72&d=https%3A%2F%2Fa.slack-edge.com%2F66f9%2Fimg%2Favatars%2Fava_0002-72.png",
            "image_192": "https:\/\/secure.gravatar.com\/avatar\/6d3b469c61f5a6b1bb554fb82c5a6724.jpg?s=192&d=https%3A%2F%2Fa.slack-edge.com%2F7fa9%2Fimg%2Favatars%2Fava_0002-192.png",
            "image_512": "https:\/\/secure.gravatar.com\/avatar\/6d3b469c61f5a6b1bb554fb82c5a6724.jpg?s=512&d=https%3A%2F%2Fa.slack-edge.com%2F7fa9%2Fimg%2Favatars%2Fava_0002-512.png",
            "fields": null
        },
        "is_admin": true,
        "is_owner": false,
        "is_primary_owner": false,
        "is_restricted": false,
        "is_ultra_restricted": false,
        "is_bot": false
    },
    {
        "id": "U3XSJ0AAJ",
        "team_id": "T23D2HSEA",
        "name": "romsearcher_ai",
        "deleted": false,
        "status": null,
        "color": "5b89d5",
        "real_name": "Felipe Otalora",
        "tz": "America\/Bogota",
        "tz_label": "South America Pacific Standard Time",
        "tz_offset": -18000,
        "profile": {
            "first_name": "Felipe",
            "last_name": "Otalora",
            "avatar_hash": "g5e94098c740",
            "real_name": "Felipe Otalora",
            "real_name_normalized": "Felipe Otalora",
            "email": "felipeotalora223@gmail.com",
            "image_24": "https:\/\/secure.gravatar.com\/avatar\/5e94098c7403439fd67a58a0017e02d1.jpg?s=24&d=https%3A%2F%2Fa.slack-edge.com%2F0180%2Fimg%2Favatars%2Fava_0017-24.png",
            "image_32": "https:\/\/secure.gravatar.com\/avatar\/5e94098c7403439fd67a58a0017e02d1.jpg?s=32&d=https%3A%2F%2Fa.slack-edge.com%2F66f9%2Fimg%2Favatars%2Fava_0017-32.png",
            "image_48": "https:\/\/secure.gravatar.com\/avatar\/5e94098c7403439fd67a58a0017e02d1.jpg?s=48&d=https%3A%2F%2Fa.slack-edge.com%2F66f9%2Fimg%2Favatars%2Fava_0017-48.png",
            "image_72": "https:\/\/secure.gravatar.com\/avatar\/5e94098c7403439fd67a58a0017e02d1.jpg?s=72&d=https%3A%2F%2Fa.slack-edge.com%2F66f9%2Fimg%2Favatars%2Fava_0017-72.png",
            "image_192": "https:\/\/secure.gravatar.com\/avatar\/5e94098c7403439fd67a58a0017e02d1.jpg?s=192&d=https%3A%2F%2Fa.slack-edge.com%2F7fa9%2Fimg%2Favatars%2Fava_0017-192.png",
            "image_512": "https:\/\/secure.gravatar.com\/avatar\/5e94098c7403439fd67a58a0017e02d1.jpg?s=512&d=https%3A%2F%2Fa.slack-edge.com%2F7fa9%2Fimg%2Favatars%2Fava_0017-512.png",
            "fields": null
        },
        "is_admin": true,
        "is_owner": false,
        "is_primary_owner": false,
        "is_restricted": false,
        "is_ultra_restricted": false,
        "is_bot": false
    },
    {
        "id": "U23DAGRHT",
        "team_id": "T23D2HSEA",
        "name": "scvalencia",
        "deleted": false,
        "status": null,
        "color": "4bbe2e",
        "real_name": "Sebasti\u00e1n Valencia",
        "tz": "America\/Bogota",
        "tz_label": "South America Pacific Standard Time",
        "tz_offset": -18000,
        "profile": {
            "first_name": "Sebasti\u00e1n",
            "last_name": "Valencia",
            "avatar_hash": "g0db43128bea",
            "real_name": "Sebasti\u00e1n Valencia",
            "real_name_normalized": "Sebastian Valencia",
            "email": "sc.valencia606@uniandes.edu.co",
            "image_24": "https:\/\/secure.gravatar.com\/avatar\/0db43128bea44541ece0df618c8e1c2d.jpg?s=24&d=https%3A%2F%2Fa.slack-edge.com%2F66f9%2Fimg%2Favatars%2Fava_0013-24.png",
            "image_32": "https:\/\/secure.gravatar.com\/avatar\/0db43128bea44541ece0df618c8e1c2d.jpg?s=32&d=https%3A%2F%2Fa.slack-edge.com%2F0180%2Fimg%2Favatars%2Fava_0013-32.png",
            "image_48": "https:\/\/secure.gravatar.com\/avatar\/0db43128bea44541ece0df618c8e1c2d.jpg?s=48&d=https%3A%2F%2Fa.slack-edge.com%2F66f9%2Fimg%2Favatars%2Fava_0013-48.png",
            "image_72": "https:\/\/secure.gravatar.com\/avatar\/0db43128bea44541ece0df618c8e1c2d.jpg?s=72&d=https%3A%2F%2Fa.slack-edge.com%2F66f9%2Fimg%2Favatars%2Fava_0013-72.png",
            "image_192": "https:\/\/secure.gravatar.com\/avatar\/0db43128bea44541ece0df618c8e1c2d.jpg?s=192&d=https%3A%2F%2Fa.slack-edge.com%2F7fa9%2Fimg%2Favatars%2Fava_0013-192.png",
            "image_512": "https:\/\/secure.gravatar.com\/avatar\/0db43128bea44541ece0df618c8e1c2d.jpg?s=512&d=https%3A%2F%2Fa.slack-edge.com%2F7fa9%2Fimg%2Favatars%2Fava_0013-512.png",
            "fields": null
        },
        "is_admin": true,
        "is_owner": false,
        "is_primary_owner": false,
        "is_restricted": false,
        "is_ultra_restricted": false,
        "is_bot": false
    }
]