[
    {
        "user": "U23DAGRHT",
        "text": "<@U23DAGRHT|scvalencia> has joined the channel",
        "type": "message",
        "subtype": "channel_join",
        "ts": "1483384916.000002"
    },
    {
        "user": "U23DZ7FHV",
        "inviter": "U23DAGRHT",
        "text": "<@U23DZ7FHV|diegoalejogm> has joined the channel",
        "type": "message",
        "subtype": "channel_join",
        "ts": "1483384917.000003"
    },
    {
        "user": "U23D2HSJ2",
        "inviter": "U23DAGRHT",
        "text": "<@U23D2HSJ2|andfoy> has joined the channel",
        "type": "message",
        "subtype": "channel_join",
        "ts": "1483384917.000004"
    },
    {
        "user": "U23D3AF8E",
        "inviter": "U23DAGRHT",
        "text": "<@U23D3AF8E|cgarciah> has joined the channel",
        "type": "message",
        "subtype": "channel_join",
        "ts": "1483384917.000005"
    },
    {
        "user": "U3HHPGYFP",
        "inviter": "U23DAGRHT",
        "text": "<@U3HHPGYFP|meili> has joined the channel",
        "type": "message",
        "subtype": "channel_join",
        "ts": "1483384917.000006"
    },
    {
        "user": "U248PK4UB",
        "inviter": "U23DAGRHT",
        "text": "<@U248PK4UB|diegomontoyas> has joined the channel",
        "type": "message",
        "subtype": "channel_join",
        "ts": "1483384917.000007"
    },
    {
        "user": "U23E6TXLN",
        "inviter": "U23DAGRHT",
        "text": "<@U23E6TXLN|jcbages> has joined the channel",
        "type": "message",
        "subtype": "channel_join",
        "ts": "1483384917.000008"
    },
    {
        "user": "U273A3E21",
        "inviter": "U23DAGRHT",
        "text": "<@U273A3E21|estebanvargas> has joined the channel",
        "type": "message",
        "subtype": "channel_join",
        "ts": "1483384917.000009"
    },
    {
        "type": "message",
        "user": "U23DAGRHT",
        "text": "<http:\/\/ai.stanford.edu\/~nilsson\/QAI\/qai.pdf>",
        "ts": "1483384926.000010"
    },
    {
        "type": "message",
        "user": "U23DAGRHT",
        "text": "Un libro sobre la historia de AI escrito por uno de los pioneros del campo",
        "ts": "1483384957.000011"
    }
]