[
    {
        "user": "U3X9A71NX",
        "inviter": "U23DZ7FHV",
        "text": "<@U3X9A71NX|claudiabm777> has joined the channel",
        "type": "message",
        "subtype": "channel_join",
        "ts": "1486575516.000002"
    },
    {
        "user": "U3XSJ0AAJ",
        "inviter": "U23DZ7FHV",
        "text": "<@U3XSJ0AAJ|romsearcher_ai> has joined the channel",
        "type": "message",
        "subtype": "channel_join",
        "ts": "1486575516.000003"
    },
    {
        "user": "U3Y1DECNN",
        "inviter": "U23DZ7FHV",
        "text": "<@U3Y1DECNN|andfoy2> has joined the channel",
        "type": "message",
        "subtype": "channel_join",
        "ts": "1486575516.000004"
    },
    {
        "type": "message",
        "user": "U23DAGRHT",
        "text": "<https:\/\/www.manning.com\/books\/deep-learning-with-python>",
        "attachments": [
            {
                "title": "Deep Learning with Python",
                "title_link": "https:\/\/www.manning.com\/books\/deep-learning-with-python",
                "fallback": "Deep Learning with Python",
                "image_url": "https:\/\/images.manning.com\/100\/125\/resize\/book\/d\/c49da40-6f76-4f23-8df5-ceabe32fd66b\/Chollet-DLP-MEAP-HI.png",
                "from_url": "https:\/\/www.manning.com\/books\/deep-learning-with-python",
                "image_width": 100,
                "image_height": 125,
                "image_bytes": 6431,
                "service_icon": "https:\/\/images.manning.com\/152\/152\/crop\/book\/d\/c49da40-6f76-4f23-8df5-ceabe32fd66b\/Chollet-DLP-MEAP-HI.png",
                "service_name": "Deep Learning with Python",
                "id": 1
            }
        ],
        "ts": "1486585596.000005"
    },
    {
        "type": "message",
        "user": "U23DAGRHT",
        "text": "<https:\/\/www.manning.com\/books\/grokking-deep-learning>",
        "attachments": [
            {
                "title": "Grokking Deep Learning",
                "title_link": "https:\/\/www.manning.com\/books\/grokking-deep-learning",
                "fallback": "Grokking Deep Learning",
                "image_url": "https:\/\/images.manning.com\/100\/125\/resize\/book\/a\/2b99d49-847e-488c-ba6f-c919e0acb34e\/Trask_GDL_hires.png",
                "from_url": "https:\/\/www.manning.com\/books\/grokking-deep-learning",
                "image_width": 100,
                "image_height": 125,
                "image_bytes": 7804,
                "service_icon": "https:\/\/images.manning.com\/152\/152\/crop\/book\/a\/2b99d49-847e-488c-ba6f-c919e0acb34e\/Trask_GDL_hires.png",
                "service_name": "Grokking Deep Learning",
                "id": 1
            }
        ],
        "ts": "1486585602.000007"
    },
    {
        "type": "message",
        "user": "U23DAGRHT",
        "text": "<https:\/\/www.manning.com\/books\/machine-learning-with-tensorflow>",
        "attachments": [
            {
                "title": "Machine Learning with TensorFlow",
                "title_link": "https:\/\/www.manning.com\/books\/machine-learning-with-tensorflow",
                "fallback": "Machine Learning with TensorFlow",
                "image_url": "https:\/\/images.manning.com\/100\/125\/resize\/book\/a\/3b86e91-a85c-4134-ad25-df57d68f34d1\/Shukla-MLTF-MEAP-HI.png",
                "from_url": "https:\/\/www.manning.com\/books\/machine-learning-with-tensorflow",
                "image_width": 100,
                "image_height": 125,
                "image_bytes": 6316,
                "service_icon": "https:\/\/images.manning.com\/152\/152\/crop\/book\/a\/3b86e91-a85c-4134-ad25-df57d68f34d1\/Shukla-MLTF-MEAP-HI.png",
                "service_name": "Machine Learning with TensorFlow",
                "id": 1
            }
        ],
        "ts": "1486585612.000009"
    },
    {
        "type": "message",
        "user": "U23DAGRHT",
        "text": "<https:\/\/qz.com\/698334\/bill-gates-says-these-are-the-two-books-we-should-all-read-to-understand-ai\/>",
        "attachments": [
            {
                "service_name": "Quartz",
                "service_url": "http:\/\/qz.com",
                "title": "Bill Gates says these are the two books we should all read to understand AI",
                "title_link": "https:\/\/qz.com\/698334\/bill-gates-says-these-are-the-two-books-we-should-all-read-to-understand-ai\/",
                "author_name": "Thu-Huong Ha",
                "author_link": "https:\/\/qz.com\/author\/thaqz\/",
                "thumb_url": "https:\/\/i0.wp.com\/qzprod.files.wordpress.com\/2016\/06\/ap_110728048908-e1464907116274.jpg?fit=200%2C150&quality=80&strip=all&ssl=1",
                "thumb_width": 200,
                "thumb_height": 113,
                "text": "The tech world&rsquo;s book-nerd-in-chief wants you to add two books to your list of summer science reads. To get up to speed on artificial intelligence, Microsoft cofounder and philanthropist Bill Gates recommends Nick Bostrom&rsquo;s Superintelligence and Pedro Domingos&rsquo;s The Master Algorithm.\nGates never misses an opportunity to plug books he likes, and yesterday (June 1) at Code Conference he took a detour from his and Melinda Gates&rsquo;s talk of philanthropy to recommend these two titles.\n&ldquo;Certainly it&rsquo;s the most exciting thing going on,&rdquo; he said of artificial intelligence. &ldquo;It&rsquo;s the holy grail, it&rsquo;s the big dream that anybody who&rsquo;s ever been in computer science has been thinking about.&rdquo;\nHis wife confirmed that he&rsquo;s has been focusing on AI. &ldquo;I can always tell what&rsquo;s on his mind by what&rsquo;s in his bag of books,&rdquo; said Melinda Gates. &ldquo;And there have been a lot of AI books.&rdquo;\n (Courtesy Basic Books)Domingos&rsquo;s book, released last year by Basic Books, is an introduction to machine learning&mdash;&rdquo;the scientific method on steroids&rdquo;&mdash;and how it relates to everyday life. What we&rsquo;re really searching for with all this AI tech, argues Domingos, is an ultimate &ldquo;master&rdquo; algorithm. He writes: &ldquo;If it exists, the Master Algorithm can derive all knowledge in the world&mdash;past, present, and future&mdash;from data. Inventing it would be one of the greatest advances in the history of science.&rdquo;\nBostrom&rsquo;s book has been much buzzed about since its 2014 release by Oxford University Press. Here&rsquo;s a talk he gave at Google in 2014:\n\nAfter reading Superintelligence, Elon Musk tweeted that he echoed Bostrom&rsquo;s concerns over a world in which machine brains surpassed human intelligence. The following year the tech giant wrote an open letter expressing this concern to AI researchers, signed by Bostrom, Stephen Hawking, and dozens of others. Though Gates has not signed the letter, he has publicly agreed with Musk that super-intelligent machines are a cause for concern.",
                "fallback": "Quartz Link: Bill Gates says these are the two books we should all read to understand AI",
                "from_url": "https:\/\/qz.com\/698334\/bill-gates-says-these-are-the-two-books-we-should-all-read-to-understand-ai\/",
                "service_icon": "https:\/\/app.qz.com\/img\/icons\/touch_144.png",
                "id": 1
            }
        ],
        "ts": "1486586307.000011"
    },
    {
        "type": "message",
        "user": "U23DAGRHT",
        "text": "Several books on AI\/ML\/NLP",
        "ts": "1486586321.000013"
    },
    {
        "type": "message",
        "user": "U23DAGRHT",
        "text": "<http:\/\/alumni.media.mit.edu\/~jorkin\/aibooks.html>",
        "ts": "1486586322.000014"
    },
    {
        "type": "message",
        "user": "U23DAGRHT",
        "text": "<http:\/\/shop.oreilly.com\/product\/0636920052289.do>",
        "attachments": [
            {
                "title": "Hands-On Machine Learning with Scikit-Learn and TensorFlow",
                "title_link": "http:\/\/shop.oreilly.com\/product\/0636920052289.do",
                "text": "A series of Deep Learning breakthroughs have boosted the whole field of machine learning over the last decade. Now that machine learning is thriving, even programmers who know close to nothing abou...",
                "fallback": "Hands-On Machine Learning with Scikit-Learn and TensorFlow",
                "thumb_url": "http:\/\/covers.oreilly.com\/images\/0636920052289\/rc_bkt.gif",
                "from_url": "http:\/\/shop.oreilly.com\/product\/0636920052289.do",
                "thumb_width": 85,
                "thumb_height": 112,
                "service_icon": "http:\/\/shop.oreilly.com\/images\/oreilly\/en_us\/shop_favicon_16x16.ico",
                "service_name": "shop.oreilly.com",
                "id": 1
            }
        ],
        "ts": "1486586372.000015"
    },
    {
        "type": "message",
        "user": "U23DAGRHT",
        "text": "<http:\/\/shop.oreilly.com\/product\/9781784396589.do>",
        "attachments": [
            {
                "title": "Machine Learning in Java",
                "title_link": "http:\/\/shop.oreilly.com\/product\/9781784396589.do",
                "text": "Design, build, and deploy your own machine learning applications by leveraging key Java machine learning libraries About This Book Develop a sound strategy to solve predictive modelling problems ...",
                "fallback": "Machine Learning in Java",
                "thumb_url": "http:\/\/covers.oreilly.com\/images\/9781784396589\/bkt.gif",
                "from_url": "http:\/\/shop.oreilly.com\/product\/9781784396589.do",
                "thumb_width": 85,
                "thumb_height": 106,
                "service_icon": "http:\/\/shop.oreilly.com\/images\/oreilly\/en_us\/shop_favicon_16x16.ico",
                "service_name": "shop.oreilly.com",
                "id": 1
            }
        ],
        "ts": "1486586395.000017"
    }
]