[
    {
        "type": "message",
        "user": "U23DAGRHT",
        "text": "<http:\/\/www.labri.fr\/perso\/nrougier\/from-python-to-numpy\/>",
        "ts": "1483535479.000002"
    },
    {
        "type": "message",
        "user": "U23E6TXLN",
        "text": "<http:\/\/neuralnetworksanddeeplearning.com\/Introducci\u00f3n> a implementar redes neuronales y deep learning",
        "ts": "1483566379.000002"
    },
    {
        "type": "message",
        "user": "U23E6TXLN",
        "text": "<http:\/\/neuralnetworksanddeeplearning.com\/>",
        "ts": "1483566383.000003"
    },
    {
        "type": "message",
        "user": "U23E6TXLN",
        "text": "<http:\/\/www.deeplearningbook.org\/>\nThe Deep Learning Book :slightly_smiling_face:",
        "ts": "1483566408.000004"
    }
]